52321
52459
52981
53017
53329
54221
54479
54653
54799
54883
54923
55171
55411
56059
56063
56179
56311
56633
57353
57503
57809
58813
58853
58943
59671
59837
59897
60223
60661
60839
61099
61585
61613
61763
61819
61879
61913
62081
62509
62513
63259
63503
63863
63883
64283
64529
64643
64727
65071
65153
65357
65423
65461
65903
65993
66001
66199
66307
66383
66769
66827
66889
66901
67079
67247
67289
68003
68119
68189
68333
68401
68791
68821
69073
69271
69341
69439
69499
70687
70733
71093
71191
71209
71363
71609
72001
72053
72181
72287
72563
72799
72841
72983
73097
73153
73159
73217
73789
73799
74243
74471
74783
74959
74963
74969
74975
75059
75113
75115
75409
75481
75743
75799
75833
75893
76003
76009
76061
76163
76169
76171
76181
76441
76697
76969
77389
77573
77783
78061
78443
78517
78667
78809
79009
79043
79159
79259
79319
79463
79703
79711
80117
80153
80291
80513
80567
81143
81209
81241
81257
81379
81421
81577
81817
81953
81979
81983
82081
82115
82193
82279
82661
82681
82813
82823
82913
82921
83123
83137
83149
83159
83183
83243
83311
83723
83737
84269
84271
84593
84925
85163
85171
85487
85553
85733
85933
85951
86269
86273
86423
86543
86603
86633
86693
86753
86783
87341
87407
87443
87589
87593
87767
88019
88043
88129
88189
88339
88357
88441
88621
88667
88687
88693
88771
89153
89213
89573
89701
89717
89939
90031
90173
90299
90319
90439
90451
90481
90563
90731
90761
90803
90863
90917
91037
91163
91261
91331
91547
91601
91603
92273
92489
92507
92599
93211
93337
93349
93443
93563
93649
93665
93719
93791
93949
94013
94351
94489
94583
94657
94853
94859
95027
95045
95243
95651
95821
95833
96023
96059
96079
96107
96233
96533
96563
96617
96619
96713
96917
97261
97343
97471
97583
97693
97789
97793
97891
97901
97943
98023
98183
98231
98579
99151
99203
99413
99439
99733
99931
100111
100223
100253
100561
100591
100627
100711
100859
101221
101239
101293
101363
101429
101513
101749
101813
101843
102121
102163
102367
102463
102593
102715
102883
103099
103123
103183
103237
103249
103253
103267
103373
103591
103787
103847
104209
104417
104491
104597
104605
104803
105001
105449
105473
105571
105577
105583
105713
105773
105781
106039
106063
106397
106543
106561
106601
106831
106877
106997
107183
107383
107399
107413
107483
107797
107927
107957
108143
108359
108383
108463
108475
108659
108769
109279
109523
109621
109673
109771
109919
109961
110089
110207
110291
110371
110507
110543
110659
110711
110881
111001
111067
111149
111161
111173
111271
111347
111409
111443
111467
111473
111541
111683
111923
111931
111979
112429
112459
112463
112669
112699
113063
113423
113453
113471
113599
113633
113663
113731
113851
113863
114143
114173
114619
114721
114799
114863
114865
114913
114943
114979
115031
115039
115043
115223
115369
116393
116423
116513
116611
116639
116693
116749
116867
116993
117053
117167
117457
117599
117619
117623
117991
118277
118373
118549
118639
118765
118933
118943
118985
119269
119323
119389
119851
119903
120049
120247
120253
120301
120623
120947
120979
120983
121085
121097
121099
121193
121237
121381
121385
121469
121639
121937
122117
122153
122281
122303
122401
122407
122419
122513
122627
122671
122723
122869
123091
123293
123527
123601
123743
123763
123835
123869
124027
124031
124037
124249
124387
124403
124409
124577
124823
124853
124867
125033
125149
125273
125453
125753
125839
125971
126109
126151
126155
126173
126257
126277
126367
126523
126719
126799
126863
126923
126991
127003
127081
127301
127459
127507
127783
127883
127999
128033
128071
128077
128351
128491
128573
128723
128837
128885
129061
129233
129263
129383
129419
129473
129559
129803
129817
129859
130007
130289
130313
130381
130711
130741
130883
130897
130927
131153
131231
131269
131273
131381
131519
131971
132023
132071
132079
132179
132203
132211
132347
132473
132547
132589
132763
132773
132775
132863
132893
132991
133051
133223
133421
133451
133499
133733
133751
133853
133883
133921
134489
134531
134537
134929
134933
134971
135029
135257
135541
135545
135743
135803
135953
135955
135995
136013
136111
136583
136621
136631
136657
136897
137009
137011
137047
137251
137281
137303
137519
137539
137639
137807
137957
138083
138211
138253
138349
138409
138689
138691
138983
139033
139201
139217
139511
139765
139817
139847
140009
140017
140027
140083
140123
140383
140491
140501
140573
140689
140963
141023
141133
141325
141421
141425
141443
141511
141557
141811
141889
141973
142069
142073
142133
142193
142247
142277
142297
142507
142627
142841
142873
142925
143003
143017
143123
143141
143203
143213
143221
143267
143333
143359
143365
143837
144077
144181
144203
144413
144461
144541
144629
144803
144859
144863
145073
145141
145147
145159
145193
145399
145555
145609
145723
145879
145883
145907
146123
146143
146147
146177
146249
146323
146423
146459
146483
146563
146621
146723
146725
146783
146897
147241
147353
147467
147503
147587
147743
147829
147907
147923
147983
148039
148103
148207
148283
148483
148609
148639
148697
148831
148891
148997
149123
149183
149579
149603
149651
149689
149843
150017
150109
150173
150413
150473
150629
150637
150659
150677
150809
150833
150937
151057
151103
151171
151213
151259
151303
151309
151399
151433
151579
151583
151703
151741
151745
151747
151853
152041
152267
152269
152323
152327
152339
152473
152479
152483
152657
152693
152857
153037
153163
153169
153221
153229
153323
153563
153571
153589
153649
153661
153791
153797
153799
153841
153961
153967
153971
154097
154163
154187
154249
154387
154645
154849
154853
154903
154943
155033
155423
155633
155671
155759
155869
155893
155933
155953
155965
155969
155993
156175
156187
156271
156391
156397
156497
156553
156739
156757
156859
156913
156919
157067
157141
157439
157591
157649
157853
157913
157921
157951
157957
157969
158089
158209
158279
158303
158371
158429
158537
159079
159143
159239
159263
159407
159443
159473
159503
159589
159631
159877
159917
160093
160141
160217
160283
160291
160427
160463
160513
160523
160907
161429
161431
161663
161683
161687
162019
162061
162169
162181
162233
162301
162317
162479
162533
162653
162799
162803
162863
162919
163433
163489
163523
163547
163699
163705
163823
163937
163951
164153
164155
164393
164537
164791
164911
164933
164963
165023
165059
165103
165107
165133
165233
165403
165481
165619
165673
165683
165721
165727
165731
165833
165857
165863
165901
165907
165911
165985
166189
166219
166519
166703
166741
166745
166879
167119
167123
167177
167231
167273
167347
167353
167449
167497
167507
167551
167555
167597
167687
167689
167833
167839
167987
168049
168113
168169
168233
168541
168559
168575
168649
169553
169867
170033
170063
170299
170393
170453
170813
170927
171133
171307
171349
171359
171719
171829
171833
172055
172099
172127
172133
172157
172199
172381
172885
172907
172937
172939
173099
173107
173113
173153
173273
173297
173309
173311
173317
173377
173443
173509
173581
173599
173753
173759
173933
173993
174023
174103
174223
174263
174347
174499
174509
174541
174707
174803
174859
175187
175309
175411
175501
175547
175583
175739
175793
176027
176063
176129
176131
176135
176303
176663
176717
176719
176753
176821
176873
176903
176989
176993
177023
177053
177143
177181
177257
177323
177383
177443
177553
177601
177709
177743
177773
177845
177859
178001
178069
178169
178187
178193
178271
178657
178663
178667
178711
179059
179185
179411
179603
179611
179719
179849
179863
180053
180109
180191
180197
180473
180581
180593
180829
180887
180893
180911
180923
180973
180983
181067
181097
181123
181127
181283
181319
181471
181789
181819
181837
181841
182261
182311
182365
182393
182453
182603
182753
182755
182933
183071
183097
183157
183167
183173
183203
183209
183263
183401
183533
183593
183647
183661
183721
183763
183833
183835
183923
184217
184291
184373
184381
184523
184583
184753
184793
184801
184925
184931
185197
185335
185371
185383
185407
185623
185753
185771
185851
185855
185933
185993
186049
186073
186121
186319
186451
186485
186497
186517
186811
186893
186929
186965
187141
187193
187237
187247
187249
187309
187441
187483
187489
187603
187673
188033
188047
188059
188065
188201
188537
188663
188731
188753
188957
189019
189073
189271
189281
189287
189319
189323
189443
189773
189997
190037
190069
190103
190129
190133
190163
190187
190189
190429
190441
190453
190477
190483
191101
191123
191143
191189
191209
191251
191257
191359
191363
191369
191419
191603
191633
192071
192103
192197
192203
192557
192697
192931
193093
193097
193111
193163
193203
193219
193223
193247
193307
193339
193523
193577
193621
193681
194153
194209
194281
194333
194353
194387
194395
194413
194449
194507
194611
194629
194783
194843
195005
195163
195169
195175
195205
195293
195413
195443
195543
195563
195607
195619
195641
195763
195833
195841
195949
196003
196087
196121
196141
196207
196211
196309
196339
196393
196561
196621
197039
197045
197063
197123
197453
197461
197479
197507
197521
197933
197975
197977
198017
198047
198049
198263
198283
198287
198377
198503
198511
198515
198533
198571
198613
198901
198977
199051
199063
199133
199153
199159
199163
199193
199271
199457
199505
199529
199859
199933
199973
200117
200131
200203
200239
200273
200407
200549
200813
200941
200989
201049
201053
201073
201121
201211
201263
201287
201307
201341
201359
201413
201473
201631
201673
201709
201713
201743
201923
202007
202067
202069
202139
202201
202243
202427
202441
202447
202493
202499
202639
202679
202823
202907
203059
203069
203083
203089
203117
203159
203393
203483
203497
203501
203509
203695
203923
203927
203929
203933
204077
204199
204211
204215
204259
204641
204689
205187
205463
205559
205633
205663
205789
205891
205913
206087
206101
206125
206309
206327
206389
206573
206671
206707
206717
206723
206831
206843
207151
207343
207349
207523
207593
207689
207691
207721
207901
207953
208169
208189
208319
208531
208637
208739
208807
208909
208963
208969
209003
209159
209477
209753
209771
209873
209897
209941
210083
210211
210299
210499
210557
210577
210883
210979
210989
211103
211157
211247
211351
211403
211513
211601
211643
211693
211819
211837
211909
211999
212005
212009
212011
212063
212243
212263
212423
212479
212483
212701
212731
212933
213047
213151
213293
213407
213413
213497
213563
213569
213659
213661
213679
213761
213773
213863
213929
214261
214283
214589
214891
214895
214949
214993
215003
215021
215027
215063
215221
215279
215417
215507
215543
215573
215591
215593
215603
215623
215779
215783
215869
216187
216379
216451
216457
216467
216523
216683
216803
216977
217003
217009
217013
217081
217127
217171
217339
217631
217643
217801
217859
218003
218033
218089
218171
218257
218303
218327
218461
218491
218761
218783
218903
219119
219169
219193
219199
219253
219323
219413
219473
219811
219985
220033
220037
220063
220067
220079
220103
220225
220229
220259
220433
220595
220639
220813
220973
220975
220981
220999
221003
221135
221183
221341
221519
221603
221629
221633
221693
221873
221923
221969
222077
222179
222209
222223
222437
222443
222473
222559
222665
222679
222731
222733
222739
222743
222751
222803
222863
222893
222953
223073
223159
223385
223445
223723
223761
223789
223801
223859
223949
223981
224071
224075
224329
224375
224473
224531
224771
224869
224929
224999
225023
225121
225181
225187
225413
225431
225437
225533
225545
225647
225785
226013
226141
226247
226343
226433
226463
226553
226583
226853
226877
226879
226913
226969
227027
227053
227059
227303
227309
227333
227743
227749
227761
227923
227993
228151
228161
228365
228541
228563
228689
228799
228803
228887
228961
229009
229013
229051
229351
229433
229853
229981
230003
230369
230407
230481
230573
230693
230911
230941
231067
231169
231173
231247
231391
231571
231841
231923
231977
231979
232021
232031
232277
232283
232309
232391
232499
232549
232607
232681
232781
232823
232943
232967
232973
232999
233119
233183
233209
233303
233389
233393
233423
233491
233513
233515
233699
233717
233719
233723
233759
233789
233791
233809
233861
233881
233887
234007
234047
234239
234295
234361
234383
234391
234433
234439
234683
234811
235013
235021
235127
235181
235247
235255
235373
235643
235681
235769
235823
236003
236093
236153
236171
236239
236267
236299
236303
236339
236341
236431
236527
236549
236627
236813
236843
236917
236923
237077
237091
237103
237113
237257
237343
237379
237409
237413
237443
237509
237533
237647
237649
237713
237911
237931
238271
238397
238553
238859
238883
238949
238973
238993
239003
239027
239101
239119
239207
239213
239273
239299
239567
239713
239753
239759
239911
240113
240173
240209
240221
240293
240323
240521
240527
240533
240553
240683
240709
240743
240901
240917
240919
240923
241183
241273
241343
241369
241403
241469
241471
241517
241567
241613
241739
241757
241883
242021
242101
242177
242201
242203
242279
242281
242357
242423
242827
242897
242941
242971
243031
243179
243263
243271
243289
243313
243317
243325
243329
243353
243367
243403
243407
243649
243709
243713
243731
243751
244033
244057
244063
244067
244069
244073
244177
244219
244229
244319
244493
244649
244793
244823
244943
244963
245003
245087
245183
245185
245303
245321
245341
245359
245483
245533
245569
245573
245657
245803
245927
246019
246031
246053
246061
246083
246101
246223
246289
246377
246403
246421
246539
246617
246647
246661
246839
246853
246871
246979
247013
247039
247043
247099
247109
247141
247147
247163
247343
247487
247505
247943
248099
248207
248243
248323
248407
248411
248483
248513
248761
248909
248947
248987
248989
249113
249293
249349
249449
249541
249565
249629
249679
249707
249833
249881
249923
250127
250171
250213
250229
250309
250313
250315
250343
250451
250507
250529
250547
250549
250583
250591
250621
250891
250897
250921
251003
251243
251323
251567
251663
251707
251737
251743
251761
251983
252047
252053
252103
252233
252239
252293
252589
252691
252737
252739
252773
252841
252923
252989
253063
253111
253133
253139
253177
253247
253273
253507
253517
253583
253613
253681
253823
253831
253853
253969
254095
254099
254101
254123
254161
254183
254231
254333
254347
254419
254461
254467
254539
254567
254579
254671
254687
254803
254843
254941
255053
255263
255289
255295
255299
255421
255529
255683
255691
255713
255719
255721
255773
255781
255803
255821
255889
255947
255991
256133
256219
256283
256315
256441
256625
256663
256723
256777
256831
256847
256853
256909
256913
256943
257017
257141
257201
257357
257371
257407
257423
257459
257519
257567
257731
257797
257843
257927
258001
258079
258143
258173
258259
258263
258299
258451
258469
258593
258749
258923
258925
258929
259019
259033
259039
259129
259291
259351
259459
259517
259559
259753
259787
259849
259853
259909
259969
260027
260123
260213
260249
260369
260423
260551
260693
260761
260827
260893
261127
261141
261281
261409
261469
261487
261601
261739
261773
261799
261805
261893
261931
262007
262231
262279
262433
262435
262439
262523
262607
262657
262835
262859
262883
262957
262963
263027
263029
263243
263273
263339
263447
263539
263683
263993
264031
264113
264185
264193
264223
264227
264245
264443
264601
264661
264673
264847
264935
264977
265007
265037
265039
265103
265361
265403
265433
265513
265583
265621
265633
265643
265655
265661
265663
265667
265669
265681
265757
265763
265789
265901
265907
265921
265967
266059
266191
266243
266381
266419
266423
266503
266507
266527
266605
266723
266809
266957
267049
267053
267055
267113
267233
267323
267451
267497
267691
267965
267983
268103
268153
268223
268307
268315
268357
268361
268381
268385
268463
268549
268583
268589
268643
268673
268703
268843
268847
268883
268999
269089
269093
269099
269239
269261
269293
269303
269393
269479
269485
269491
269579
269623
269627
269663
269665
269797
269801
269851
269857
269959
270169
270349
270383
270469
270563
270601
270619
270719
270799
271141
271289
271291
271309
271367
271369
271411
271517
271519
271657
271703
271729
271733
271787
271981
272059
272065
272069
272071
272101
272105
272149
272209
272273
272299
272483
272509
272621
272699
272719
272737
272789
272821
272843
273209
273211
273215
273289
273367
273373
273433
273443
273473
273533
273661
273743
273863
274033
274129
274319
274379
274385
274457
274529
274531
274553
274591
274627
274631
274643
274763
274787
274889
274973
275003
275063
275095
275099
275101
275299
275371
275401
275423
275551
275839
276019
276151
276403
276533
276599
276743
277073
277187
277189
277333
277343
277379
277393
277441
277453
277663
277703
277727
277799
277829
277861
277919
277921
277943
277979
278003
278243
278279
278293
278419
278423
278441
278503
278513
278519
278567
278651
278767
278771
278849
278921
278957
278963
279029
279049
279091
279143
279149
279229
279233
279251
279277
279287
279317
279361
279373
279523
279623
279733
279827
279889
279893
279899
279953
280141
280255
280259
280355
280391
280463
280561
280645
281003
281033
281087
281131
281389
281401
281431
281437
281447
281449
281467
281483
281489
281491
281513
281893
281899
281903
281933
282019
282023
282031
282071
282107
282143
282187
282259
282467
282529
282533
282541
282643
282743
282773
282775
282923
283013
283193
283217
283231
283303
283349
283463
283609
283651
283721
283741
283771
283837
283883
284023
284059
284063
284131
284209
284243
284429
284449
284599
284663
284783
284899
284939
284989
285203
285229
285257
285349
285353
285397
285473
285647
285679
285841
285847
285857
285959
286021
286023
286025
286073
286081
286103
286111
286129
286133
286181
286223
286253
286313
286319
286333
286397
286439
286499
286591
286637
286673
286711
286817
286837
286891
286907
286933
286943
287353
287395
287401
287453
287519
287633
287713
287887
287893
287903
287941
287957
287987
288031
288091
288157
288161
288227
288263
288439
288467
288503
288601
288611
288623
288697
288737
288781
288803
288877
288889
288953
289049
289195
289223
289259
289403
289477
289493
289589
289609
289679
289693
289741
289801
289915
290065
290089
290123
290251
290281
290287
290293
290297
290333
290573
290597
290629
290635
290903
290927
291121
291143
291307
291377
291383
291391
291443
291569
291581
291589
291701
291761
291839
291901
291937
291997
292189
292205
292253
292273
292283
292321
292399
292643
292759
292819
292853
292879
292883
292891
293047
293179
293291
293359
293369
293371
293417
293483
293509
293521
293543
293569
293581
293683
293687
293777
293807
293809
293843
293905
294077
294079
294323
294353
294361
294409
294509
294533
294583
294677
294707
294733
294839
294841
294923
295055
295087
295129
295295
295321
295343
295363
295373
295391
295475
295487
295493
295577
295609
295613
295669
295729
295741
295795
295801
295915
295997
296041
296161
296303
296317
296329
296453
296489
296533
296593
296597
296609
296627
296783
296843
296879
296911
296989
297005
297113
297197
297203
297209
297211
297265
297299
297323
297331
297337
297547
297661
297743
297863
297931
298049
298063
298247
298289
298313
298351
298355
298433
298483
298493
298499
298523
298535
298607
298897
298943
298951
299113
299153
299281
299419
299423
299573
299623
299731
299809
299819
299911
300023
300053
300089
300167
300277
300443
300515
300517
300521
300691
300901
300983
301079
301193
301363
301409
301433
301601
301711
301723
301771
302023
302069
302089
302143
302329
302333
302339
302341
302345
302347
302353
302483
302485
302521
302611
302633
302689
302807
303161
303731
303841
303871
303983
304099
304103
304231
304307
304397
304583
304673
304849
304909
304913
304951
304981
304999
305071
305449
305453
305497
305503
305507
305665
305681
305723
305891
305971
305981
306023
306389
306437
306589
306593
306605
306613
306713
306953
306973
306991
307129
307201
307289
307319
307339
307343
307451
307483
307549
307555
307651
307697
307733
307735
307739
307771
307777
307873
307919
307949
308173
308177
308183
308191
308225
308333
308341
308363
308449
308573
308621
308663
308747
308773
308827
308831
308857
308899
308971
309137
309223
309293
309403
309481
309541
309601
309713
309739
309827
309859
309881
309901
309937
309949
309997
310093
310147
310187
310193
310195
310201
310237
310337
310403
310405
310511
310517
310603
310607
310609
310667
310847
310949
310951
311041
311051
311063
311155
311159
311237
311255
311257
311479
311491
311497
311507
311513
311515
311569
311629
311749
311765
311807
311833
311903
311921
311993
312131
312143
312293
312317
312529
312623
312659
312811
312863
312949
312953
312989
313051
313063
313091
313183
313417
313441
313493
313523
313529
313741
313795
313805
313855
314033
314093
314299
314303
314363
314467
314603
314627
314663
314665
314779
314783
314813
314881
314933
314959
314963
315013
315023
315181
315203
315223
315283
315289
315331
315379
315493
315529
315533
315649
315703
315713
315781
315811
315911
315917
315923
315977
316009
316223
316303
316321
316403
316517
316703
316823
316865
316937
316961
316969
317033
317089
317233
317239
317281
317377
317381
317519
317539
317563
317621
317671
317747
317753
317797
317843
317867
317869
317927
317929
318023
318053
318089
318109
318349
318383
318443
318473
318485
318529
318601
318715
318763
318863
318889
318979
319133
319261
319265
319613
319703
319763
319853
319861
319901
319939
320167
320249
320273
320339
320351
320431
320453
320491
320495
320539
320591
320629
320633
320669
320713
320741
320773
320791
320959
320971
320993
321091
321263
321341
321383
321473
321491
321509
321527
321689
321803
321851
322195
322279
322369
322649
322651
322669
322691
322709
322789
322793
322823
322825
322877
322901
322969
323281
323341
323449
323513
323627
323657
323659
323665
323729
323749
323849
323881
324259
324271
324343
324539
324563
324565
324595
324619
324817
324851
324875
324953
325097
325133
325231
325249
325253
325387
325463
325487
325523
325547
325643
325729
325733
325789
325819
326177
326233
326279
326323
326329
326371
326383
326389
326401
326419
326423
326449
326509
326519
326633
326707
326717
326723
326783
326789
326807
326813
327041
327083
327109
327181
327217
327347
327605
328073
328135
328141
328147
328151
328183
328217
328307
328343
328439
328441
328519
328523
328669
328729
328739
328763
328793
328861
328933
328991
329029
329123
329509
329557
329561
329563
329569
329603
329807
329821
329825
329899
329921
329999
330073
330083
330169
330175
330181
330251
330361
330389
330449
330473
330475
330509
330511
330535
330587
330623
330661
330737
330859
330943
330961
331043
331193
331217
331283
331427
331429
331433
331589
331651
331673
331711
331853
332011
332071
332121
332161
332221
332233
332273
332323
332329
332333
332341
332351
332369
332419
332447
332519
332525
332527
332533
332581
332593
332623
332669
332711
332933
332959
332995
333001
333053
333083
333299
333457
333563
333593
333737
333881
334079
334099
334267
334297
334429
334451
334513
334519
334523
334583
334727
334729
334801
334813
334819
334903
334909
334943
335093
335135
335177
335183
335299
335303
335323
335357
335459
335477
335539
335591
335695
335773
335857
335879
335897
335903
335921
335927
335959
335969
336005
336083
336121
336269
336277
336283
336317
336319
336361
336703
336713
336727
336733
336743
336833
336937
336947
337055
337099
337123
337135
337223
337313
337459
337489
337493
337549
337553
337557
337585
337609
337703
337759
337767
337793
337799
337823
337877
338093
338101
338119
338183
338237
338347
338431
338543
338587
338641
338777
338887
338927
338929
338933
338999
339001
339053
339107
339197
339263
339271
339349
339361
339389
339433
339445
339447
339563
339713
339781
339889
339929
340141
340339
340343
340463
340483
340489
340499
340501
340819
340961
340999
341003
341027
341089
341093
341105
341123
341141
341143
341233
341243
341251
341357
341365
341381
341543
341569
341659
341663
341791
341885
341933
342001
342143
342145
342499
342559
342607
342613
342619
342623
342701
342713
342737
342743
342763
342803
342871
342899
342903
342953
342991
343093
343097
343107
343393
343397
343609
343613
343639
343727
343733
343741
343831
343835
343843
343855
343859
343873
344093
344123
344293
344377
344381
344459
344497
344507
344521
344525
344657
344723
344731
344987
344989
345067
345241
345287
345289
345343
345353
345383
345389
345391
345413
345437
345493
345623
345833
345889
345893
345923
345953
346013
346051
346057
346097
346147
346225
346237
346279
346487
346567
346571
346673
346685
346741
346805
346811
346831
346909
346919
346967
347011
347071
347273
347341
347383
347387
347443
347447
347453
347491
347671
347783
347839
347873
348083
348109
348127
348293
348323
348353
348533
348643
348673
348739
348743
348787
348793
348853
348859
348893
348953
348955
349009
349051
349081
349219
349243
349247
349313
349343
349411
349427
349553
349567
349591
349637
349639
349643
349883
350041
350065
350113
350161
350165
350179
350227
350293
350299
350303
350323
350333
350359
350381
350389
350461
350465
350479
350483
350507
350521
350525
350573
350593
350599
350663
350809
350815
350923
351229
351235
351479
351503
351563
351607
351623
351629
351667
351751
352133
352135
352151
352445
352493
352771
352951
352955
353023
353123
353207
353213
353237
353249
353273
353303
353663
353719
353845
353897
353939
353945
354059
354061
354077
354227
354259
354271
354283
354353
354401
354403
354421
354479
354487
354491
354553
354557
354589
354593
354619
354883
354889
354983
355009
355013
355151
355153
355171
355193
355211
355221
355227
355237
355261
355271
355279
355343
355679
355703
355819
355823
355867
355891
355913
355973
355997
356003
356011
356039
356057
356063
356153
356197
356225
356273
356333
356353
356401
356407
356479
356483
356513
356623
356663
356709
356713
356761
356839
356909
357005
357083
357109
357301
357305
357319
357391
357437
357443
357451
357623
357859
357913
357919
357923
357937
358007
358079
358117
358123
358129
358133
358253
358313
358399
358499
358501
358507
358613
358639
358793
359041
359221
359423
359489
359521
359643
359701
359807
359809
359851
359869
359929
359941
359945
359957
359959
359981
360023
360053
360091
360127
360137
360141
360197
360199
360233
360293
360347
360353
360359
360467
360487
360497
360575
360593
360613
360659
360665
360673
360677
360691
360703
360707
360725
360833
360901
360907
360959
361033
361051
361069
361073
361129
361139
361159
361163
361165
361243
361283
361579
361591
361613
361651
361701
361831
361849
361993
362041
362113
362123
362243
362263
362311
362459
362477
362527
362533
362539
362543
362581
362585
362639
362669
362827
362869
362993
363019
363077
363079
363095
363181
363383
363403
363439
363589
363619
363623
363625
363629
363691
363697
363731
363773
363781
363841
363991
363997
364031
364037
364051
364393
364471
364523
364549
364607
364669
364703
364781
364789
364801
364891
364943
365069
365071
365089
365159
365383
365387
365393
365447
365479
365539
365573
365645
365647
365701
365713
365851
365857
365945
366059
366077
366083
366239
366419
366443
366523
366527
366529
366547
366559
366565
366571
366607
366635
366641
366655
366743
366749
366761
366769
366811
366923
366983
367057
367079
367145
367327
367339
367377
367399
367409
367433
367435
367439
367463
367481
367583
367673
367805
367889
367919
367973
367993
367997
368003
368063
368171
368197
368209
368251
368293
368341
368413
368425
368429
368555
368611
368633
368663
368689
368699
368803
368809
368813
368827
368881
368911
368919
368959
368963
368973
369049
369053
369083
369097
369199
369217
369223
369361
369377
369449
369469
369513
369515
369557
369561
369563
369571
369601
369689
369709
369763
369917
370039
370169
370279
370283
370285
370289
370313
370327
370441
370739
370837
370897
370919
370931
370981
370987
370997
371039
371103
371105
371157
371213
371389
371419
371423
371429
371495
371521
371723
371749
371807
371905
371999
372049
372069
372079
372083
372149
372181
372223
372563
372571
372689
372883
372917
372919
372923
372949
372983
373039
373049
373073
373097
373127
373157
373273
373303
373379
373397
373417
373517
373531
373571
373589
373591
373669
373679
373703
373783
373861
374011
374333
374359
374363
374365
374369
374371
374417
374513
374561
374849
374939
374959
375061
375179
375287
375317
375323
375413
375421
375481
375571
375653
375877
376067
376099
376171
376203
376249
376259
376307
376309
376313
376379
376403
376435
376553
376709
376729
376861
376903
376969
376997
377029
377079
377101
377149
377197
377273
377309
377401
377431
377437
377441
377563
377603
377719
377813
377851
377873
377887
377893
377933
377941
378023
378049
378089
378323
378325
378379
378509
378541
378637
378691
378907
378979
378983
379111
379133
379211
379237
379297
379463
379475
379513
379579
379583
379613
379619
379751
379789
379793
379823
379859
379939
379943
379949
380003
380011
380017
380161
380209
380333
380339
380423
380461
380483
380503
380519
380573
380659
380677
380689
380783
380819
380881
380933
381019
381113
381131
381181
381185
381187
381257
381329
381347
381545
381577
381583
381677
381859
381865
381917
381949
382003
382051
382103
382127
382133
382193
382205
382211
382277
382283
382471
382675
382729
382883
383129
383153
383179
383225
383243
383351
383371
383399
383465
383497
383573
383663
383701
383843
384115
384203
384259
384407
384413
384437
384451
384497
384509
384533
384623
384653
384793
384853
384863
384869
384871
384889
384893
384919
384979
385039
385331
385333
385351
385433
385537
385639
385679
385691
385741
385817
386021
386069
386161
386177
386237
386341
386387
386453
386753
386779
386791
386861
386867
386927
386963
386993
387053
387091
387109
387113
387203
387233
387283
387319
387329
387341
387409
387469
387533
387563
387803
387857
387919
387985
388009
388033
388141
388193
388211
388289
388313
388321
388337
388373
388411
388429
388433
388441
388489
388499
388543
388673
388757
388909
388943
388963
389003
389059
389065
389111
389119
389237
389243
389273
389303
389327
389593
389597
389603
389723
389869
389873
390023
390233
390241
390509
390539
390599
390661
390677
390685
390833
390907
390911
390923
390931
390971
391133
391181
391189
391199
391255
391261
391309
391313
391403
391643
391661
391771
391921
391939
391943
391967
392011
392159
392397
392401
392453
392563
392633
392671
392779
392809
392813
392857
392987
393161
393167
393451
393487
393683
393797
393805
393817
393823
393871
393877
393883
394025
394081
394085
394187
394273
394291
394411
394429
394457
394529
394579
394703
394819
394883
394907
394999
395071
395119
395207
395213
395329
395353
395383
395461
395467
395471
395491
395513
395543
395633
395923
395971
396005
396121
396217
396275
396383
396455
396481
396667
396683
396733
396773
396787
396833
396845
396857
396901
396953
397073
397075
397109
397133
397153
397157
397303
397381
397403
397433
397493
397553
397571
397697
397771
397777
397781
397819
397829
397921
398063
398095
398153
398173
398227
398371
398423
398519
398521
398591
398635
398783
398833
398873
398941
399031
399079
399109
399287
399293
399307
399359
399361
399439
399527
399587
399623
399691
399811
399827
399857
399913
399917
400069
400127
400157
400159
400357
400367
400487
400493
400559
400561
400739
400787
400801
400823
400885
400903
400913
400977
400987
400999
401089
401125
401137
401143
401249
401269
401287
401417
401419
401651
401693
401725
401729
401743
401785
401993
402071
402109
402155
402173
402203
402263
402445
402451
402457
402473
402559
402617
402631
402637
402709
402711
402715
402773
402779
402829
402889
402923
402957
403009
403103
403141
403163
403183
403193
403219
403309
403349
403369
403397
403411
403447
403453
403459
403511
403523
403621
403627
403729
403735
403739
403759
403909
404029
404053
404057
404123
404131
404273
404309
404333
404393
404401
404431
404539
404561
404599
404603
404605
404633
404641
404809
404851
404863
404869
404887
404911
404923
404987
405011
405091
405095
405097
405103
405157
405289
405439
405443
405473
405503
405557
405619
405739
406099
406103
406129
406177
406189
406219
406283
406291
406363
406423
406433
406459
406517
406603
406607
406789
406909
406913
406921
406939
406999
407003
407023
407027
407029
407059
407063
407069
407093
407095
407273
407321
407411
407527
407531
407539
407549
407669
407671
407761
407843
407993
408053
408097
408103
408109
408137
408143
408149
408151
408173
408287
408323
408389
408413
408443
408503
408565
408719
408887
408983
409051
409081
409085
409127
409189
409223
409291
409313
409405
409543
409549
409609
409613
409621
409627
409657
409735
409787
409909
410009
410037
410041
410069
410095
410119
410173
410257
410261
410281
410299
410519
410521
410525
410537
410561
410603
410659
410821
410873
410903
410905
410915
410957
411013
411049
411143
411157
411173
411263
411269
411289
411379
411387
411451
411529
411593
411653
411683
411709
411757
411841
411847
411857
411949
412109
412157
412229
412235
412319
412343
412349
412361
412411
412421
412435
412463
412495
412519
412537
412549
412613
412697
412703
412717
412753
412849
412861
412913
413003
413033
413209
413275
413319
413327
413341
413357
413369
413449
413609
413629
413693
413761
413951
413963
413983
413993
414035
414109
414121
414241
414289
414293
414317
414469
414503
414749
414773
414833
414871
414929
414977
415111
415217
415231
415291
415325
415451
415529
415585
415673
415699
415763
415909
415913
416023
416029
416037
416113
416171
416201
416263
416299
416303
416551
416555
416579
416593
416603
416629
416641
416735
416765
416851
416923
416927
417023
417133
417293
417341
417383
417385
417389
417391
417409
417419
417457
417523
417587
417595
417653
417679
417691
417697
417737
417901
417907
417917
418091
418115
418219
418393
418399
418403
418471
418511
418519
418561
418577
418583
418639
418667
418943
419017
419099
419113
419123
419209
419329
419543
419653
419657
419659
419719
419723
419729
419753
419803
419807
419873
419933
420001
420079
420083
420103
420125
420163
420203
420271
420443
420481
420523
420533
420623
420631
420815
420821
420829
420833
420859
420875
420899
420947
420983
421067
421103
421133
421189
421193
421207
421219
421223
421243
421537
421541
421559
421567
421573
421585
421621
421727
421745
421753
421757
421859
421865
421877
421913
421915
421973
422003
422011
422149
422155
422161
422183
422209
422431
422461
422467
422627
422659
422761
422767
422809
422833
422843
422945
422951
423349
423517
423589
423619
423677
423803
423887
423901
423903
424037
424049
424169
424201
424283
424363
424373
424441
424451
424457
424519
424523
424579
424621
424643
424781
424789
424793
424925
425009
425123
425155
425171
425251
425395
425443
425447
425449
425563
425567
425611
425617
425627
425653
425657
425663
425687
425717
425731
425735
425917
425941
426023
426047
426113
426233
426257
426263
426355
426491
426583
426641
426823
426973
426977
426983
427021
427103
427121
427123
427151
427181
427285
427333
427459
427483
427561
427591
427655
427657
427681
427693
427759
427763
427817
427859
427891
428069
428093
428107
428179
428183
428203
428231
428251
428339
428431
428437
428489
428509
428579
428587
428609
428701
428711
428717
428741
428809
428873
428909
428927
428963
428989
429023
429025
429061
429083
429161
429529
429563
429589
429607
429745
429979
430021
430027
430031
430043
430063
430097
430099
430157
430201
430207
430219
430319
430357
430363
430393
430397
430519
430523
430607
431111
431219
431273
431339
431401
431449
431453
431479
431483
431485
431491
431495
431543
431629
431707
431731
431809
431911
432173
432181
432185
432227
432259
432263
432287
432391
432419
432541
432589
432661
432691
432803
432833
432863
432869
432931
432941
432961
432989
432991
433151
433159
433211
433403
433579
433583
433589
433607
433681
433729
433759
433897
433901
433913
433981
434045
434093
434117
434153
434273
434363
434411
434479
434527
434537
434723
434963
434993
434999
435019
435077
435083
435233
435263
435293
435325
435593
435595
435665
435781
435863
435983
436027
436031
436039
436109
436127
436181
436231
436253
436315
436357
436369
436381
436439
436463
436577
436673
436699
436759
436775
436889
436891
436913
436939
436981
437011
437093
437119
437123
437161
437201
437309
437603
437611
437695
437729
437771
437779
437929
437987
438029
438049
438061
438067
438071
438073
438113
438143
438149
438181
438211
438301
438347
438449
438499
438533
438563
438575
438643
438679
438707
438739
438781
438799
439031
439085
439099
439103
439111
439259
439321
439441
439483
439669
439921
440009
440027
440051
440101
440105
440109
440207
440281
440413
440417
440447
440449
440581
440591
440599
440603
440621
440623
440627
440773
440783
440849
440873
440969
440989
441053
441083
441131
441143
441169
441193
441281
441283
441325
441367
441369
441391
441407
441769
441857
441877
441887
441953
441973
441979
441983
441989
442043
442217
442291
442339
442549
442579
442643
442645
442733
442843
442861
442879
442921
443021
443303
443323
443389
443513
443515
443569
443573
443611
443641
443645
443735
443791
443797
443881
443959
444307
444329
444359
444361
444365
444571
444589
444659
444679
444683
444767
444901
444979
445051
445127
445141
445205
445297
445309
445343
445369
445373
445381
445463
445489
445507
445517
445523
445543
445549
445657
445663
445669
445853
445897
445913
446087
446089
446143
446153
446239
446339
446417
446489
446509
446575
446611
446617
446633
446663
446671
446683
446693
446731
446801
447023
447031
447053
447143
447149
447155
447269
447271
447283
447293
447359
447467
447491
447527
447529
447547
447581
447709
447719
447751
447907
447913
447991
448013
448097
448099
448253
448261
448267
448403
448457
448495
448501
448567
448583
448633
448667
448669
448741
448747
448751
448889
448897
448907
448909
448973
449017
449131
449173
449269
449419
449423
449459
449461
449483
449487
449489
449509
449591
449713
449837
449851
449881
449893
449899
450053
450139
450169
450259
450263
450451
450509
450727
450769
450773
450977
451021
451073
451121
451141
451219
451251
451343
451373
451387
451397
451411
451417
451441
451457
451609
451709
451967
452057
452087
452093
452113
452141
452311
452339
452429
452453
452497
452549
452641
452761
452783
452839
452923
452933
452939
452959
452963
452971
453053
453077
453107
453275
453379
453423
453433
453473
453481
453497
453683
453713
453715
453737
453743
453851
453877
454043
454079
454091
454117
454121
454123
454255
454263
454361
454427
454469
454553
454591
454613
454687
454723
454763
454777
455011
455075
455123
455129
455179
455353
455443
455447
455491
455537
455579
455603
455659
455743
455863
455899
455903
456047
456127
456139
456167
456181
456193
456311
456409
456463
456481
456503
456623
456661
456709
456713
456821
456901
456923
456925
457063
457069
457159
457283
457321
457345
457441
457471
457517
457531
457561
457583
457621
457711
457717
457771
457775
457799
457831
457847
457889
457919
457987
458009
458069
458075
458077
458083
458099
458123
458131
458135
458149
458251
458261
458273
458281
458363
458377
458483
458687
458729
458809
458897
458933
459071
459091
459131
459137
459271
459317
459323
459397
459511
459541
459551
459565
459649
459703
459709
459713
459721
459729
459769
459773
459829
459847
459869
459899
459943
459947
459973
459979
459983
460189
460247
460267
460309
460313
460349
460351
460423
460429
460481
460483
460489
460495
460547
460591
460739
460747
460757
460799
460847
460853
460991
461021
461023
461065
461123
461149
461215
461275
461345
461359
461363
461393
461413
461419
461449
461663
461735
461761
461783
461819
461863
461867
461891
461933
461939
461987
461999
462023
462119
462149
462163
462203
462283
462289
462343
462443
462499
462677
462683
462743
462745
462779
462797
462799
462803
462961
462965
462989
463009
463057
463067
463069
463103
463109
463123
463129
463261
463321
463343
463351
463403
463409
463555
463559
463561
463721
463927
463949
464011
464143
464333
464357
464393
464399
464423
464491
464501
464699
464843
465023
465187
465241
465421
465427
465557
465559
465563
465589
465593
465659
465743
465763
465841
465859
465949
465959
466043
466099
466103
466141
466153
466283
466339
466343
466387
466463
466495
466591
466679
466763
466831
466853
466879
466937
466961
466963
466967
466973
467021
467023
467041
467045
467063
467149
467263
467297
467299
467453
467513
467557
467759
467813
467843
467903
467905
467989
468085
468137
468397
468401
468403
468623
468803
468917
468923
468931
469049
469069
469079
469099
469103
469169
469439
469459
469547
469561
469589
469591
469699
469733
469823
469853
469999
470003
470041
470429
470689
470749
470797
470801
470867
470909
470969
470971
471007
471013
471103
471143
471313
471371
471593
471721
471817
471823
471949
471973
472163
472223
472261
472423
472505
472597
472613
472673
472727
472771
472799
472817
472967
472969
472975
472997
473027
473035
473041
473047
473057
473117
473123
473177
473233
473237
473243
473261
473297
473333
473363
473557
473587
473681
473763
473791
473807
473809
474083
474151
474171
474175
474223
474227
474359
474391
474445
474449
474461
474503
474587
474589
474593
474605
474671
474689
474709
474857
474983
475009
475053
475553
475841
475937
475939
476123
476143
476197
476257
476431
476453
476479
476483
476521
476525
476533
476551
476611
476661
476663
476753
476765
476783
476791
476809
476813
476951
476963
476993
477095
477101
477163
477169
477181
477187
477229
477241
477263
477299
477383
477397
477421
477557
477593
477599
477601
477637
477649
477653
477679
477697
477703
477739
477769
477773
477907
477949
477953
478001
478009
478045
478111
478213
478223
478285
478297
478361
478495
478535
478549
478603
478637
478657
478787
478949
478973
479003
479101
479165
479243
479393
479443
479513
479515
479599
479609
479629
479647
479671
479783
479917
479993
480113
480119
480169
480173
480181
480217
480233
480241
480251
480257
480259
480263
480427
480473
480479
480541
480587
480661
480673
480679
480803
480805
480809
480859
480883
481073
481181
481211
481213
481217
481255
481283
481307
481309
481319
481343
481387
481433
481531
481591
481619
481711
481729
481787
481897
481919
481945
481949
481963
482071
482135
482153
482243
482263
482543
482575
482689
482837
482843
482873
482879
482903
482989
483017
483035
483071
483101
483139
483253
483263
483353
483503
483563
483683
483787
483839
483887
483953
483993
484093
484259
484313
484343
484465
484507
484517
484583
484625
484643
484655
484793
484795
484831
484867
484877
484889
484897
484901
484909
485063
485081
485083
485101
485171
485179
485245
485333
485371
485389
485393
485437
485453
485459
485479
485509
485519
485609
485633
485657
485735
485837
485851
485869
485941
485993
486023
486073
486077
486097
486223
486247
486407
486539
486617
486683
486743
486881
487111
487115
487133
487223
487283
487315
487321
487403
487433
487513
487547
487609
487657
487843
487897
487919
487955
488057
488071
488077
488101
488119
488183
488263
488381
488513
488525
488543
488749
488837
488843
488959
488963
489001
489019
489023
489025
489083
489389
489413
489617
489763
489773
489887
490037
490043
490073
490129
490253
490369
490403
490433
490463
490601
490643
490699
490789
490793
490801
490877
491005
491015
491017
491021
491041
491093
491099
491231
491299
491377
491383
491401
491797
491881
491885
491903
491909
491929
491993
492077
492089
492115
492117
492131
492151
492161
492181
492185
492199
492203
492263
492319
492331
492353
492355
492433
492437
492469
492473
492497
492527
492569
492673
492679
492803
492805
492809
492925
492941
492943
492983
493067
493315
493321
493373
493483
493553
493585
493733
493751
493757
493825
493939
493981
493999
494107
494111
494147
494167
494213
494291
494297
494303
494413
494423
494449
494477
494479
494483
494521
494569
494651
494657
494825
494939
494999
495017
495043
495073
495083
495091
495151
495223
495227
495571
495589
495593
495679
495715
495721
495833
495857
496087
496145
496241
496357
496531
496553
496555
496561
496583
496591
496631
496637
496651
496657
496711
496765
496771
496789
496823
496853
496919
496921
496927
497051
497123
497369
497431
497449
497537
497603
497611
497911
497929
497999
498013
498125
498181
498187
498209
498233
498283
498287
498301
498307
498309
498473
498503
498527
498529
498619
498629
498655
498665
498803
498833
498839
498863
499099
499159
499163
499189
499253
499283
499287
499363
499369
499403
499493
499693
499757
499819
499823
499907
499913
499987
500029
500083
500123
500209
500239
500269
500287
500393
500551
500593
500611
500615
500629
500633
500647
500699
500701
500747
500813
500957
500959
501043
501049
501107
501257
501323
501347
501427
501433
501437
501533
501541
501665
501749
501751
501769
501779
501781
501803
501829
501841
501871
501917
501973
501977
502013
502021
502097
502099
502141
502181
502189
502199
502279
502325
502351
502367
502463
502529
502553
502555
502573
502703
502741
502883
502973
503003
503039
503053
503161
503171
503177
503179
503267
503269
503317
503329
503393
503453
503463
503513
503563
503681
503687
503689
503717
503881
503893
504083
504103
504151
504163
504227
504233
504269
504391
504433
504437
504481
504487
504527
504533
504683
504685
504709
504733
504739
504799
504833
505003
505241
505253
505339
505523
505577
505583
505729
505741
505789
505829
505841
505879
505981
506003
506029
506033
506183
506213
506269
506363
506465
506509
506609
506611
506707
506813
506843
507029
507053
507083
507181
507197
507217
507233
507271
507329
507431
507437
507505
507607
507617
507643
507673
507839
507841
507983
508111
508147
508189
508273
508279
508313
508397
508451
508531
508609
508621
508649
508667
508669
508715
508771
508817
508847
508873
509027
509035
509087
509153
509155
509161
509179
509333
509369
509395
509483
509747
509813
509887
509969
510137
510161
510413
510427
510511
510515
510593
510635
510649
510709
510713
510723
510725
510775
510827
510851
510859
510965
510971
511019
511043
511067
511127
511133
511213
511223
511339
511361
511493
511523
511529
511603
511607
511609
511643
511649
511669
511733
511759
511817
511939
511999
512021
512101
512113
512123
512215
512273
512297
512357
512359
512369
512447
512483
512551
512623
512825
513017
513143
513179
513217
513239
513287
513353
513451
513481
513511
513571
513575
513605
513653
513781
513797
513829
513845
513857
513955
513977
513991
514027
514151
514159
514319
514379
514547
514651
514687
514711
514889
514891
514987
514991
515005
515043
515047
515059
515065
515069
515153
515173
515179
515197
515203
515209
515293
515297
515323
515387
515405
515409
515411
515431
515437
515453
515455
515479
515489
515539
515723
515747
515899
516109
516127
516301
516377
516521
516739
516757
516853
516857
517007
517021
517091
517099
517189
517193
517421
517427
517429
517431
517439
517645
517657
517669
517771
517775
517843
517879
517883
517967
518011
518027
518209
518269
518453
518549
518551
518621
518633
518767
518779
518783
518813
518837
518839
518843
518873
518913
518915
518963
519017
519037
519041
519049
519161
519307
519325
519331
519335
519473
519589
519647
519653
519751
519817
519823
519829
519839
519893
520033
520045
520049
520133
520139
520157
520219
520223
520253
520381
520441
520463
520487
520489
520495
520529
520549
520579
520651
520669
520733
520819
520823
520921
521063
521065
521093
521207
521401
521461
521585
521611
521617
521753
521831
521843
521903
521939
521957
522037
522061
522091
522113
522139
522173
522259
522293
522341
522391
522497
522719
522787
522905
522923
522971
523037
523051
523067
523141
523151
523219
523225
523273
523277
523279
523309
523357
523361
523367
523439
523469
523493
523547
523681
523689
523693
523717
523837
523849
523853
523969
524009
524123
524131
524323
524329
524393
524459
524473
524483
524527
524537
524539
524543
524551
524573
524599
524641
524683
524743
524803
524807
525061
525113
525143
525173
525223
525257
525263
525269
525271
525299
525323
525335
525409
525467
525503
525541
525571
525683
525781
525841
525851
525893
525965
525983
525991
526319
526321
526337
526403
526463
526763
526789
526885
526891
526975
527011
527101
527189
527251
527291
527293
527299
527303
527353
527357
527453
527459
527461
527465
527489
527507
527509
527537
527543
527605
527657
527671
527707
527711
527753
527759
528061
528071
528169
528173
528197
528203
528269
528271
528299
528331
528337
528355
528449
528451
528517
528593
528631
528637
528733
528737
528889
528893
528911
528973
529013
529135
529171
529189
529193
529199
529247
529277
529283
529397
529399
529441
529489
529579
529709
529723
529751
529753
529769
529789
529819
529847
529879
529883
529889
529901
529909
529913
529939
530003
530093
530099
530143
530149
530209
530213
530303
530305
530359
530453
530513
530567
530581
530611
530753
530809
530875
530911
530917
530927
530933
530947
531049
531083
531103
531205
531263
531317
531359
531391
531413
531419
531429
531439
531529
531643
531649
531707
531751
531767
531803
531947
532009
532013
532039
532043
532117
532211
532283
532453
532501
532643
532823
532829
532853
532867
532921
532951
533089
533093
533149
533153
533327
533413
533417
533423
533429
533467
533513
533593
533597
533603
533641
533671
533759
533783
533933
534119
534173
534181
534263
534353
534443
534473
534529
534533
534587
534673
534715
534749
534781
534799
534901
534931
534983
534991
535043
535063
535081
535103
535139
535249
535277
535361
535429
535589
535699
535823
535835
535891
535999
536003
536029
536161
536323
536333
536513
536533
536539
536611
536633
536657
536753
536873
536891
537043
537049
537097
537107
537109
537143
537199
537289
537473
537569
537751
537823
537923
537967
538021
538051
538129
538189
538201
538211
538223
538369
538445
538579
538597
538607
538801
538853
538949
538957
538963
539009
539171
539183
539185
539273
539359
539389
539403
539411
539413
539419
539423
539425
539429
539461
539465
539483
539533
539545
539561
539573
539591
539603
539653
539663
539801
539809
539863
539903
539927
539941
539957
540007
540023
540031
540079
540353
540393
540403
540517
540559
540637
540713
540755
540781
540823
540833
540881
540909
540919
540923
540947
540965
541061
541073
541111
541391
541393
541469
541631
541669
541733
541847
541861
541901
541907
541969
541973
542033
542153
542263
542303
542333
542371
542615
542637
542641
542657
542723
542801
542807
542849
542873
542959
542989
543019
543037
543043
543073
543077
543113
543263
543313
543317
543361
543389
543409
543413
543427
543473
543479
543511
543619
543623
543715
543719
543737
543739
543751
543827
543941
543947
543953
544051
544069
544109
544201
544287
544327
544373
544385
544561
544577
544613
544675
544699
544793
544813
544837
544847
545063
545093
545161
545221
545303
545311
545329
545341
545345
545387
545449
545453
545497
545551
545581
545623
545627
545663
545671
545677
545681
545689
545809
545845
545983
546071
546399
546419
546425
546443
546527
546695
546783
546789
546797
546817
546821
546845
546895
546901
546919
546979
547061
547067
547069
547139
547279
547303
547321
547337
547373
547399
547415
547441
547457
547681
547687
547853
547861
547909
547919
547921
547937
547959
547969
548005
548017
548041
548045
548159
548249
548273
548323
548327
548423
548491
548593
548599
548633
548693
548719
548725
548873
548881
548909
548933
548939
548975
549041
549049
549053
549101
549209
549259
549283
549293
549301
549589
549649
549767
549779
549793
549799
549891
549913
549949
549979
550093
550217
550249
550297
550369
550387
550391
550399
550409
550475
550477
550499
550733
550763
550813
550879
550913
551017
551137
551147
551149
551183
551243
551255
551329
551387
551413
551611
551633
551675
551777
551863
551869
551875
552113
552137
552139
552141
552151
552157
552217
552245
552303
552323
552431
552527
552535
552553
552589
552619
552623
552625
552709
552931
553103
553105
553193
553235
553309
553313
553327
553393
553397
553493
553669
553709
553713
553759
553771
553811
553813
553849
553853
553883
554017
554063
554089
554147
554195
554209
554213
554219
554249
554251
554275
554329
554357
554359
554383
554503
554531
554539
554545
554549
554573
554713
554857
554931
554941
554971
554983
555053
555187
555229
555257
555323
555439
555503
555523
555623
555743
555769
555787
555833
555839
555881
555883
555889
555893
555901
555973
556009
556073
556075
556079
556093
556103
556111
556129
556133
556183
556373
556379
556381
556405
556411
556487
556489
556491
556523
556541
556583
556891
556913
556987
557093
557101
557107
557113
557123
557159
557207
557209
557219
557227
557243
557281
557343
557377
557493
557495
557497
557573
557577
557645
557707
557761
557863
557869
557873
557903
557917
557937
557941
557945
557951
557959
557987
558029
558031
558095
558167
558319
558331
558347
558377
558499
558503
558553
558589
558647
558703
558737
558739
558805
558835
558893
558955
558959
558983
559021
559067
559139
559157
559183
559187
559277
559279
559321
559373
559397
559403
559429
559607
559753
559859
559919
559921
559949
559973
559993
560053
560093
560193
560327
560371
560393
560411
560449
560561
560573
560689
560719
560783
560839
560843
560845
560903
560909
560911
560941
561001
561113
561115
561131
561215
561439
561481
561563
561571
561577
561619
561631
561641
561643
561653
561703
561739
561767
561811
561863
561871
561889
561893
562025
562043
562045
562073
562147
562201
562217
562373
562379
562459
562537
562541
562543
562553
562763
562789
562843
562847
562849
562857
562877
562883
562913
563267
563303
563377
563419
563423
563513
563525
563627
563637
563639
563643
563671
563687
563689
563747
563779
563791
563899
563911
563947
563959
564233
564325
564419
564535
564547
564563
564623
564629
564631
564679
564683
564727
564737
564743
564803
564831
564881
564959
564961
565001
565019
565081
565091
565129
565189
565219
565343
565407
565489
565519
565613
565673
565681
565699
565853
565937
565939
565999
566011
566029
566063
566107
566113
566135
566249
566287
566347
566357
566393
566453
566471
566579
566591
566593
566597
566767
566777
566833
566837
566881
566897
566911
566917
567013
567079
567121
567143
567151
567157
567211
567235
567263
567277
567283
567287
567289
567297
567299
567339
567341
567349
567407
567413
567421
567499
567533
567541
567547
567571
567695
567697
567793
567901
567907
567913
567923
568051
568073
568109
568213
568259
568309
568313
568321
568349
568411
568453
568493
568557
568559
568579
568583
568595
568727
568753
568943
568951
569033
569215
569271
569273
569303
569323
569335
569341
569369
569461
569479
569513
569537
569551
569623
569717
569777
569779
569873
569939
569983
570001
570049
570113
570193
570241
570263
570269
570271
570289
570293
570359
570433
570437
570439
570623
570719
570755
570797
570803
570887
570923
570977
571051
571057
571079
571111
571177
571231
571233
571289
571339
571347
571369
571457
571483
571489
571493
571501
571507
571549
571559
571603
571679
571721
571741
571759
571811
571819
571877
571891
571943
572003
572107
572111
572183
572189
572197
572207
572209
572251
572337
572461
572669
572713
573061
573067
573179
573199
573217
573347
573349
573383
573395
573437
573529
573533
573599
573607
573613
573623
573637
573653
573691
573697
573767
573791
573887
573901
573907
573911
573983
574013
574069
574109
574129
574183
574201
574309
574339
574381
574403
574451
574463
574517
574537
574549
574577
574579
574601
574753
574825
574859
574861
574863
574865
574879
574883
574919
574979
575033
575035
575101
575159
575183
575279
575281
575293
575303
575317
575321
575323
575327
575333
575371
575387
575431
575459
575515
575521
575531
575611
575779
575809
575969
576055
576061
576067
576233
576241
576243
576265
576403
576587
576593
576599
576703
576769
576791
576795
576803
576809
576841
576859
576913
576923
576953
576977
576983
577009
577043
577111
577133
577219
577235
577283
577313
577363
577369
577399
577405
577427
577483
577489
577559
577697
577703
577729
577817
577831
577849
577879
577961
577981
577987
578063
578137
578213
578379
578423
578443
578509
578539
578665
578667
578705
578747
578789
578843
578861
578867
578929
578937
578939
578981
579023
579025
579031
579053
579089
579143
579157
579289
579339
579379
579389
579409
579437
579451
579503
579545
579679
579737
579739
579743
579811
579829
579907
579911
579925
579983
580039
580051
580099
580133
580135
580141
580145
580249
580267
580303
580313
580391
580403
580421
580441
580491
580499
580501
580531
580673
580697
580733
580763
580813
580823
581003
581101
581107
581393
581491
581501
581507
581603
581767
581843
581873
581923
581929
581957
581989
582089
582097
582251
582257
582259
582269
582271
582319
582323
582337
582371
582373
582409
582439
582473
582475
582511
582563
582567
582653
582781
582823
582827
582865
582901
582913
583039
583041
583103
583193
583303
583547
583549
583583
583673
583705
583735
583739
583805
583807
583813
583823
583883
583919
583945
583955
584039
584099
584203
584219
584231
584261
584285
584307
584393
584447
584483
584513
584539
584749
584809
584811
584825
584849
585083
585169
585173
585175
585187
585293
585319
585391
585413
585473
585521
585523
585631
585677
585691
585703
585773
585781
585801
585811
585929
586009
586017
586037
586073
586087
586193
586199
586213
586219
586389
586475
586507
586549
586613
586645
586649
586669
586697
586819
586823
586879
586883
586939
586981
586993
587303
587305
587311
587327
587387
587399
587419
587473
587603
587791
587867
587903
587909
588131
588203
588263
588293
588361
588437
588439
588467
588589
588593
588703
588713
588743
588745
588959
588983
589067
589081
589087
589111
589249
589307
589357
589367
589397
589417
589453
589535
589565
589651
589681
589687
589693
589723
589733
589763
589769
589793
589867
589963
589973
590047
590101
590173
590225
590389
590413
590417
590449
590489
590503
590509
590575
590599
590777
590845
590849
590879
590939
590945
591001
591091
591167
591197
591199
591203
591205
591209
591215
591233
591235
591241
591323
591355
591377
591443
591475
591511
591559
591561
591581
591623
591629
591691
591721
591761
591791
591853
591907
591923
591937
591977
592073
592139
592147
592171
592411
592429
592469
592625
592703
592793
592799
592879
592883
592939
592973
593123
593149
593273
593329
593339
593407
593449
593521
593549
593605
593669
593689
593717
593719
593723
593725
593729
593731
593753
593783
593785
593801
593875
593881
593885
593911
593999
594023
594037
594059
594061
594067
594077
594329
594427
594439
594481
594583
594599
594623
594679
594683
594725
594755
594773
594799
594843
594863
594869
594931
594933
594989
595097
595099
595103
595159
595183
595291
595321
595385
595397
595415
595433
595495
595551
595553
595613
595649
595657
595661
595663
595667
595719
595721
595771
595783
595823
595829
595853
595855
595879
595901
595913
596029
596159
596185
596213
596299
596317
596341
596381
596431
596441
596469
596509
596549
596633
596711
596723
596749
596941
596997
597001
597007
597031
597035
597073
597085
597139
597151
597169
597179
597277
597283
597313
597437
597451
597503
597559
597599
597613
597617
597623
597709
597733
597803
597901
597941
597947
597967
598057
598079
598099
598103
598105
598205
598233
598237
598243
598271
598277
598333
598343
598345
598519
598541
598577
598589
598613
598693
598741
598743
598747
598799
598817
598933
599041
599101
599119
599167
599173
599255
599281
599321
599329
599429
599441
599453
599479
599537
599563
599573
599629
599633
599663
599783
599785
599905
599909
599963
600023
600073
600109
600115
600125
600127
600131
600143
600173
600319
600373
600383
600473
600499
600529
600533
600583
600589
600703
600761
600767
600773
600803
600805
600901
600983
600989
600995
601001
601043
601103
601129
601153
601361
601487
601507
601523
601565
601571
601609
601633
601699
601703
601729
601835
601855
601903
601925
601991
602003
602057
602117
602119
602153
602179
602243
602389
602411
602551
602567
602573
602729
602957
603077
603265
603269
603319
603349
603355
603401
603413
603503
603569
603571
603627
604017
604033
604097
604111
604119
604135
604137
604147
604151
604171
604277
604459
604493
604529
604537
604559
604561
604621
604661
604667
604801
604837
604983
605027
605051
605099
605137
605147
605177
605203
605263
605269
605273
605279
605281
605419
605509
605551
605573
605659
605687
605693
605719
605737
605755
605761
605789
605963
606133
606155
606185
606199
606251
606349
606353
606355
606391
606473
606547
606589
606593
606607
606623
606659
606683
606695
606707
606757
606797
606901
606919
607109
607219
607363
607387
607423
607471
607493
607549
607553
607645
607703
607747
607751
607757
607771
607795
607847
607973
607993
607997
608039
608047
608063
608099
608147
608163
608219
608227
608245
608251
608317
608431
608483
608537
608553
608639
608701
608717
608723
608771
608789
608807
608905
608927
608963
609005
609013
609125
609129
609173
609179
609181
609293
609317
609407
609443
609451
609547
609643
609653
609823
609833
609835
609943
609997
610003
610043
610069
610081
610087
610097
610099
610101
610105
610109
610127
610129
610133
610231
610249
610251
610363
610475
610477
610483
610487
610513
610591
610595
610601
610891
610973
611153
611171
611297
611333
611341
611343
611349
611357
611359
611497
611509
611561
611567
611603
611671
611693
611729
611731
611809
611843
612083
612115
612119
612271
612283
612349
612445
612451
612455
612463
612511
612527
612533
612535
612539
612559
612613
612685
612739
612773
612901
612905
612929
612953
613073
613099
613127
613253
613319
613339
613343
613367
613385
613471
613531
613579
613615
613637
613675
613699
613707
613771
613783
613789
613849
613869
613907
613909
613913
613933
613957
613969
614003
614005
614013
614015
614021
614041
614129
614153
614183
614189
614201
614219
614237
614241
614267
614297
614299
614303
614339
614363
614393
614443
614447
614453
614633
614761
614777
614807
614831
614863
614881
614927
614933
615007
615109
615119
615139
615161
615167
615169
615173
615203
615233
615269
615275
615317
615323
615413
615449
615473
615559
615563
615577
615581
615631
615637
615775
615799
615803
615835
615839
615851
615857
615887
615973
615977
615983
616027
616031
616033
616327
616333
616339
616341
616343
616367
616445
616463
616537
616559
616619
616645
616673
616801
616853
616913
617063
617197
617213
617341
617387
617453
617487
617537
617539
617543
617627
617741
617821
617887
617893
617903
617923
617933
617983
617987
617993
617999
618001
618139
618143
618173
618179
618209
618379
618487
618523
618593
618601
618643
618653
618679
618685
618725
618727
618745
618747
618767
618769
618773
618787
618809
618869
618883
618893
618895
619069
619099
619147
619193
619279
619283
619313
619343
619349
619397
619411
619417
619435
619441
619483
619489
619523
619627
619639
619715
619793
619883
619931
619957
620015
620041
620051
620059
620077
620119
620131
620141
620449
620469
620581
620671
620793
620795
620869
620933
620957
621031
621113
621143
621151
621157
621167
621181
621187
621259
621263
621265
621317
621433
621491
621545
621547
621559
621583
621593
621641
621679
621833
621923
621953
622021
622133
622159
622189
622219
622279
622375
622409
622411
622429
622433
622441
622459
622493
622583
622673
622729
622757
622799
622823
622829
622907
622913
622973
623029
623081
623111
623117
623119
623137
623143
623149
623153
623187
623191
623303
623453
623491
623495
623497
623545
623591
623593
623597
623599
623699
623749
623773
623779
623785
623791
623811
623815
623933
623963
623993
624011
624149
624163
624215
624277
624283
624293
624371
624607
624623
624865
624869
624875
624877
624881
624899
624903
624917
624923
624931
624947
625007
625067
625115
625133
625321
625383
625429
625433
625463
625489
625493
625529
625553
625567
625669
625699
625717
625727
625763
625837
625843
626013
626015
626063
626065
626071
626077
626083
626215
626261
626269
626273
626293
626299
626393
626401
626403
626443
626497
626509
626551
626723
626839
626873
626999
627139
627145
627217
627271
627331
627391
627407
627409
627443
627457
627461
627491
627511
627521
627569
627571
627679
627811
627815
627817
627821
627829
627859
627863
627919
627977
627991
628067
628069
628097
628141
628147
628271
628321
628327
628337
628339
628343
628399
628409
628441
628499
628505
628533
628569
628619
628739
628763
628819
628883
628943
628951
629029
629031
629061
629063
629093
629117
629143
629149
629153
629183
629213
629215
629219
629225
629267
629315
629351
629353
629429
629569
629623
629629
629633
629635
629639
629821
629843
629939
629989
630029
630043
630047
630049
630053
630067
630073
630079
630109
630199
630201
630209
630233
630271
630329
630361
630363
630415
630437
630493
630533
630541
630613
630623
630635
630659
630691
630739
630743
630749
630761
630763
630803
630841
630845
630923
630941
630947
630969
630977
631021
631043
631103
631157
631205
631273
631315
631343
631361
631367
631369
631411
631415
631429
631435
631537
631559
631583
631645
631693
631763
631767
631771
631793
631823
631829
631945
631957
631999
632047
632059
632123
632153
632155
632167
632273
632299
632425
632503
632507
632531
632537
632543
632573
632633
632677
632717
632721
632725
632749
632791
632813
632821
632857
632861
632869
633053
633097
633169
633323
633341
633407
633413
633427
633511
633533
633541
633571
633599
633601
633691
633835
633841
633859
633863
633893
633971
634037
634111
634115
634123
634279
634313
634421
634423
634427
634457
634621
634651
634659
634747
634759
634769
634771
634823
634903
634979
635003
635057
635063
635087
635149
635153
635167
635173
635177
635179
635365
635389
635395
635533
635543
635549
635567
635569
635573
635579
635603
635629
635659
635693
635719
635741
635749
635759
635791
635983
635989
636003
636025
636077
636079
636149
636155
636157
636181
636221
636227
636373
636421
636427
636437
636439
636479
636503
636511
636571
636577
636631
636653
636655
636781
636829
636833
636863
636881
636893
636895
636967
637003
637013
637015
637017
637019
637037
637045
637099
637201
637351
637411
637429
637547
637583
637607
637613
637643
637799
637859
637887
637891
637961
637963
637969
637975
637997
637999
638023
638027
638089
638123
638179
638209
638221
638233
638243
638251
638279
638281
638327
638329
638371
638377
638483
638501
638509
638527
638531
638537
638587
638597
638603
638633
638645
638675
638731
638753
638767
638773
638779
638783
638791
638801
638821
638911
639013
639053
639055
639099
639113
639181
639197
639211
639213
639227
639229
639233
639239
639277
639311
639377
639395
639413
639457
639463
639473
639649
639739
639757
639763
639773
639793
639867
639871
639881
639889
639923
639961
640081
640171
640175
640283
640309
640333
640343
640393
640397
640423
640427
640439
640537
640547
640561
640631
640703
640705
640709
640753
640819
640861
640867
640921
640993
641003
641031
641059
641131
641179
641243
641261
641299
641303
641329
641345
641351
641393
641399
641441
641499
641551
641561
641583
641587
641593
641599
641723
641909
641941
641983
641989
641993
642023
642031
642083
642085
642091
642095
642163
642167
642267
642301
642389
642427
642457
642461
642473
642503
642563
642583
642593
642595
642601
642625
642713
642743
642755
642809
642907
642917
642953
642977
642979
643141
643147
643153
643157
643243
643249
643253
643259
643273
643277
643313
643319
643321
643379
643439
643493
643703
643731
643733
643737
643751
643757
643759
643787
643803
643807
643819
643823
643889
643901
643991
644203
644209
644227
644243
644297
644413
644453
644465
644803
644807
644881
644951
644953
644957
644963
645053
645109
645113
645191
645211
645235
645259
645269
645289
645299
645443
645451
645529
645665
645863
645923
645953
646045
646049
646075
646079
646111
646129
646201
646207
646313
646321
646353
646379
646439
646483
646489
646497
646501
646595
646643
646651
646687
646699
646703
646739
646757
646793
646801
646805
646937
646957
647161
647167
647171
647209
647233
647239
647243
647273
647303
647371
647453
647509
647537
647665
647873
647933
647965
648083
648119
648409
648413
648443
648449
648481
648511
648571
648581
648631
648635
648741
648749
648811
648821
648971
649013
649021
649043
649045
649111
649165
649171
649183
649193
649195
649199
649225
649339
649351
649427
649433
649439
649531
649585
649591
649721
649943
649993
650033
650037
650123
650141
650191
650231
650237
650281
650359
650363
650423
650495
650629
650647
650659
650677
650679
650683
650713
650785
650791
650833
650873
650989
650993
650995
651047
651109
651301
651377
651383
651401
651413
651523
651531
651545
651547
651551
651559
651593
651621
651697
651703
651733
651743
651883
651907
651913
651919
651923
651947
651949
651971
651973
651997
652087
652091
652099
652103
652133
652139
652159
652163
652171
652343
652391
652457
652459
652517
652669
652703
652765
652789
652797
652813
652817
652853
652883
653009
653083
653087
653117
653119
653159
653221
653243
653245
653287
653321
653327
653377
653381
653395
653405
653413
653417
653431
653435
653447
653473
653477
653719
653831
653839
653903
654089
654113
654127
654233
654269
654275
654309
654371
654557
654679
654683
654713
654749
654781
654803
654839
654863
654943
654967
654977
655051
655069
655073
655127
655133
655163
655181
655189
655243
655301
655309
655409
655517
655583
655609
655663
655667
655699
655703
655737
655757
655759
655771
655783
655861
655913
655961
655999
656063
656077
656153
656179
656191
656197
656203
656333
656349
656351
656353
656393
656483
656485
656531
656573
656603
656615
656687
656723
656753
656857
656861
656867
656899
656903
657029
657093
657131
657137
657139
657143
657169
657239
657361
657455
657563
657623
657629
657673
657679
657683
657721
657743
657851
657863
657875
657911
657959
657983
658007
658019
658021
658025
658069
658139
658279
658367
658463
658489
658555
658615
658643
658703
658705
658717
658729
658769
658793
658841
658919
658921
658997
659033
659081
659191
659195
659197
659201
659237
659303
659335
659521
659543
659671
659693
659761
659769
659791
659849
659881
660083
660227
660253
660257
660349
660409
660431
660449
660503
660625
660649
660683
660697
660739
660769
660773
660857
660953
660959
660995
661027
661069
661073
661141
661147
661153
661163
661207
661279
661291
661307
661441
661493
661495
661561
661579
661583
661623
661633
661651
661703
661747
661789
661913
662029
662069
662087
662089
662121
662153
662177
662183
662203
662237
662357
662383
662387
662423
662719
662723
662743
662747
662753
662821
662869
662879
662899
662965
663073
663109
663227
663245
663283
663287
663337
663373
663413
663415
663443
663467
663469
663479
663493
663689
663691
663713
663719
663739
663763
663767
663799
663829
663919
663937
664151
664225
664309
664337
664429
664441
664481
664549
664697
664721
664771
664813
664823
664855
664891
664907
665153
665327
665329
665395
665453
665513
665603
665635
665659
665677
665693
665747
665813
665823
665843
665863
665867
665871
665873
665923
665927
665953
665993
666001
666053
666121
666125
666207
666233
666239
666241
666277
666353
666379
666581
666653
666755
666773
666835
666839
666991
667001
667025
667061
667067
667141
667145
667151
667183
667211
667217
667291
667381
667453
667581
667585
667607
667621
667673
667699
667707
667759
667781
667921
667951
667969
668011
668119
668183
668209
668243
668275
668291
668317
668323
668327
668341
668363
668365
668371
668381
668419
668449
668453
668483
668699
668719
668765
668777
668903
669035
669077
669137
669145
669147
669149
669187
669203
669205
669259
669317
669331
669419
669497
669509
669533
669563
669587
669589
669611
669739
669749
669763
669769
669773
669793
669805
669813
669817
669947
669971
670009
670099
670157
670261
670267
670349
670403
670417
670639
670645
670651
670739
670783
670789
670879
670921
670937
670963
670967
670993
671041
671063
671105
671161
671165
671191
671269
671273
671339
671417
671453
671479
671609
671683
671753
671809
671837
671857
671863
671981
672083
672113
672233
672293
672323
672355
672383
672473
672475
672479
672535
672537
672557
672559
672683
672707
672719
672839
672841
672919
672923
673009
673043
673133
673139
673249
673273
673277
673361
673367
673589
673721
673727
673729
673837
673849
673895
674003
674029
674033
674089
674099
674137
674189
674197
674213
674249
674263
674275
674277
674279
674303
674333
674371
674375
674393
674465
674483
674489
674513
674563
674575
674837
674857
674903
674911
674959
674995
675001
675007
675029
675053
675355
675419
675481
675491
675517
675673
675677
675725
675757
675763
675863
676013
676069
676077
676151
676189
676219
676223
676433
676443
676469
676471
676493
676495
676531
676603
676611
676681
676703
676789
676831
676861
676943
677059
677083
677125
677147
677149
677179
677183
677185
677239
677249
677251
677275
677279
677287
677357
677381
677401
677483
677489
677495
677507
677509
677543
677549
677587
677593
677621
677657
677659
677687
677699
677717
677743
677749
677801
677827
677843
677861
677899
677909
677961
677965
677971
677999
678023
678047
678081
678103
678133
678143
678239
678263
678299
678301
678307
678563
678659
678663
678671
678673
678677
678679
678787
678833
678859
678871
678913
678919
678923
678971
678991
678995
679157
679189
679231
679235
679283
679333
679343
679451
679577
679607
679613
679615
679621
679639
679759
680003
680041
680059
680213
680263
680353
680363
680453
680541
680687
680693
680711
680717
680731
680783
680839
680861
680893
680899
680903
680929
680941
681023
681181
681271
681293
681373
681383
681451
681463
681589
681649
681691
681739
681787
681841
681847
681859
681983
682049
682079
682091
682093
682097
682127
682157
682169
682183
682337
682339
682391
682397
682491
682493
682549
682553
682559
682571
682639
682643
682699
682709
682763
682789
682793
682797
682819
682843
682845
682861
682877
682913
682973
682975
682979
682981
683003
683029
683057
683059
683101
683167
683177
683179
683203
683207
683303
683323
683359
683363
683407
683545
683549
683569
683611
683807
683983
683989
684019
684023
684061
684127
684133
684167
684169
684197
684349
684353
684379
684479
684529
684655
684689
684905
684923
684931
684977
685129
685141
685147
685149
685151
685177
685201
685231
685253
685271
685279
685341
685387
685403
685459
685471
685549
685555
685571
685591
685595
685655
685657
685699
685805
685819
685823
685825
685829
685835
685861
685871
685883
685907
685915
685921
685945
685949
685973
686063
686065
686153
686155
686159
686177
686179
686221
686225
686239
686243
686249
686297
686339
686363
686371
686383
686387
686423
686483
686485
686491
686527
686621
686639
686641
686689
686743
686747
686801
686807
686813
686845
686849
686869
686917
686929
686993
687047
687083
687185
687187
687241
687249
687499
687503
687563
687593
687665
687787
687847
687851
687853
687859
687865
687979
687983
688037
688097
688161
688167
688225
688253
688343
688457
688459
688463
688531
688543
688577
688601
688603
688607
688639
688643
688679
688697
688703
688813
688831
688843
688909
688913
688917
689003
689119
689183
689411
689417
689441
689449
689467
689473
689491
689603
689663
689699
689807
689809
689833
689837
689839
689903
689939
690059
690143
690163
690173
690181
690197
690199
690203
690295
690307
690317
690347
690349
690353
690453
690481
690511
690559
690569
690593
690631
690637
690649
690691
690695
690697
690701
690721
690737
690763
690773
690787
690803
690821
690847
690851
690893
690899
690929
690955
690957
691007
691207
691241
691247
691267
691271
691313
691363
691399
691499
691501
691507
691531
691535
691539
691601
691609
691611
691613
691667
691669
691769
691777
691801
691847
691949
691997
692071
692107
692119
692123
692165
692167
692177
692207
692221
692251
692453
692473
692479
692491
692545
692567
692593
692761
692807
692827
692837
692875
692897
692935
692963
692983
693041
693043
693109
693179
693183
693187
693233
693257
693265
693359
693409
693437
693469
693509
693545
693559
693583
693757
693759
693781
693907
693919
693943
693967
693971
693995
693997
694103
694109
694147
694163
694165
694235
694289
694429
694457
694487
694523
694549
694655
694661
694667
694673
694727
694729
694753
694763
694807
694811
694901
694961
695153
695173
695177
695183
695209
695213
695219
695269
695309
695351
695389
695423
695449
695531
695543
695663
695719
695753
695819
695821
696005
696083
696119
696125
696127
696137
696157
696181
696217
696287
696325
696503
696533
696547
696577
696593
696659
696661
696665
696701
696775
696893
696907
696919
696931
696937
697019
697049
697157
697183
697187
697219
697223
697273
697283
697309
697331
697337
697457
697463
697483
697523
697525
697533
697559
697561
697603
697703
697707
697793
697801
697841
697843
697849
697877
697913
697915
697939
698059
698111
698117
698123
698147
698189
698197
698317
698449
698507
698509
698571
698593
698613
698615
698773
698791
698797
698827
698849
698863
698911
698963
699017
699089
699091
699137
699173
699253
699343
699349
699473
699581
699587
699589
699671
699767
699769
699875
699877
699887
699901
699967
700001
700003
700013
700043
700109
700279
700343
700369
700397
700477
700481
700499
700541
700601
700633
700681
700717
700721
700723
700741
700759
700813
700849
700919
700969
701011
701063
701075
701125
701133
701183
701185
701299
701311
701363
701423
701509
701513
701769
701801
701839
701885
701911
701915
701933
701981
702025
702031
702037
702047
702083
702181
702359
702451
702473
702565
702623
702627
702637
702649
702773
702869
702913
702937
702953
702961
703043
703141
703163
703171
703249
703281
703283
703399
703489
703505
703567
703571
703589
703643
703765
703771
703789
703799
703801
703823
703883
703957
704041
704047
704323
704333
704335
704365
704369
704371
704689
704897
704903
704911
705139
705221
705279
705307
705319
705329
705331
705335
705349
705361
705409
705447
705473
705499
705533
705563
705581
705587
705593
705595
705647
705671
705691
705841
705901
706073
706317
706381
706389
706403
706427
706525
706529
706547
706643
706801
706807
707033
707177
707225
707227
707303
707323
707383
707387
707389
707393
707437
707467
707483
707501
707573
707575
707577
707579
707587
707689
707771
707813
707873
708065
708067
708091
708095
708139
708257
708373
708377
708383
708407
708413
708439
708503
708541
708545
708607
708617
708619
708707
708757
708767
708781
708961
709003
709007
709009
709013
709057
709157
709163
709253
709357
709363
709469
709547
709609
709615
709621
709627
709747
709799
709803
709879
709939
709943
710029
710033
710059
710099
710105
710167
710223
710233
710239
710303
710357
710399
710405
710413
710419
710539
710543
710579
710641
710707
710713
710717
710753
710755
710757
710815
711053
711071
711083
711143
711151
711227
711317
711329
711335
711379
711409
711563
711629
711631
711653
711793
711799
711863
712009
712023
712025
712027
712031
712033
712037
712053
712127
712133
712147
712249
712339
712379
712447
712535
712577
712579
712603
712609
712721
712741
712771
712787
712793
712849
712913
712997
713003
713059
713063
713089
713197
713199
713357
713359
713361
713417
713419
713425
713431
713513
713527
713533
713537
713613
713627
713663
713689
713719
713809
713837
713873
713963
714001
714003
714005
714007
714037
714061
714073
714079
714089
714113
714121
714125
714201
714227
714257
714259
714263
714283
714289
714299
714301
714391
714401
714421
714451
714533
714577
714579
714589
714635
714637
714643
714691
714697
714701
714739
714923
714949
714953
714977
714991
715171
715339
715463
715475
715501
715553
715583
715703
715823
716003
716005
716039
716087
716093
716195
716203
716227
716231
716269
716321
716363
716413
716423
716503
716509
716713
716831
716879
716899
716917
717011
717013
717019
717053
717065
717067
717113
717271
717275
717295
717297
717343
717347
717359
717361
717473
717559
717571
717613
717631
717721
717755
717757
717827
717863
717887
717893
717937
717989
718007
718015
718141
718219
718303
718307
718469
718517
718703
718723
718787
718817
718871
718877
718883
718953
719123
719207
719213
719227
719239
719297
719333
719357
719359
719463
719533
719543
719603
719609
719641
719839
719843
719867
719875
719911
719917
720023
720035
720137
720373
720377
720383
720419
720443
720527
720593
720619
720623
720719
720749
720829
721087
721091
721229
721243
721397
721399
721403
721457
721459
721461
721499
721507
721519
721637
721663
721709
721745
721747
721751
721763
721793
721801
721813
721823
721825
721861
721891
721921
721997
722027
722033
722125
722129
722173
722183
722185
722213
722389
722433
722437
722539
722599
722611
722677
722683
722687
722723
722749
722863
722933
722935
722993
723005
723293
723497
723499
723505
723507
723563
723683
723701
723769
723863
723865
723871
723923
723925
723979
724027
724057
724123
724129
724139
724153
724159
724219
724225
724231
724331
724339
724343
724351
724369
724375
724403
724669
724823
724853
724855
724861
724879
724883
724915
725009
725011
725077
725165
725171
725213
725221
725223
725227
725255
725273
725281
725489
725543
725603
725609
725639
725753
725761
725765
725807
725813
725873
725939
726047
726049
726109
726241
726259
726263
726265
726347
726395
726437
726539
726571
726661
726709
726871
726953
727023
727081
727099
727123
727213
727219
727223
727313
727373
727501
727517
727519
727637
727639
727643
727645
727763
727781
727825
727897
727909
727955
727967
728027
728033
728041
728057
728087
728095
728101
728131
728143
728149
728153
728173
728177
728213
728219
728243
728341
728437
728443
728491
728507
728587
728663
728783
728789
728813
728997
728999
729001
729077
729087
729089
729103
729113
729203
729227
729233
729301
729311
729331
729335
729413
729613
729689
729695
729791
729793
729797
729799
729881
729889
730007
730073
730097
730157
730163
730169
730217
730321
730339
730363
730373
730423
730429
730487
730639
730679
730687
730697
730699
730727
730733
730949
731005
731071
731099
731117
731141
731153
731273
731333
731335
731339
731345
731413
731417
731449
731455
731459
731461
731483
731543
731651
731653
731683
731693
731741
731783
731933
732043
732053
732059
732119
732257
732343
732359
732387
732391
732401
732409
732425
732469
732545
732547
732563
732587
732619
732643
732653
732779
732799
732863
732949
732983
733013
733015
733021
733039
733043
733045
733073
733207
733223
733259
733307
733351
733373
733477
733519
733521
733669
733853
733883
733897
734023
734033
734113
734117
734245
734249
734303
734333
734353
734449
734519
734573
734585
734593
734603
734605
734663
734777
734779
734897
734987
734989
735005
735083
735115
735151
735313
735391
735491
735499
735505
735593
735623
735629
735659
735757
735781
735785
735787
735811
735823
735829
735831
735835
735907
735923
735959
735983
736067
736073
736129
736297
736307
736331
736333
736343
736471
736473
736477
736481
736483
736487
736501
736531
736549
736553
736559
736565
736583
736597
736609
736657
736721
736723
736727
736745
736753
736757
736763
736853
736993
737003
737069
737089
737093
737209
737227
737237
737333
737363
737383
737389
737447
737449
737461
737549
737663
737777
737831
737873
737931
737959
738053
738175
738265
738323
738329
738403
738443
738457
738469
738473
738553
738589
738623
738637
738643
738647
738653
738659
738721
738757
738923
738989
739121
739123
739231
739411
739527
739553
739579
739603
739703
739705
739727
739733
739861
739867
739879
739973
739975
739981
739983
740105
740203
740213
740251
740261
740269
740329
740387
740401
740403
740483
740561
740753
740827
740851
740869
740939
741083
741143
741197
741209
741233
741241
741293
741317
741323
741349
741413
741431
741479
741521
741523
741569
741601
741613
741617
741619
741641
741643
741721
741727
741737
741767
741901
741943
741977
742009
742039
742043
742079
742159
742171
742259
742439
742477
742729
742739
742759
742761
742837
742851
742853
742861
742913
743029
743179
743183
743233
743239
743287
743299
743303
743339
743341
743349
743363
743377
743447
743449
743457
743467
743473
743477
743483
743497
743509
743623
743633
743947
743965
744005
744019
744029
744113
744127
744151
744157
744203
744253
744265
744335
744409
744433
744437
744467
744469
744619
744649
744677
744739
744791
744833
744835
744869
744923
744929
744959
744979
745027
745067
745083
745143
745145
745147
745253
745277
745283
745313
745343
745409
745417
745441
745451
745457
745543
745573
745583
745631
745643
745673
745767
745771
745777
745793
745799
745819
745823
745849
745889
745907
745909
745999
746003
746051
746071
746267
746269
746303
746371
746387
746389
746441
746449
746567
746569
746573
746605
746633
746635
746641
746681
746693
746819
746845
746849
746851
746903
746917
746995
747007
747019
747023
747053
747059
747077
747079
747083
747127
747173
747203
747299
747325
747473
747475
747503
747533
747563
747649
747651
747659
747689
747701
747781
747785
747787
747919
747953
748169
748171
748313
748361
748397
748399
748403
748547
748639
748643
748669
748735
748741
748903
748937
748981
748993
749013
749027
749029
749033
749059
749095
749363
749401
749405
749471
749497
749519
749561
749569
749591
749605
749641
749813
749947
749953
749971
749981
749993
750063
750209
750245
750259
750265
750293
750331
750335
750473
750539
750571
750667
750749
750833
750863
750877
750881
750883
751063
751103
751105
751217
751223
751277
751385
751423
751483
751493
751529
751553
751579
751583
751613
751643
751763
751799
751883
751973
752041
752057
752059
752117
752149
752155
752207
752209
752213
752303
752307
752323
752327
752369
752393
752483
752539
752581
752613
752711
752721
752729
752753
752833
753041
753049
753053
753059
753061
753103
753113
753203
753209
753235
753281
753287
753293
753343
753439
753463
753469
753527
753529
753569
753751
753773
753889
753913
753959
753961
753983
753985
754157
754189
754193
754303
754343
754381
754403
754427
754429
754489
754537
754549
754609
754661
754787
754789
754997
755177
755183
755289
755423
755459
755483
755491
755509
755525
755569
755575
755579
755597
755627
755635
755641
755689
755693
755813
755819
755831
755833
755837
755839
755903
755907
755909
755917
755923
755941
755989
755993
756023
756073
756083
756107
756203
756209
756233
756299
756379
756381
756421
756467
756497
756499
756503
756541
756549
756607
756631
756653
756689
756743
756793
756799
756811
756889
756893
756931
756971
756973
756977
756983
756991
757027
757075
757121
757127
757181
757201
757273
757277
757343
757457
757523
757583
757607
757609
757621
757633
757671
757733
757833
757835
757861
757865
757883
757963
757969
757979
758015
758071
758113
758123
758165
758209
758363
758393
758453
758467
758521
758587
758599
758641
758801
758899
758915
759001
759113
759193
759229
759239
759269
759341
759377
759383
759473
759503
759509
759529
759673
759779
759799
759821
759853
759859
759867
759893
759961
759977
759993
760013
760019
760051
760079
760081
760171
760189
760309
760343
760381
760459
760463
760663
760671
760675
760699
760711
760729
760745
760783
760789
760819
760969
760973
760975
761023
761027
761033
761077
761087
761093
761095
761131
761135
761183
761213
761227
761237
761263
761493
761503
761543
761597
761731
761741
761749
761753
761759
761783
761897
761903
762061
762065
762083
762109
762121
762139
762145
762157
762173
762197
762259
762271
762409
762417
762423
762437
762443
762451
762457
762503
762509
762677
762679
762683
762697
762761
762851
763187
763223
763237
763321
763433
763559
763583
763627
763677
763679
763705
763757
763823
763825
763861
763883
764059
764089
764153
764179
764191
764213
764275
764303
764399
764407
764409
764413
764419
764449
764509
764629
764663
764669
764689
764693
764699
764733
764737
764743
764761
764795
764809
764815
764869
764873
764909
764917
764927
764933
765017
765073
765077
765181
765259
765331
765353
765355
765391
765443
765473
765503
765539
765553
765587
765589
765599
765631
765659
765683
765689
765709
765797
765863
766001
766021
766049
766067
766193
766303
766343
766401
766403
766591
766609
766651
766701
766703
766823
766825
766831
766841
766877
766879
766913
766957
767003
767029
767051
767101
767117
767177
767185
767203
767213
767219
767243
767363
767369
767371
767381
767443
767447
767551
767647
767651
767653
767657
767687
767783
767911
767915
767917
767927
767969
767971
768073
768077
768143
768203
768241
768245
768329
768527
768599
768689
768701
768709
768773
768811
768815
768827
768961
769043
769061
769123
769171
769187
769207
769213
769261
769319
769339
769357
769469
769487
769505
769513
769639
769673
769699
769705
769709
769759
769763
769853
769883
769885
769889
769999
770003
770081
770083
770123
770129
770153
770261
770291
770323
770335
770339
770387
770389
770467
770611
770675
770677
770713
770813
770815
770941
770993
771109
771121
771123
771143
771185
771245
771301
771307
771331
771403
771413
771541
771659
771739
771743
771781
771787
771943
771973
772105
772181
772183
772207
772211
772231
772283
772463
772523
772547
772729
772747
772805
772819
772867
772885
772921
772993
773063
773093
773119
773125
773161
773167
773179
773213
773261
773299
773341
773419
773423
773459
773543
773615
773627
773639
773663
773695
773723
773725
773729
773749
773753
773779
773783
773909
773911
774023
774049
774053
774187
774211
774247
774259
774263
774269
774355
774379
774381
774383
774413
774443
774445
774457
774607
774609
774713
774719
774737
774739
774881
774883
774931
774973
774983
774997
775175
775193
775213
775217
775223
775289
775321
775367
775381
775403
775451
775459
775519
775613
775641
775787
775837
775843
775893
775895
775897
775949
775969
776011
776033
776063
776123
776269
776291
776299
776359
776367
776401
776407
776409
776483
776531
776533
776573
776587
776599
776605
776613
776627
776629
776639
776653
776663
776665
776759
776771
776893
776921
776927
777017
777019
777031
777041
777049
777083
777115
777221
777317
777319
777323
777331
777353
777397
777487
777497
777505
777515
777647
777683
777787
777797
777817
777883
777923
777931
778031
778129
778249
778271
778273
778337
778339
778343
778363
778441
778447
778583
778609
778741
778819
778933
778937
778951
779021
779041
779159
779197
779201
779279
779305
779359
779393
779439
779489
779673
779707
779717
779771
779797
779851
779903
779953
779995
779999
780001
780011
780067
780073
780091
780097
780107
780133
780239
780259
780287
780329
780349
780353
780403
780481
780523
780553
780613
780649
780757
780763
780779
780895
780917
780931
781021
781025
781091
781189
781247
781433
781441
781453
781493
781531
781567
781685
781687
781693
781699
781723
781741
781757
781771
781777
781901
782011
782071
782087
782153
782239
782345
782351
782357
782443
782521
782545
782551
782567
782593
782627
782725
782741
782797
782801
782807
782809
782819
782821
782849
782863
782893
782945
783047
783053
783091
783095
783199
783209
783229
783287
783379
783577
783619
783807
783829
783879
783893
783895
783911
783933
783961
783967
783979
783989
784015
784051
784129
784187
784265
784321
784429
784547
784583
784699
784727
784729
784757
784765
784801
784871
784879
784913
784919
784961
785033
785153
785173
785269
785381
785461
785489
785503
785551
785603
785609
785717
785813
785819
785881
785903
785969
786077
786253
786257
786271
786293
786451
786455
786503
786509
786523
786529
786559
786589
786673
786679
786763
786769
786777
786779
786803
786839
786861
786903
786917
787001
787023
787187
787189
787207
787219
787243
787247
787249
787313
787337
787343
787367
787373
787391
787403
787553
787573
787621
787667
787673
787679
787697
787711
787727
787793
787849
787885
787889
787913
787925
788041
788101
788131
788213
788231
788273
788327
788429
788483
788507
788603
788701
788705
788747
788761
788819
788821
788873
789181
789191
789197
789227
789253
789271
789277
789293
789353
789443
789497
789533
789547
789631
789691
789695
789755
789775
789799
789857
789863
789869
789883
789911
790073
790099
790103
790147
790151
790219
790223
790241
790303
790309
790313
790381
790459
790471
790549
790655
790663
790715
790883
790939
790943
791141
791165
791179
791209
791269
791327
791363
791449
791493
791497
791501
791521
791525
791573
791575
791579
791629
791633
791747
791831
791857
791873
791975
791993
792005
792083
792179
792187
792203
792263
792323
792383
792419
792499
792601
792751
792775
792829
792847
792853
792859
792907
792947
792993
792997
793009
793021
793029
793207
793253
793259
793261
793301
793307
793369
793381
793403
793409
793463
793469
793571
793643
793819
793853
793901
793909
793981
794251
794267
794275
794291
794297
794303
794317
794329
794341
794419
794423
794435
794449
794623
794713
794719
794721
794723
794757
794759
794761
794791
794809
794813
794831
794839
794841
794845
794939
795043
795049
795053
795253
795271
795349
795353
795373
795379
795427
795539
795563
795607
795619
795679
795743
795763
795833
795843
795887
795889
795917
795961
796019
796043
796091
796099
796199
796223
796309
796313
796319
796463
796627
796639
796717
796819
796823
796829
796897
797009
797063
797077
797093
797143
797173
797179
797207
797219
797221
797239
797243
797245
797297
797311
797437
797459
797569
797633
797659
797791
797813
797993
798031
798151
798301
798335
798349
798355
798359
798415
798541
798569
798571
798575
798577
798581
798599
798619
798623
798677
798829
798943
798985
799043
799063
799069
799117
799133
799151
799223
799231
799237
799261
799277
799315
799379
799427
799457
799529
799577
799699
799819
799823
799893
799903
799921
799923
799927
799937
800011
800171
800183
800195
800251
800257
800263
800267
800293
800333
800357
800365
800453
800497
800539
800573
800783
800807
800831
800933
800941
800971
801019
801037
801083
801089
801145
801159
801187
801203
801223
801247
801353
801373
801379
801427
801451
801527
801571
801577
801583
801641
801653
801715
801719
801721
801739
801741
801763
801797
801799
801841
801887
801889
801893
801899
801901
801919
801921
801979
802043
802045
802075
802079
802085
802103
802193
802211
802217
802235
802241
802253
802259
802283
802303
802307
802423
802441
802553
802625
802687
802741
802835
802837
802847
802867
802873
802951
803009
803063
803099
803107
803147
803177
803297
803347
803371
803375
803419
803521
803527
803551
803573
803659
803673
803687
803753
803759
803791
803941
804143
804211
804221
804239
804287
804347
804349
804353
804383
804451
804479
804497
804523
804619
804623
804779
804789
804847
804863
805127
805163
805193
805195
805229
805249
805339
805345
805591
805603
805607
805639
805645
805651
805669
805729
805763
805825
805877
805933
805943
806059
806077
806089
806111
806183
806243
806341
806413
806423
806485
806561
806581
806587
806591
806599
806615
806671
806675
806701
806839
806875
806951
806981
807031
807037
807049
807133
807151
807203
807281
807299
807311
807337
807343
807385
807433
807451
807517
807545
807577
807661
807671
807697
807713
807739
807757
807763
807769
807773
807823
807835
807839
807851
807881
807959
807983
808021
808039
808051
808129
808133
808193
808241
808283
808421
808483
808503
808559
808607
808609
808657
808703
808711
808751
808759
808793
808801
808807
808819
808881
808883
808891
808901
808967
808993
808999
809063
809105
809121
809123
809203
809243
809339
809359
809423
809461
809469
809471
809551
809587
809633
809663
809681
809687
809803
809807
809833
809869
809929
809933
809939
809993
810025
810091
810113
810151
810163
810239
810281
810307
810319
810457
810603
810617
810631
810723
810743
810769
810819
810883
810893
810949
810995
811043
811103
811211
811309
811357
811387
811399
811411
811469
811471
811531
811565
811673
811717
811799
811849
811943
812033
812061
812137
812147
812237
812311
812313
812401
812413
812477
812509
812539
812549
812551
812599
812603
812645
812717
812741
812771
812783
812789
812809
812821
812873
812881
812893
812903
812975
812987
812993
813167
813227
813325
813383
813431
813445
813469
813623
813625
813629
813677
813707
813723
813725
813731
813749
813833
813893
813913
813937
814139
814141
814151
814153
814249
814253
814255
814279
814289
814291
814309
814433
814579
814613
814647
814657
814663
814703
814721
814805
814913
814951
814955
815063
815065
815083
815089
815173
815209
815213
815291
815371
815417
815471
815573
815695
815707
815729
815737
815743
815747
815749
815771
815851
815855
815873
815897
815903
815977
816001
816019
816055
816251
816253
816261
816287
816293
816377
816401
816409
816413
816451
816473
816485
816593
816609
816623
816723
816743
816749
816781
816821
816869
816983
817051
817169
817193
817291
817339
817409
817433
817483
817487
817577
817579
817583
817585
817619
817657
817669
817697
817735
817757
817841
817991
818023
818033
818039
818041
818047
818053
818113
818129
818143
818151
818189
818191
818193
818197
818249
818267
818455
818473
818479
818497
818519
818531
818539
818621
818641
818669
818723
818725
818731
818743
818753
818767
818783
818801
818849
818857
818869
818887
818899
818909
818921
819199
819203
819211
819215
819323
819331
819333
819337
819353
819523
819533
819535
819839
819857
819859
819863
819959
820007
820073
820135
820153
820163
820187
820247
820373
820385
820489
820493
820517
820519
820657
820693
820763
820765
820769
820817
820837
820849
820851
820855
820943
820957
821003
821005
821117
821153
821189
821219
821221
821233
821243
821263
821311
821333
821341
821353
821363
821387
821413
821497
821551
821573
821581
821603
821677
821679
821689
821699
821713
821723
821897
821957
821971
822013
822023
822079
822083
822089
822139
822361
822365
822413
822433
822457
822521
822611
822617
822649
822767
822853
822859
822863
822919
822923
822961
822977
823051
823063
823081
823087
823093
823103
823129
823133
823183
823201
823243
823247
823283
823313
823315
823379
823403
823421
823427
823433
823459
823463
823499
823513
823519
823601
823681
823763
823801
823843
823855
823857
823859
823883
823913
823927
823931
823937
824099
824123
824153
824191
824207
824243
824251
824291
824293
824311
824321
824347
824353
824363
824401
824423
824479
824539
824563
824617
824623
824703
824779
824807
824821
824869
825073
825137
825143
825203
825205
825211
825307
825421
825449
825491
825661
825711
825719
825721
825791
825859
825865
825869
825893
825921
825925
826027
826073
826237
826249
826253
826289
826291
826415
826423
826427
826429
826459
826505
826517
826521
826621
826637
826643
826723
826733
826765
826769
826811
826813
826837
826853
826927
826943
826967
827041
827069
827093
827117
827147
827149
827191
827193
827195
827237
827257
827447
827473
827481
827503
827561
827563
827651
827699
827701
827779
827881
827929
827941
828083
828109
828133
828173
828221
828227
828239
828251
828259
828263
828277
828281
828287
828289
828331
828383
828451
828457
828463
828481
828559
828563
828607
828623
828707
828763
828769
828773
828845
829073
829127
829133
829159
829163
829293
829349
829373
829385
829399
829411
829423
829577
829583
829613
829663
829667
829673
829693
829771
829789
829849
829883
829913
829925
829949
830017
830023
830057
830063
830203
830279
830363
830387
830419
830423
830453
830569
830663
830693
830699
830749
830753
830809
830813
830957
830963
830993
831053
831113
831121
831167
831191
831269
831337
831343
831379
831385
831387
831389
831409
831463
831473
831479
831481
831485
831503
831787
831833
831923
831927
831937
832003
832005
832043
832045
832049
832159
832163
832165
832183
832193
832217
832225
832261
832273
832387
832427
832535
832539
832547
832553
832561
832639
832801
832817
832861
832973
833071
833111
833117
833147
833179
833201
833221
833233
833309
833311
833323
833333
833389
833401
833495
833513
833523
833563
833567
833599
833621
833723
833807
833821
833843
833873
833951
834039
834059
834063
834109
834227
834313
834317
834323
834349
834373
834379
834383
834389
834443
834451
834469
834541
834571
834685
834725
834733
834811
834829
834871
834875
834913
834919
834961
834965
834991
835021
835057
835067
835069
835073
835079
835103
835129
835171
835173
835177
835181
835187
835217
835271
835291
835333
835343
835345
835403
835493
835517
835565
835613
835615
835633
835739
835741
835759
835763
835793
835861
835867
835871
835873
835883
836009
836219
836245
836271
836303
836351
836393
836449
836453
836515
836517
836521
836527
836531
836573
836663
836761
836771
836821
836881
836893
836903
836987
837079
837089
837119
837157
837167
837173
837203
837211
837223
837237
837293
837323
837329
837379
837385
837415
837421
837473
837479
837527
837533
837557
837695
837697
837739
837745
837857
837863
837889
837895
837943
837965
838171
838209
838211
838219
838223
838253
838255
838261
838267
838283
838307
838313
838495
838613
838633
838637
838643
838669
838697
838723
838733
838787
838789
838813
838817
838969
839029
839031
839131
839135
839183
839227
839233
839273
839285
839303
839327
839333
839401
839461
839497
839501
839509
839527
839683
839731
839749
839809
839859
839923
839981
840001
840005
840031
840041
840119
840203
840211
840353
840365
840367
840383
840385
840391
840743
840773
840785
840787
840799
840841
840867
840871
841021
841103
841123
841133
841259
841307
841313
841351
841355
841371
841373
841417
841429
841459
841465
841489
841501
841523
841579
841651
841667
841671
841707
841709
841751
841763
841807
841821
841823
841891
841949
841967
842021
842023
842041
842089
842267
842533
842551
842557
842561
842629
842659
842675
842677
842689
842701
842773
842833
842881
842903
842993
842999
843011
843113
843137
843149
843181
843185
843215
843383
843397
843419
843509
843529
843541
843593
843629
843649
843659
843703
843713
843737
843739
843911
843913
843931
843949
843953
844013
844025
844253
844321
844331
844351
844373
844391
844403
844469
844523
844553
844579
844583
844651
844655
844661
844663
844733
844777
844793
844801
844807
844819
844927
844933
844961
844963
844967
844973
845003
845029
845047
845049
845069
845141
845183
845239
845243
845267
845289
845311
845333
845389
845401
845411
845471
845513
845539
845547
845639
845777
845783
845791
845813
845881
845951
845959
845989
845999
846037
846041
846113
846137
846187
846197
846203
846273
846277
846289
846293
846295
846299
846303
846323
846361
846409
846439
846443
846457
846503
846511
846539
846541
846601
846649
846691
846707
846787
846811
846829
847013
847111
847171
847249
847321
847325
847339
847373
847375
847397
847405
847555
847627
847637
847741
847793
847795
847829
847997
848027
848053
848059
848143
848153
848227
848251
848297
848321
848333
848363
848447
848495
848537
848543
848633
848653
848807
848825
848879
848887
848941
848945
848959
848999
849005
849023
849083
849169
849227
849241
849259
849275
849353
849443
849509
849605
849631
849691
849743
849749
849777
849787
849803
849811
849869
849893
849955
850063
850099
850153
850193
850273
850279
850283
850463
850481
850491
850499
850501
850531
850571
850573
850579
850589
850651
850697
850727
850729
850733
850735
850757
850763
850789
850793
850831
850855
850859
850915
850973
850991
850997
851057
851059
851063
851073
851101
851179
851213
851275
851333
851429
851461
851477
851549
851573
851603
851609
851695
851701
851709
851771
851903
851917
851939
851975
851981
851987
851993
852037
852043
852047
852061
852083
852101
852239
852263
852269
852301
852337
852353
852427
852437
852473
852487
852503
852523
852529
852593
852595
852623
852627
852689
852809
852893
852913
852917
852919
852971
853037
853133
853139
853159
853189
853223
853319
853339
853357
853373
853409
853487
853529
853579
853583
853693
853703
853739
853823
853847
853855
853861
853913
853999
854003
854171
854177
854179
854201
854213
854237
854263
854303
854305
854363
854389
854485
854513
854533
854573
854599
854633
854689
854693
854747
854773
854819
854899
854903
854975
855001
855031
855039
855089
855097
855151
855157
855161
855163
855169
855203
855433
855437
855443
855469
855473
855481
855485
855499
855529
855535
855547
855553
855559
855643
855653
855757
855787
855791
855865
855901
855997
856003
856007
856193
856195
856201
856217
856283
856313
856321
856393
856501
856579
856583
856591
856601
856613
856637
856649
856679
856711
856723
856741
856813
856817
856877
856949
856973
857137
857231
857377
857387
857419
857431
857433
857435
857491
857495
857539
857599
857603
857633
857687
857689
857749
857751
857759
857761
857765
857767
857785
857987
858007
858019
858043
858047
858113
858139
858167
858319
858343
858349
858355
858379
858397
858437
858541
858563
858593
858631
858659
858713
858769
858787
858791
858803
858967
859003
859063
859121
859123
859129
859135
859229
859307
859321
859327
859337
859393
859403
859499
859519
859523
859531
859619
859711
859721
859729
859765
859867
859871
859953
860029
860033
860037
860089
860119
860129
860151
860153
860179
860183
860185
860195
860239
860273
860423
860443
860449
860455
860479
860513
860543
860627
860701
860711
860729
860863
860873
860893
861139
861145
861203
861233
861243
861317
861391
861439
861443
861511
861517
861599
861617
861677
861761
861773
861881
861907
861953
861979
861983
862013
862039
862097
862297
862423
862453
862457
862513
862523
862607
862609
862669
862679
862681
862739
862741
862837
862849
862879
862973
863003
863017
863021
863023
863033
863047
863059
863089
863155
863179
863233
863309
863327
863333
863343
863379
863401
863413
863417
863429
863431
863435
863449
863569
863699
863899
863923
863959
863971
864227
864323
864341
864361
864365
864379
864389
864443
864469
864511
864553
864557
864559
864593
864599
864641
864643
864651
864659
864697
864709
864737
864743
864757
864827
864839
864849
864919
864923
864929
865009
865021
865103
865133
865135
865159
865163
865181
865267
865417
865421
865423
865439
865457
865523
865537
865541
865549
865619
865691
865693
865729
865789
865847
865903
865919
866033
866101
866125
866141
866183
866255
866257
866281
866311
866341
866363
866417
866477
866483
866537
866539
866543
866581
866587
866593
866605
866669
866719
866791
866821
866879
866987
867091
867151
867179
867233
867301
867323
867499
867653
867733
867835
867893
867899
867913
867919
867929
867971
868021
868051
868055
868085
868123
868237
868291
868501
868537
868619
868849
868891
868909
868915
868961
868973
869003
869059
869093
869179
869213
869321
869327
869399
869443
869447
869503
869507
869609
869615
869717
869819
869899
869927
869959
869969
870053
870137
870253
870353
870497
870665
870743
870753
870773
870787
870853
870871
871049
871061
871091
871103
871105
871133
871183
871189
871201
871205
871211
871249
871289
871307
871313
871349
871357
871363
871403
871411
871463
871535
871699
871709
871733
871775
871789
871799
871847
871907
871931
871933
871939
872057
872207
872213
872251
872257
872303
872401
872441
872457
872491
872495
872507
872569
872623
872659
872677
872687
872695
872713
872767
872807
872815
872825
872857
872869
872873
872897
872903
872933
872969
872973
872977
873003
873023
873025
873053
873095
873139
873159
873173
873209
873211
873223
873263
873271
873297
873379
873439
873501
873571
873577
873623
873647
873727
873749
873819
873827
873829
873833
873841
873901
873923
873941
873965
874015
874017
874019
874069
874151
874163
874187
874253
874313
874317
874351
874487
874489
874493
874519
874547
874601
874741
874817
874859
874931
874997
875117
875143
875147
875159
875183
875213
875363
875395
875399
875419
875449
875477
875533
875545
875551
875561
875593
875603
875717
875831
875851
875857
875861
875863
875867
875873
876023
876041
876053
876079
876083
876107
876151
876207
876209
876349
876373
876381
876407
876409
876457
876503
876509
876541
876551
876625
876677
876679
876689
876691
876769
876803
876871
876883
876899
876917
876979
876985
876989
877007
877091
877133
877147
877223
877243
877247
877271
877307
877429
877469
877471
877493
877497
877501
877505
877507
877549
877623
877631
877633
877637
877677
877703
877783
877799
877909
877919
877951
877957
878077
878203
878243
878303
878309
878333
878335
878389
878519
878681
878699
878797
878873
878893
878965
879031
879047
879049
879061
879067
879143
879185
879203
879229
879421
879427
879563
879589
879631
879721
879799
879821
879883
879899
879983
879987
880043
880133
880157
880223
880225
880283
880303
880361
880373
880379
880381
880391
880427
880469
880577
880609
880627
880631
880639
880729
880757
880763
880801
880967
881017
881029
881101
881177
881219
881249
881251
881393
881483
881491
881497
881563
881611
881615
881617
881627
881681
881717
881729
881743
881749
881785
881795
881813
881927
881941
881987
882085
882091
882211
882265
882269
882271
882277
882299
882393
882395
882401
882413
882463
882529
882551
882559
882631
882661
882677
882737
882761
882787
882925
882989
882995
883013
883019
883031
883141
883249
883255
883285
883343
883363
883373
883669
883703
883783
883793
883819
883823
883849
883853
883891
883907
883933
883943
884087
884089
884093
884137
884183
884207
884377
884387
884389
884393
884501
884543
884617
884749
884761
884831
884857
884899
884901
884903
884921
884929
884933
885023
885047
885133
885143
885169
885271
885307
885337
885341
885403
885427
885529
885533
885569
885623
885641
885643
885667
885739
885743
885769
885899
886045
886051
886073
886079
886103
886129
886201
886213
886247
886387
886403
886549
886565
886759
886829
886837
886877
886895
886913
886937
886999
887023
887035
887039
887101
887153
887211
887213
887273
887347
887353
887359
887405
887413
887423
887459
887465
887489
887513
887515
887759
887779
887791
887849
887867
887875
887911
887923
888021
888113
888217
888293
888299
888323
888331
888337
888379
888413
888503
888511
888527
888559
888593
888601
888691
888703
888827
888887
889129
889145
889187
889247
889393
889415
889457
889521
889531
889541
889549
889643
889703
889729
889733
889747
889795
889801
889803
889835
889837
889853
889973
890035
890041
890069
890083
890087
890089
890093
890243
890261
890263
890273
890293
890335
890351
890391
890399
890401
890471
890475
890563
890575
890597
890603
890611
890613
890615
890629
890657
890683
890689
890711
890717
890737
890741
890763
890767
890771
890897
890963
891023
891077
891103
891181
891199
891253
891257
891263
891329
891331
891427
891461
891463
891509
891529
891683
891689
891719
891721
891775
891799
891949
891999
892037
892175
892189
892193
892201
892219
892271
892295
892309
892367
892403
892457
892487
892559
892643
892673
892679
892691
892711
892821
892823
892883
892921
893041
893059
893063
893165
893169
893191
893227
893237
893263
893281
893287
893317
893363
893389
893449
893455
893467
893491
893521
893573
893597
893611
893671
893725
893747
893783
893791
893825
893843
893881
893947
893951
893957
893963
894019
894073
894083
894169
894307
894353
894469
894481
894559
894563
894571
894613
894619
894649
894669
894757
894821
894827
894847
894871
894899
894947
894959
894967
895013
895061
895099
895189
895253
895291
895373
895375
895393
895399
895433
895823
895937
895939
896071
896087
896219
896303
896327
896381
896419
896453
896455
896495
896573
896603
896659
896681
896683
896693
896725
896729
896749
896753
896789
896807
896813
896815
896817
896843
896845
896899
896903
896929
896963
896993
897031
897143
897167
897199
897251
897407
897415
897527
897529
897533
897619
897653
897661
897709
897731
897737
897755
897757
897787
897791
897797
897833
897859
897887
897953
897983
897993
898043
898109
898133
898153
898327
898349
898463
898501
898523
898567
898583
898621
898639
898673
898691
898735
898741
898795
898853
898891
898907
898937
898951
898963
898969
898981
898999
899237
899239
899273
899291
899329
899335
899341
899351
899359
899501
899519
899545
899557
899563
899567
899571
899581
899585
899617
899621
899761
899765
899807
899809
899851
899863
899867
899881
899941
899945
899959
899983
900019
900023
900047
900061
900193
900197
900263
900293
900307
900379
900383
900773
900775
900777
900821
900877
900893
901013
901019
901021
901033
901217
901253
901283
901309
901357
901369
901379
901403
901471
901571
901727
901757
901789
901939
901943
902053
902065
902101
902143
902149
902153
902165
902179
902207
902237
902263
902285
902333
902375
902417
902551
902611
902617
902639
902687
902689
902701
902705
902731
902809
902827
902873
902885
902911
902941
903017
903053
903079
903083
903085
903113
903125
903227
903269
903299
903323
903421
903461
903467
903499
903593
903619
903649
903727
903827
903841
903919
903923
903983
904031
904103
904123
904127
904147
904159
904163
904231
904235
904237
904241
904317
904327
904369
904403
904405
904411
904427
904549
904559
904577
904643
904699
904741
904883
904939
904963
904969
905089
905147
905213
905231
905263
905299
905303
905309
905363
905375
905425
905435
905477
905509
905513
905527
905537
905567
905603
905659
905663
905719
905721
905731
905761
905785
905807
905849
905851
905857
905861
905869
905923
905977
906049
906067
906089
906139
906143
906161
906233
906241
906403
906443
906497
906563
906571
906623
906731
906737
906779
906847
906863
906881
906883
906887
906955
906977
906985
906989
906991
907141
907241
907283
907349
907399
907403
907595
907615
907673
907733
907769
907853
907871
907873
907975
908003
908011
908029
908071
908087
908261
908291
908329
908339
908363
908461
908471
908603
908771
908881
908939
908959
908995
909119
909137
909151
909175
909181
909203
909257
909331
909343
909383
909467
909487
909493
909559
909563
909637
909643
909653
909655
909809
909923
909933
909935
909943
909977
909979
909985
910003
910007
910051
910157
910219
910229
910231
910247
910249
910253
910255
910257
910259
910285
910313
910341
910379
910399
910427
910429
910493
910523
910583
910663
910673
910713
910717
910721
910723
910787
910817
910825
910859
910861
910883
910885
910909
910939
910943
911039
911041
911149
911179
911255
911273
911281
911387
911473
911507
911509
911513
911527
911549
911555
911567
911633
911749
911753
911795
911917
911929
911979
912007
912061
912121
912127
912193
912199
912277
912295
912299
912301
912307
912313
912319
912349
912367
912371
912415
912419
912497
912511
912545
912591
912593
912595
912605
912607
912609
912611
912649
912655
912671
912673
912779
912871
912883
912893
913073
913103
913109
913157
913187
913189
913219
913225
913261
913337
913345
913397
913399
913457
913459
913463
913465
913489
913495
913499
913519
913591
913663
913687
913711
913729
913757
913771
913777
913781
913813
913829
913847
913853
913855
913877
913945
914049
914063
914083
914093
914099
914143
914161
914167
914191
914239
914243
914299
914395
914477
914659
914665
914671
914677
914741
914753
914903
914905
914917
914921
914927
914957
914959
914971
915053
915073
915077
915113
915125
915157
915203
915233
915259
915265
915311
915313
915325
915331
915379
915419
915437
915451
915469
915489
915503
915557
915775
915785
915799
915801
915803
915893
915929
916013
916079
916147
916151
916229
916291
916297
916367
916373
916421
916477
916487
916621
916637
916681
916703
916705
916709
916715
916739
916753
916759
916789
916807
916819
916889
916893
916939
916975
917017
917041
917053
917065
917251
917263
917281
917335
917369
917371
917389
917419
917479
917531
917641
917669
917701
917813
917849
917997
918089
918109
918121
918181
918209
918223
918233
918283
918443
918501
918509
918595
918685
918691
918697
918713
918787
918811
918839
918863
918877
918971
918991
919039
919043
919067
919091
919111
919193
919201
919301
919351
919367
919381
919433
919451
919473
919483
919497
919531
919593
919621
919709
919733
919823
919913
919973
919985
919987
919993
919999
920041
920057
920077
920089
920303
920333
920443
920509
920551
920561
920583
920617
920659
920761
920809
920813
920849
920873
920891
920893
920903
920933
920977
921031
921053
921169
921203
921301
921313
921317
921331
921383
921397
921427
921469
921503
921523
921541
921567
921677
921685
921859
921919
921931
921941
921997
922043
922147
922177
922189
922193
922261
922321
922367
922399
922403
922405
922469
922517
922519
922535
922583
922643
922681
922699
922703
922745
922753
922759
922787
922813
922819
922831
922835
922883
922945
922973
922975
923033
923057
923059
923075
923079
923081
923101
923111
923149
923213
923281
923387
923413
923471
923477
923479
923483
923515
923617
923723
923749
923753
923755
923789
923791
923869
923873
923875
923933
923989
923997
923999
924061
924155
924213
924221
924247
924305
924317
924337
924361
924383
924437
924445
924473
924509
924529
924571
924575
924581
924583
924623
924631
924847
924853
924893
924941
924971
925223
925261
925315
925349
925373
925409
925433
925537
925541
925623
925649
925769
925813
925855
925861
925943
925997
926039
926059
926131
926161
926183
926209
926239
926259
926275
926359
926417
926467
926477
926515
926539
926597
926603
926719
926723
926777
926807
926821
926825
926831
926935
926939
926987
927059
927107
927119
927167
927169
927191
927193
927205
927239
927241
927343
927383
927499
927503
927577
927587
927607
927683
927685
927691
927713
927803
927877
927883
927907
927919
927925
927931
927977
928003
928023
928025
928189
928193
928201
928205
928289
928381
928433
928487
928501
928513
928573
928583
928715
928733
928823
928835
928889
928943
929179
929213
929341
929345
929507
929657
929671
929693
929703
929723
929749
929777
929815
929843
929905
929917
929941
929989
930023
930133
930139
930217
930247
930349
930361
930389
930439
930481
930509
930511
930521
930529
930599
930619
930749
930803
930827
930883
930931
931027
931033
931039
931045
931049
931067
931069
931135
931139
931163
931199
931217
931291
931321
931323
931363
931367
931399
931427
931431
931441
931459
931549
931553
931577
931579
931597
931621
931643
931669
931691
931759
931837
931969
932011
932053
932057
932059
932231
932263
932267
932279
932281
932297
932369
932375
932377
932389
932447
932539
932573
932609
932623
932627
932653
932683
932695
932713
932731
932821
932825
932887
932893
933023
933025
933077
933083
933113
933301
933331
933337
933355
933407
933439
933457
933509
933619
933623
933685
933713
933719
933739
933763
933769
933857
933983
934013
934019
934081
934085
934091
934097
934129
934189
934229
934231
934301
934499
934547
934615
934621
934639
934643
934649
934697
934733
934775
934813
934921
934981
935003
935035
935071
935219
935283
935363
935413
935423
935461
935531
935537
935539
935557
935719
935721
935793
935843
935873
935903
935919
935923
935927
935929
935951
935981
936007
936071
936077
936137
936203
936205
936239
936289
936319
936337
936341
936437
936451
936457
936473
936625
936679
936743
936755
936827
936849
937021
937069
937087
937093
937103
937127
937133
937189
937253
937255
937267
937271
937337
937385
937391
937399
937435
937463
937517
937519
937541
937543
937733
937823
937921
937955
938059
938129
938131
938137
938147
938157
938159
938161
938163
938183
938279
938281
938327
938407
938491
938509
938577
938597
938599
938611
938699
938713
938727
938737
938761
938807
938813
938893
938903
939023
939031
939041
939127
939131
939137
939181
939205
939211
939257
939323
939377
939451
939489
939523
939529
939553
939623
939625
939627
939631
939719
939803
939829
939857
939949
940037
940043
940097
940203
940369
940427
940487
940621
940625
940673
940741
940829
940921
940957
940963
940967
941041
941063
941179
941273
941407
941411
941519
941543
941617
941629
941821
941825
941841
941881
941885
941933
941947
942017
942145
942203
942227
942271
942323
942377
942403
942409
942481
942677
942769
942791
942817
942829
942923
942949
942985
943099
943189
943199
943253
943373
943433
943451
943453
943457
943481
943487
943517
943549
943607
943615
943617
943619
943669
943675
943703
943819
943883
943889
943931
943933
943937
943961
944045
944077
944099
944161
944197
944209
944311
944331
944339
944497
944569
944621
944629
944659
944731
944743
944749
944803
944809
944843
944873
944899
944903
944905
944911
944929
944987
944989
945001
945007
945041
945103
945109
945121
945181
945187
945191
945233
945239
945241
945257
945319
945409
945443
945487
945509
945521
945533
945551
945553
945557
945563
945611
945647
945691
945713
945757
945773
945833
945991
946007
946009
946057
946061
946097
946139
946149
946157
946163
946183
946223
946231
946279
946307
946309
946343
946349
946517
946529
946535
946537
946581
946585
946613
946643
946741
946789
946823
946879
946883
946889
946907
946921
946973
946999
947005
947033
947049
947063
947069
947137
947141
947147
947149
947215
947221
947225
947233
947239
947263
947273
947275
947281
947303
947521
947561
947585
947603
947671
947681
947683
947689
947753
947873
947897
947929
947973
947989
948103
948109
948115
948151
948173
948187
948197
948205
948217
948229
948353
948355
948407
948457
948497
948523
948559
948613
948625
948641
948697
948721
948731
948767
948769
948853
948863
949009
949051
949057
949069
949085
949097
949099
949159
949177
949189
949193
949219
949261
949265
949273
949277
949279
949285
949309
949331
949341
949363
949481
949543
949621
949699
949709
949711
949741
949777
949817
949819
949823
949829
949835
949903
949907
950043
950053
950057
950111
950131
950251
950255
950287
950291
950293
950303
950305
950333
950483
950587
950591
950593
950647
950765
950795
950839
950967
951113
951197
951233
951317
951389
951413
951473
951505
951515
951527
951539
951589
951623
951659
951713
951719
951725
951751
951803
951811
951865
951979
952013
952319
952351
952453
952461
952487
952507
952513
952519
952583
952793
952891
952903
953063
953119
953131
953191
953203
953351
953359
953369
953371
953375
953455
953573
953581
953621
953651
953681
953807
953813
953863
953893
953899
953957
954025
954029
954047
954049
954061
954113
954233
954293
954329
954331
954343
954353
954379
954395
954497
954545
954553
954557
954575
954599
954649
954653
954679
954683
954733
954743
954775
954797
954803
954833
954873
954893
954943
954947
954995
955003
955009
955013
955063
955073
955103
955109
955117
955157
955169
955193
955231
955345
955415
955421
955487
955531
955567
955579
955583
955663
955673
955679
955729
955747
955751
955855
955967
955973
956007
956011
956021
956023
956057
956069
956071
956089
956093
956125
956187
956191
956201
956239
956243
956281
956293
956311
956321
956359
956433
956437
956443
956455
956459
956537
956543
956545
956551
956569
956591
956633
956651
956663
956713
956765
956809
956813
956867
956881
956965
957017
957073
957077
957079
957143
957221
957227
957263
957293
957373
957379
957391
957433
957443
957445
957457
957461
957473
957481
957485
957503
957505
957623
957755
957781
957811
957823
957829
957833
957851
957893
957919
957959
958063
958075
958087
958099
958103
958127
958223
958231
958267
958271
958277
958403
958591
958645
958703
958747
958751
958763
958831
958933
958937
958979
958981
959047
959111
959183
959185
959279
959287
959303
959311
959395
959425
959431
959503
959507
959515
959519
959533
959539
959543
959567
959579
959633
959695
959701
959783
959813
959849
959891
959957
959983
960031
960059
960091
960151
960231
960239
960305
960397
960419
960423
960447
960475
960499
960503
960533
960623
960717
960739
960749
960773
960871
961073
961161
961163
961207
961213
961219
961221
961231
961249
961259
961321
961343
961351
961373
961403
961429
961465
961567
961709
961789
961819
961879
961883
961885
961889
961907
961909
961913
961943
962021
962057
962063
962077
962089
962099
962143
962267
962269
962311
962317
962321
962377
962381
962389
962393
962441
962479
962509
962513
962519
962569
962573
962627
962693
962695
962719
962749
962841
962873
962885
962921
962941
963019
963049
963053
963059
963061
963263
963353
963367
963379
963427
963437
963463
963467
963503
963523
963533
963541
963671
963901
963923
963929
963947
963949
963955
964009
964099
964105
964111
964133
964231
964309
964315
964339
964375
964399
964427
964441
964451
964537
964591
964609
964619
964759
964763
964835
964841
964847
964913
964943
964981
964993
965003
965023
965033
965273
965333
965357
965377
965519
965537
965647
965659
965683
965693
965729
965731
965735
965801
965803
965807
965813
965857
965859
965869
965897
965917
965927
965939
965989
965993
966019
966041
966163
966169
966271
966293
966323
966359
966527
966557
966563
966595
966641
966697
966703
966713
966751
966755
966761
966763
966829
966893
966937
966973
966977
967021
967061
967069
967081
967111
967141
967151
967217
967261
967297
967349
967367
967373
967459
967529
967613
967633
967639
967649
967673
967795
967801
967881
967889
967913
968003
968071
968159
968183
968333
968479
968597
968621
968627
968669
968689
968701
968731
968737
968743
968767
968777
968831
968837
968879
968917
968941
968981
968997
969113
969143
969183
969185
969209
969211
969287
969383
969443
969511
969523
969541
969559
969575
969607
969619
969647
969679
969685
969695
969721
969743
969809
969821
969823
969889
969935
970003
970009
970013
970121
970133
970157
970171
970219
970283
970315
970325
970355
970363
970495
970507
970523
970609
970615
970889
970891
970969
971003
971123
971177
971197
971213
971309
971319
971357
971401
971407
971431
971443
971449
971453
971491
971531
971539
971591
971593
971669
971723
971729
971791
971797
971821
971833
971881
971903
971921
971963
972047
972049
972137
972139
972143
972167
972171
972173
972241
972291
972293
972299
972353
972413
972443
972499
972503
972505
972511
972515
972623
972721
972725
972743
972751
972773
972799
972809
972901
972907
973191
973195
973223
973235
973253
973295
973297
973307
973343
973429
973439
973441
973489
973561
973567
973609
973613
973657
973691
973693
973697
973699
973709
973733
973759
973823
973871
973873
973901
973927
973933
973969
973973
973985
974011
974063
974279
974297
974341
974359
974437
974603
974605
974607
974617
974663
974677
974777
974899
974905
975097
975109
975113
975139
975157
975217
975221
975233
975239
975263
975287
975289
975295
975473
975529
975539
975553
975581
975599
975631
975649
975671
975743
975745
975749
975913
975919
975923
975949
976013
976015
976019
976021
976049
976051
976147
976159
976163
976213
976283
976313
976315
976321
976327
976351
976373
976517
976523
976571
976577
976579
976583
976651
976675
976741
976759
976803
976827
976831
976909
976933
976939
976967
976969
976971
976991
976997
977047
977057
977069
977077
977089
977101
977107
977129
977219
977243
977303
977311
977413
977447
977465
977471
977521
977539
977541
977573
977611
977629
977633
977643
977705
977723
977773
977831
977843
977863
977869
977903
977917
977927
977929
977957
978129
978181
978303
978323
978359
978365
978493
978521
978569
978619
978647
978759
978773
978871
978889
978917
978947
978973
978979
979043
979073
979133
979351
979383
979493
979553
979573
979603
979613
979623
979631
979651
979673
979697
979717
979721
979729
979769
979833
979927
979949
979969
979973
979981
979999
980003
980017
980081
980087
980219
980263
980341
980349
980383
980513
980527
980623
980641
980663
980689
980761
980779
980851
980857
980867
980869
980971
980981
981025
981091
981319
981325
981331
981349
981397
981487
981499
981529
981531
981539
981601
981769
981773
981775
981895
981965
981983
982021
982069
982111
982141
982157
982193
982217
982231
982235
982253
982273
982369
982381
982405
982411
982417
982429
982433
982435
982447
982459
982471
982503
982535
982667
982711
982721
982819
982879
982881
982889
982943
982987
982997
983003
983017
983029
983039
983069
983083
983089
983095
983101
983377
983461
983491
983539
983561
983611
983623
983641
983669
983681
983701
983707
983711
983713
983717
983753
983867
983911
983933
983957
983967
984017
984047
984149
984167
984169
984187
984217
984265
984301
984443
984517
984541
984563
984631
984647
984713
984761
984763
984779
984829
984859
984889
984937
984961
984965
984989
985027
985039
985043
985111
985153
985157
985193
985195
985199
985223
985225
985231
985253
985317
985385
985549
985573
985577
985613
985643
985681
985745
985747
985763
985785
985847
985955
985999
986023
986027
986071
986089
986213
986221
986299
986311
986377
986449
986453
986483
986549
986647
986671
986779
986783
986827
986867
986873
986875
986885
986891
986903
986945
987101
987107
987153
987227
987233
987259
987269
987275
987317
987319
987325
987341
987373
987391
987407
987413
987433
987439
987491
987545
987565
987613
987641
987717
987739
987749
987763
987775
987889
987917
988027
988037
988111
988163
988237
988243
988283
988321
988387
988391
988397
988417
988441
988501
988511
988517
988519
988619
988681
988697
988733
988735
988737
988739
988745
988763
988771
988791
988799
988883
988973
988979
988997
988999
989045
989081
989089
989129
989137
989141
989143
989153
989173
989177
989189
989195
989327
989353
989383
989483
989509
989513
989537
989587
989605
989609
989649
989695
989725
989813
989839
989851
989887
989959
990077
990083
990089
990101
990187
990211
990403
990407
990415
990427
990469
990533
990607
990647
990653
990737
990817
990827
990859
990895
990925
991009
991013
991093
991147
991151
991233
991261
991273
991433
991453
991513
991663
991669
991693
991703
991763
991777
991793
991827
991829
991831
991847
991849
991853
991913
992033
992067
992087
992153
992323
992423
992469
992471
992477
992645
992749
992767
992783
992965
992983
993019
993059
993081
993151
993175
993179
993269
993305
993383
993407
993437
993481
993497
993543
993571
993589
993597
993649
993655
993737
993743
993745
993799
993801
993803
993827
993851
993893
993943
993947
993983
994073
994095
994171
994249
994393
994397
994399
994501
994507
994585
994603
994629
994723
994729
994751
994759
994769
994793
994817
994853
994883
994937
995025
995063
995081
995133
995149
995173
995183
995191
995201
995251
995329
995401
995477
995483
995597
995689
995791
995807
995813
995839
995851
995965
996077
996079
996083
996119
996211
996229
996235
996271
996367
996377
996389
996413
996431
996461
996487
996491
996511
996571
996581
996649
996667
996715
996727
996739
996767
996979
996983
997023
997127
997171
997175
997177
997181
997183
997289
997343
997369
997405
997439
997463
997469
997471
997511
997553
997813
997823
997829
997859
997897
997913
997915
998033
998167
998177
998219
998311
998329
998331
998353
998363
998471
998473
998513
998567
998583
998689
998695
998723
998759
998761
998785
998789
998795
998863
998867
998897
998971
998989
998993
999029
999049
999239
999241
999331
999455
999463
999507
999565
999569
999633
999641
999697
999703
999773
999785
999791
999811
999823
999827
999829
999835
999889
999893
999935
999961
999965
