maximum,status
52321,PREDECESSOR_REPORTED_COMPLETE
52459,PREDECESSOR_REPORTED_COMPLETE
52981,PREDECESSOR_REPORTED_COMPLETE
53017,PREDECESSOR_REPORTED_COMPLETE
53329,PREDECESSOR_REPORTED_COMPLETE
54221,PREDECESSOR_REPORTED_COMPLETE
54479,PREDECESSOR_REPORTED_COMPLETE
54653,PREDECESSOR_REPORTED_COMPLETE
54799,PREDECESSOR_REPORTED_COMPLETE
54883,PREDECESSOR_REPORTED_COMPLETE
54923,PREDECESSOR_REPORTED_COMPLETE
55171,PREDECESSOR_REPORTED_COMPLETE
55411,PREDECESSOR_REPORTED_COMPLETE
56059,PREDECESSOR_REPORTED_COMPLETE
56063,PREDECESSOR_REPORTED_COMPLETE
56179,PREDECESSOR_REPORTED_COMPLETE
56311,PREDECESSOR_REPORTED_COMPLETE
56633,PREDECESSOR_REPORTED_COMPLETE
57353,PREDECESSOR_REPORTED_COMPLETE
57503,PREDECESSOR_REPORTED_COMPLETE
57809,PREDECESSOR_REPORTED_COMPLETE
58813,PREDECESSOR_REPORTED_COMPLETE
58853,PREDECESSOR_REPORTED_COMPLETE
58943,PREDECESSOR_REPORTED_COMPLETE
59671,PREDECESSOR_REPORTED_COMPLETE
59837,PREDECESSOR_REPORTED_COMPLETE
59897,PREDECESSOR_REPORTED_COMPLETE
60223,PREDECESSOR_REPORTED_COMPLETE
60661,PREDECESSOR_REPORTED_COMPLETE
60839,PREDECESSOR_REPORTED_COMPLETE
61099,PREDECESSOR_REPORTED_COMPLETE
61585,PREDECESSOR_REPORTED_COMPLETE
61613,PREDECESSOR_REPORTED_COMPLETE
61763,PREDECESSOR_REPORTED_COMPLETE
61819,PREDECESSOR_REPORTED_COMPLETE
61879,PREDECESSOR_REPORTED_COMPLETE
61913,PREDECESSOR_REPORTED_COMPLETE
62081,PREDECESSOR_REPORTED_COMPLETE
62509,PREDECESSOR_REPORTED_COMPLETE
62513,PREDECESSOR_REPORTED_COMPLETE
63259,PREDECESSOR_REPORTED_COMPLETE
63503,PREDECESSOR_REPORTED_COMPLETE
63863,PREDECESSOR_REPORTED_COMPLETE
63883,PREDECESSOR_REPORTED_COMPLETE
64283,PREDECESSOR_REPORTED_COMPLETE
64529,PREDECESSOR_REPORTED_COMPLETE
64643,PREDECESSOR_REPORTED_COMPLETE
64727,PREDECESSOR_REPORTED_COMPLETE
65071,PREDECESSOR_REPORTED_COMPLETE
65153,PREDECESSOR_REPORTED_COMPLETE
65357,PREDECESSOR_REPORTED_COMPLETE
65423,PREDECESSOR_REPORTED_COMPLETE
65461,PREDECESSOR_REPORTED_COMPLETE
65903,PREDECESSOR_REPORTED_COMPLETE
65993,PREDECESSOR_REPORTED_COMPLETE
66001,PREDECESSOR_REPORTED_COMPLETE
66199,PREDECESSOR_REPORTED_COMPLETE
66307,PREDECESSOR_REPORTED_COMPLETE
66383,PREDECESSOR_REPORTED_COMPLETE
66769,PREDECESSOR_REPORTED_COMPLETE
66827,PREDECESSOR_REPORTED_COMPLETE
66889,PREDECESSOR_REPORTED_COMPLETE
66901,PREDECESSOR_REPORTED_COMPLETE
67079,PREDECESSOR_REPORTED_COMPLETE
67247,PREDECESSOR_REPORTED_COMPLETE
67289,PREDECESSOR_REPORTED_COMPLETE
68003,PREDECESSOR_REPORTED_COMPLETE
68119,PREDECESSOR_REPORTED_COMPLETE
68189,PREDECESSOR_REPORTED_COMPLETE
68333,PREDECESSOR_REPORTED_COMPLETE
68401,PREDECESSOR_REPORTED_COMPLETE
68791,PREDECESSOR_REPORTED_COMPLETE
68821,PREDECESSOR_REPORTED_COMPLETE
69073,PREDECESSOR_REPORTED_COMPLETE
69271,PREDECESSOR_REPORTED_COMPLETE
69341,PREDECESSOR_REPORTED_COMPLETE
69439,PREDECESSOR_REPORTED_COMPLETE
69499,PREDECESSOR_REPORTED_COMPLETE
70687,PREDECESSOR_REPORTED_COMPLETE
70733,PREDECESSOR_REPORTED_COMPLETE
71093,PREDECESSOR_REPORTED_COMPLETE
71191,PREDECESSOR_REPORTED_COMPLETE
71209,PREDECESSOR_REPORTED_COMPLETE
71363,PREDECESSOR_REPORTED_COMPLETE
71609,PREDECESSOR_REPORTED_COMPLETE
72001,PREDECESSOR_REPORTED_COMPLETE
72053,PREDECESSOR_REPORTED_COMPLETE
72181,PREDECESSOR_REPORTED_COMPLETE
72287,PREDECESSOR_REPORTED_COMPLETE
72563,PREDECESSOR_REPORTED_COMPLETE
72799,PREDECESSOR_REPORTED_COMPLETE
72841,PREDECESSOR_REPORTED_COMPLETE
72983,PREDECESSOR_REPORTED_COMPLETE
73097,PREDECESSOR_REPORTED_COMPLETE
73153,PREDECESSOR_REPORTED_COMPLETE
73159,PREDECESSOR_REPORTED_COMPLETE
73217,PREDECESSOR_REPORTED_COMPLETE
73789,PREDECESSOR_REPORTED_COMPLETE
73799,PREDECESSOR_REPORTED_COMPLETE
74243,PREDECESSOR_REPORTED_COMPLETE
74471,PREDECESSOR_REPORTED_COMPLETE
74783,PREDECESSOR_REPORTED_COMPLETE
74959,PREDECESSOR_REPORTED_COMPLETE
74963,PREDECESSOR_REPORTED_COMPLETE
74969,PREDECESSOR_REPORTED_COMPLETE
74975,PREDECESSOR_REPORTED_COMPLETE
75059,PREDECESSOR_REPORTED_COMPLETE
75113,PREDECESSOR_REPORTED_COMPLETE
75115,PREDECESSOR_REPORTED_COMPLETE
75409,PREDECESSOR_REPORTED_COMPLETE
75481,PREDECESSOR_REPORTED_COMPLETE
75743,PREDECESSOR_REPORTED_COMPLETE
75799,PREDECESSOR_REPORTED_COMPLETE
75833,PREDECESSOR_REPORTED_COMPLETE
75893,PREDECESSOR_REPORTED_COMPLETE
76003,PREDECESSOR_REPORTED_COMPLETE
76009,PREDECESSOR_REPORTED_COMPLETE
76061,PREDECESSOR_REPORTED_COMPLETE
76163,PREDECESSOR_REPORTED_COMPLETE
76169,PREDECESSOR_REPORTED_COMPLETE
76171,PREDECESSOR_REPORTED_COMPLETE
76181,PREDECESSOR_REPORTED_COMPLETE
76441,PREDECESSOR_REPORTED_COMPLETE
76697,PREDECESSOR_REPORTED_COMPLETE
76969,PREDECESSOR_REPORTED_COMPLETE
77389,PREDECESSOR_REPORTED_COMPLETE
77573,PREDECESSOR_REPORTED_COMPLETE
77783,PREDECESSOR_REPORTED_COMPLETE
78061,PREDECESSOR_REPORTED_COMPLETE
78443,PREDECESSOR_REPORTED_COMPLETE
78517,PREDECESSOR_REPORTED_COMPLETE
78667,PREDECESSOR_REPORTED_COMPLETE
78809,PREDECESSOR_REPORTED_COMPLETE
79009,PREDECESSOR_REPORTED_COMPLETE
79043,PREDECESSOR_REPORTED_COMPLETE
79159,PREDECESSOR_REPORTED_COMPLETE
79259,PREDECESSOR_REPORTED_COMPLETE
79319,PREDECESSOR_REPORTED_COMPLETE
79463,PREDECESSOR_REPORTED_COMPLETE
79703,PREDECESSOR_REPORTED_COMPLETE
79711,PREDECESSOR_REPORTED_COMPLETE
80117,PREDECESSOR_REPORTED_COMPLETE
80153,PREDECESSOR_REPORTED_COMPLETE
80291,PREDECESSOR_REPORTED_COMPLETE
80513,PREDECESSOR_REPORTED_COMPLETE
80567,PREDECESSOR_REPORTED_COMPLETE
81143,PREDECESSOR_REPORTED_COMPLETE
81209,PREDECESSOR_REPORTED_COMPLETE
81241,PREDECESSOR_REPORTED_COMPLETE
81257,PREDECESSOR_REPORTED_COMPLETE
81379,PREDECESSOR_REPORTED_COMPLETE
81421,PREDECESSOR_REPORTED_COMPLETE
81577,PREDECESSOR_REPORTED_COMPLETE
81817,PREDECESSOR_REPORTED_COMPLETE
81953,PREDECESSOR_REPORTED_COMPLETE
81979,PREDECESSOR_REPORTED_COMPLETE
81983,PREDECESSOR_REPORTED_COMPLETE
82081,PREDECESSOR_REPORTED_COMPLETE
82115,PREDECESSOR_REPORTED_COMPLETE
82193,PREDECESSOR_REPORTED_COMPLETE
82279,PREDECESSOR_REPORTED_COMPLETE
82661,PREDECESSOR_REPORTED_COMPLETE
82681,PREDECESSOR_REPORTED_COMPLETE
82813,PREDECESSOR_REPORTED_COMPLETE
82823,PREDECESSOR_REPORTED_COMPLETE
82913,PREDECESSOR_REPORTED_COMPLETE
82921,PREDECESSOR_REPORTED_COMPLETE
83123,PREDECESSOR_REPORTED_COMPLETE
83137,PREDECESSOR_REPORTED_COMPLETE
83149,PREDECESSOR_REPORTED_COMPLETE
83159,PREDECESSOR_REPORTED_COMPLETE
83183,PREDECESSOR_REPORTED_COMPLETE
83243,PREDECESSOR_REPORTED_COMPLETE
83311,PREDECESSOR_REPORTED_COMPLETE
83723,PREDECESSOR_REPORTED_COMPLETE
83737,PREDECESSOR_REPORTED_COMPLETE
84269,PREDECESSOR_REPORTED_COMPLETE
84271,PREDECESSOR_REPORTED_COMPLETE
84593,PREDECESSOR_REPORTED_COMPLETE
84925,PREDECESSOR_REPORTED_COMPLETE
85163,PREDECESSOR_REPORTED_COMPLETE
85171,PREDECESSOR_REPORTED_COMPLETE
85487,PREDECESSOR_REPORTED_COMPLETE
85553,PREDECESSOR_REPORTED_COMPLETE
85733,PREDECESSOR_REPORTED_COMPLETE
85933,PREDECESSOR_REPORTED_COMPLETE
85951,PREDECESSOR_REPORTED_COMPLETE
86269,PREDECESSOR_REPORTED_COMPLETE
86273,PREDECESSOR_REPORTED_COMPLETE
86423,PREDECESSOR_REPORTED_COMPLETE
86543,PREDECESSOR_REPORTED_COMPLETE
86603,PREDECESSOR_REPORTED_COMPLETE
86633,PREDECESSOR_REPORTED_COMPLETE
86693,PREDECESSOR_REPORTED_COMPLETE
86753,PREDECESSOR_REPORTED_COMPLETE
86783,PREDECESSOR_REPORTED_COMPLETE
87341,PREDECESSOR_REPORTED_COMPLETE
87407,PREDECESSOR_REPORTED_COMPLETE
87443,PREDECESSOR_REPORTED_COMPLETE
87589,PREDECESSOR_REPORTED_COMPLETE
87593,PREDECESSOR_REPORTED_COMPLETE
87767,PREDECESSOR_REPORTED_COMPLETE
88019,PREDECESSOR_REPORTED_COMPLETE
88043,PREDECESSOR_REPORTED_COMPLETE
88129,PREDECESSOR_REPORTED_COMPLETE
88189,PREDECESSOR_REPORTED_COMPLETE
88339,PREDECESSOR_REPORTED_COMPLETE
88357,PREDECESSOR_REPORTED_COMPLETE
88441,PREDECESSOR_REPORTED_COMPLETE
88621,PREDECESSOR_REPORTED_COMPLETE
88667,PREDECESSOR_REPORTED_COMPLETE
88687,PREDECESSOR_REPORTED_COMPLETE
88693,PREDECESSOR_REPORTED_COMPLETE
88771,PREDECESSOR_REPORTED_COMPLETE
89153,PREDECESSOR_REPORTED_COMPLETE
89213,PREDECESSOR_REPORTED_COMPLETE
89573,PREDECESSOR_REPORTED_COMPLETE
89701,PREDECESSOR_REPORTED_COMPLETE
89717,PREDECESSOR_REPORTED_COMPLETE
89939,PREDECESSOR_REPORTED_COMPLETE
90031,PREDECESSOR_REPORTED_COMPLETE
90173,PREDECESSOR_REPORTED_COMPLETE
90299,PREDECESSOR_REPORTED_COMPLETE
90319,PREDECESSOR_REPORTED_COMPLETE
90439,PREDECESSOR_REPORTED_COMPLETE
90451,PREDECESSOR_REPORTED_COMPLETE
90481,PREDECESSOR_REPORTED_COMPLETE
90563,PREDECESSOR_REPORTED_COMPLETE
90731,PREDECESSOR_REPORTED_COMPLETE
90761,PREDECESSOR_REPORTED_COMPLETE
90803,PREDECESSOR_REPORTED_COMPLETE
90863,PREDECESSOR_REPORTED_COMPLETE
90917,PREDECESSOR_REPORTED_COMPLETE
91037,PREDECESSOR_REPORTED_COMPLETE
91163,PREDECESSOR_REPORTED_COMPLETE
91261,PREDECESSOR_REPORTED_COMPLETE
91331,PREDECESSOR_REPORTED_COMPLETE
91547,PREDECESSOR_REPORTED_COMPLETE
91601,PREDECESSOR_REPORTED_COMPLETE
91603,PREDECESSOR_REPORTED_COMPLETE
92273,PREDECESSOR_REPORTED_COMPLETE
92489,PREDECESSOR_REPORTED_COMPLETE
92507,PREDECESSOR_REPORTED_COMPLETE
92599,PREDECESSOR_REPORTED_COMPLETE
93211,PREDECESSOR_REPORTED_COMPLETE
93337,PREDECESSOR_REPORTED_COMPLETE
93349,PREDECESSOR_REPORTED_COMPLETE
93443,PREDECESSOR_REPORTED_COMPLETE
93563,PREDECESSOR_REPORTED_COMPLETE
93649,PREDECESSOR_REPORTED_COMPLETE
93665,PREDECESSOR_REPORTED_COMPLETE
93719,PREDECESSOR_REPORTED_COMPLETE
93791,PREDECESSOR_REPORTED_COMPLETE
93949,PREDECESSOR_REPORTED_COMPLETE
94013,PREDECESSOR_REPORTED_COMPLETE
94351,PREDECESSOR_REPORTED_COMPLETE
94489,PREDECESSOR_REPORTED_COMPLETE
94583,PREDECESSOR_REPORTED_COMPLETE
94657,PREDECESSOR_REPORTED_COMPLETE
94853,PREDECESSOR_REPORTED_COMPLETE
94859,PREDECESSOR_REPORTED_COMPLETE
95027,PREDECESSOR_REPORTED_COMPLETE
95045,PREDECESSOR_REPORTED_COMPLETE
95243,PREDECESSOR_REPORTED_COMPLETE
95651,PREDECESSOR_REPORTED_COMPLETE
95821,PREDECESSOR_REPORTED_COMPLETE
95833,PREDECESSOR_REPORTED_COMPLETE
96023,PREDECESSOR_REPORTED_COMPLETE
96059,PREDECESSOR_REPORTED_COMPLETE
96079,PREDECESSOR_REPORTED_COMPLETE
96107,PREDECESSOR_REPORTED_COMPLETE
96233,PREDECESSOR_REPORTED_COMPLETE
96533,PREDECESSOR_REPORTED_COMPLETE
96563,PREDECESSOR_REPORTED_COMPLETE
96617,PREDECESSOR_REPORTED_COMPLETE
96619,PREDECESSOR_REPORTED_COMPLETE
96713,PREDECESSOR_REPORTED_COMPLETE
96917,PREDECESSOR_REPORTED_COMPLETE
97261,PREDECESSOR_REPORTED_COMPLETE
97343,PREDECESSOR_REPORTED_COMPLETE
97471,PREDECESSOR_REPORTED_COMPLETE
97583,PREDECESSOR_REPORTED_COMPLETE
97693,PREDECESSOR_REPORTED_COMPLETE
97789,PREDECESSOR_REPORTED_COMPLETE
97793,PREDECESSOR_REPORTED_COMPLETE
97891,PREDECESSOR_REPORTED_COMPLETE
97901,PREDECESSOR_REPORTED_COMPLETE
97943,PREDECESSOR_REPORTED_COMPLETE
98023,PREDECESSOR_REPORTED_COMPLETE
98183,PREDECESSOR_REPORTED_COMPLETE
98231,PREDECESSOR_REPORTED_COMPLETE
98579,PREDECESSOR_REPORTED_COMPLETE
99151,PREDECESSOR_REPORTED_COMPLETE
99203,PREDECESSOR_REPORTED_COMPLETE
99413,PREDECESSOR_REPORTED_COMPLETE
99439,PREDECESSOR_REPORTED_COMPLETE
99733,PREDECESSOR_REPORTED_COMPLETE
99931,PREDECESSOR_REPORTED_COMPLETE
100111,PREDECESSOR_REPORTED_COMPLETE
100223,PREDECESSOR_REPORTED_COMPLETE
100253,PREDECESSOR_REPORTED_COMPLETE
100561,PREDECESSOR_REPORTED_COMPLETE
100591,PREDECESSOR_REPORTED_COMPLETE
100627,PREDECESSOR_REPORTED_COMPLETE
100711,PREDECESSOR_REPORTED_COMPLETE
100859,PREDECESSOR_REPORTED_COMPLETE
101221,PREDECESSOR_REPORTED_COMPLETE
101239,PREDECESSOR_REPORTED_COMPLETE
101293,PREDECESSOR_REPORTED_COMPLETE
101363,PREDECESSOR_REPORTED_COMPLETE
101429,PREDECESSOR_REPORTED_COMPLETE
101513,PREDECESSOR_REPORTED_COMPLETE
101749,PREDECESSOR_REPORTED_COMPLETE
101813,PREDECESSOR_REPORTED_COMPLETE
101843,PREDECESSOR_REPORTED_COMPLETE
102121,PREDECESSOR_REPORTED_COMPLETE
102163,PREDECESSOR_REPORTED_COMPLETE
102367,PREDECESSOR_REPORTED_COMPLETE
102463,PREDECESSOR_REPORTED_COMPLETE
102593,PREDECESSOR_REPORTED_COMPLETE
102715,PREDECESSOR_REPORTED_COMPLETE
102883,PREDECESSOR_REPORTED_COMPLETE
103099,PREDECESSOR_REPORTED_COMPLETE
103123,PREDECESSOR_REPORTED_COMPLETE
103183,PREDECESSOR_REPORTED_COMPLETE
103237,PREDECESSOR_REPORTED_COMPLETE
103249,PREDECESSOR_REPORTED_COMPLETE
103253,PREDECESSOR_REPORTED_COMPLETE
103267,PREDECESSOR_REPORTED_COMPLETE
103373,PREDECESSOR_REPORTED_COMPLETE
103591,PREDECESSOR_REPORTED_COMPLETE
103787,PREDECESSOR_REPORTED_COMPLETE
103847,PREDECESSOR_REPORTED_COMPLETE
104209,PREDECESSOR_REPORTED_COMPLETE
104417,PREDECESSOR_REPORTED_COMPLETE
104491,PREDECESSOR_REPORTED_COMPLETE
104597,PREDECESSOR_REPORTED_COMPLETE
104605,PREDECESSOR_REPORTED_COMPLETE
104803,PREDECESSOR_REPORTED_COMPLETE
105001,PREDECESSOR_REPORTED_COMPLETE
105449,PREDECESSOR_REPORTED_COMPLETE
105473,PREDECESSOR_REPORTED_COMPLETE
105571,PREDECESSOR_REPORTED_COMPLETE
105577,PREDECESSOR_REPORTED_COMPLETE
105583,PREDECESSOR_REPORTED_COMPLETE
105713,PREDECESSOR_REPORTED_COMPLETE
105773,PREDECESSOR_REPORTED_COMPLETE
105781,PREDECESSOR_REPORTED_COMPLETE
106039,PREDECESSOR_REPORTED_COMPLETE
106063,PREDECESSOR_REPORTED_COMPLETE
106397,PREDECESSOR_REPORTED_COMPLETE
106543,PREDECESSOR_REPORTED_COMPLETE
106561,PREDECESSOR_REPORTED_COMPLETE
106601,PREDECESSOR_REPORTED_COMPLETE
106831,PREDECESSOR_REPORTED_COMPLETE
106877,PREDECESSOR_REPORTED_COMPLETE
106997,PREDECESSOR_REPORTED_COMPLETE
107183,PREDECESSOR_REPORTED_COMPLETE
107383,PREDECESSOR_REPORTED_COMPLETE
107399,PREDECESSOR_REPORTED_COMPLETE
107413,PREDECESSOR_REPORTED_COMPLETE
107483,PREDECESSOR_REPORTED_COMPLETE
107797,PREDECESSOR_REPORTED_COMPLETE
107927,PREDECESSOR_REPORTED_COMPLETE
107957,PREDECESSOR_REPORTED_COMPLETE
108143,PREDECESSOR_REPORTED_COMPLETE
108359,PREDECESSOR_REPORTED_COMPLETE
108383,PREDECESSOR_REPORTED_COMPLETE
108463,PREDECESSOR_REPORTED_COMPLETE
108475,PREDECESSOR_REPORTED_COMPLETE
108659,PREDECESSOR_REPORTED_COMPLETE
108769,PREDECESSOR_REPORTED_COMPLETE
109279,PREDECESSOR_REPORTED_COMPLETE
109523,PREDECESSOR_REPORTED_COMPLETE
109621,PREDECESSOR_REPORTED_COMPLETE
109673,PREDECESSOR_REPORTED_COMPLETE
109771,PREDECESSOR_REPORTED_COMPLETE
109919,PREDECESSOR_REPORTED_COMPLETE
109961,PREDECESSOR_REPORTED_COMPLETE
110089,PREDECESSOR_REPORTED_COMPLETE
110207,PREDECESSOR_REPORTED_COMPLETE
110291,PREDECESSOR_REPORTED_COMPLETE
110371,PREDECESSOR_REPORTED_COMPLETE
110507,PREDECESSOR_REPORTED_COMPLETE
110543,PREDECESSOR_REPORTED_COMPLETE
110659,PREDECESSOR_REPORTED_COMPLETE
110711,PREDECESSOR_REPORTED_COMPLETE
110881,PREDECESSOR_REPORTED_COMPLETE
111001,PREDECESSOR_REPORTED_COMPLETE
111067,PREDECESSOR_REPORTED_COMPLETE
111149,PREDECESSOR_REPORTED_COMPLETE
111161,PREDECESSOR_REPORTED_COMPLETE
111173,PREDECESSOR_REPORTED_COMPLETE
111271,PREDECESSOR_REPORTED_COMPLETE
111347,PREDECESSOR_REPORTED_COMPLETE
111409,PREDECESSOR_REPORTED_COMPLETE
111443,PREDECESSOR_REPORTED_COMPLETE
111467,PREDECESSOR_REPORTED_COMPLETE
111473,PREDECESSOR_REPORTED_COMPLETE
111541,PREDECESSOR_REPORTED_COMPLETE
111683,PREDECESSOR_REPORTED_COMPLETE
111923,PREDECESSOR_REPORTED_COMPLETE
111931,PREDECESSOR_REPORTED_COMPLETE
111979,PREDECESSOR_REPORTED_COMPLETE
112429,PREDECESSOR_REPORTED_COMPLETE
112459,PREDECESSOR_REPORTED_COMPLETE
112463,PREDECESSOR_REPORTED_COMPLETE
112669,PREDECESSOR_REPORTED_COMPLETE
112699,PREDECESSOR_REPORTED_COMPLETE
113063,PREDECESSOR_REPORTED_COMPLETE
113423,PREDECESSOR_REPORTED_COMPLETE
113453,PREDECESSOR_REPORTED_COMPLETE
113471,PREDECESSOR_REPORTED_COMPLETE
113599,PREDECESSOR_REPORTED_COMPLETE
113633,PREDECESSOR_REPORTED_COMPLETE
113663,PREDECESSOR_REPORTED_COMPLETE
113731,PREDECESSOR_REPORTED_COMPLETE
113851,PREDECESSOR_REPORTED_COMPLETE
113863,PREDECESSOR_REPORTED_COMPLETE
114143,PREDECESSOR_REPORTED_COMPLETE
114173,PREDECESSOR_REPORTED_COMPLETE
114619,PREDECESSOR_REPORTED_COMPLETE
114721,PREDECESSOR_REPORTED_COMPLETE
114799,PREDECESSOR_REPORTED_COMPLETE
114863,PREDECESSOR_REPORTED_COMPLETE
114865,PREDECESSOR_REPORTED_COMPLETE
114913,PREDECESSOR_REPORTED_COMPLETE
114943,PREDECESSOR_REPORTED_COMPLETE
114979,PREDECESSOR_REPORTED_COMPLETE
115031,PREDECESSOR_REPORTED_COMPLETE
115039,PREDECESSOR_REPORTED_COMPLETE
115043,PREDECESSOR_REPORTED_COMPLETE
115223,PREDECESSOR_REPORTED_COMPLETE
115369,PREDECESSOR_REPORTED_COMPLETE
116393,PREDECESSOR_REPORTED_COMPLETE
116423,PREDECESSOR_REPORTED_COMPLETE
116513,PREDECESSOR_REPORTED_COMPLETE
116611,PREDECESSOR_REPORTED_COMPLETE
116639,PREDECESSOR_REPORTED_COMPLETE
116693,PREDECESSOR_REPORTED_COMPLETE
116749,PREDECESSOR_REPORTED_COMPLETE
116867,PREDECESSOR_REPORTED_COMPLETE
116993,PREDECESSOR_REPORTED_COMPLETE
117053,PREDECESSOR_REPORTED_COMPLETE
117167,PREDECESSOR_REPORTED_COMPLETE
117457,PREDECESSOR_REPORTED_COMPLETE
117599,PREDECESSOR_REPORTED_COMPLETE
117619,PREDECESSOR_REPORTED_COMPLETE
117623,PREDECESSOR_REPORTED_COMPLETE
117991,PREDECESSOR_REPORTED_COMPLETE
118277,PREDECESSOR_REPORTED_COMPLETE
118373,PREDECESSOR_REPORTED_COMPLETE
118549,PREDECESSOR_REPORTED_COMPLETE
118639,PREDECESSOR_REPORTED_COMPLETE
118765,PREDECESSOR_REPORTED_COMPLETE
118933,PREDECESSOR_REPORTED_COMPLETE
118943,PREDECESSOR_REPORTED_COMPLETE
118985,PREDECESSOR_REPORTED_COMPLETE
119269,PREDECESSOR_REPORTED_COMPLETE
119323,PREDECESSOR_REPORTED_COMPLETE
119389,PREDECESSOR_REPORTED_COMPLETE
119851,PREDECESSOR_REPORTED_COMPLETE
119903,PREDECESSOR_REPORTED_COMPLETE
120049,PREDECESSOR_REPORTED_COMPLETE
120247,PREDECESSOR_REPORTED_COMPLETE
120253,PREDECESSOR_REPORTED_COMPLETE
120301,PREDECESSOR_REPORTED_COMPLETE
120623,PREDECESSOR_REPORTED_COMPLETE
120947,PREDECESSOR_REPORTED_COMPLETE
120979,PREDECESSOR_REPORTED_COMPLETE
120983,PREDECESSOR_REPORTED_COMPLETE
121085,PREDECESSOR_REPORTED_COMPLETE
121097,PREDECESSOR_REPORTED_COMPLETE
121099,PREDECESSOR_REPORTED_COMPLETE
121193,PREDECESSOR_REPORTED_COMPLETE
121237,PREDECESSOR_REPORTED_COMPLETE
121381,PREDECESSOR_REPORTED_COMPLETE
121385,PREDECESSOR_REPORTED_COMPLETE
121469,PREDECESSOR_REPORTED_COMPLETE
121639,PREDECESSOR_REPORTED_COMPLETE
121937,PREDECESSOR_REPORTED_COMPLETE
122117,PREDECESSOR_REPORTED_COMPLETE
122153,PREDECESSOR_REPORTED_COMPLETE
122281,PREDECESSOR_REPORTED_COMPLETE
122303,PREDECESSOR_REPORTED_COMPLETE
122401,PREDECESSOR_REPORTED_COMPLETE
122407,PREDECESSOR_REPORTED_COMPLETE
122419,PREDECESSOR_REPORTED_COMPLETE
122513,PREDECESSOR_REPORTED_COMPLETE
122627,PREDECESSOR_REPORTED_COMPLETE
122671,PREDECESSOR_REPORTED_COMPLETE
122723,PREDECESSOR_REPORTED_COMPLETE
122869,PREDECESSOR_REPORTED_COMPLETE
123091,PREDECESSOR_REPORTED_COMPLETE
123293,PREDECESSOR_REPORTED_COMPLETE
123527,PREDECESSOR_REPORTED_COMPLETE
123601,PREDECESSOR_REPORTED_COMPLETE
123743,PREDECESSOR_REPORTED_COMPLETE
123763,PREDECESSOR_REPORTED_COMPLETE
123835,PREDECESSOR_REPORTED_COMPLETE
123869,PREDECESSOR_REPORTED_COMPLETE
124027,PREDECESSOR_REPORTED_COMPLETE
124031,PREDECESSOR_REPORTED_COMPLETE
124037,PREDECESSOR_REPORTED_COMPLETE
124249,PREDECESSOR_REPORTED_COMPLETE
124387,PREDECESSOR_REPORTED_COMPLETE
124403,PREDECESSOR_REPORTED_COMPLETE
124409,PREDECESSOR_REPORTED_COMPLETE
124577,PREDECESSOR_REPORTED_COMPLETE
124823,PREDECESSOR_REPORTED_COMPLETE
124853,PREDECESSOR_REPORTED_COMPLETE
124867,PREDECESSOR_REPORTED_COMPLETE
125033,PREDECESSOR_REPORTED_COMPLETE
125149,PREDECESSOR_REPORTED_COMPLETE
125273,PREDECESSOR_REPORTED_COMPLETE
125453,PREDECESSOR_REPORTED_COMPLETE
125753,PREDECESSOR_REPORTED_COMPLETE
125839,PREDECESSOR_REPORTED_COMPLETE
125971,PREDECESSOR_REPORTED_COMPLETE
126109,PREDECESSOR_REPORTED_COMPLETE
126151,PREDECESSOR_REPORTED_COMPLETE
126155,PREDECESSOR_REPORTED_COMPLETE
126173,PREDECESSOR_REPORTED_COMPLETE
126257,PREDECESSOR_REPORTED_COMPLETE
126277,PREDECESSOR_REPORTED_COMPLETE
126367,PREDECESSOR_REPORTED_COMPLETE
126523,PREDECESSOR_REPORTED_COMPLETE
126719,PREDECESSOR_REPORTED_COMPLETE
126799,PREDECESSOR_REPORTED_COMPLETE
126863,PREDECESSOR_REPORTED_COMPLETE
126923,PREDECESSOR_REPORTED_COMPLETE
126991,PREDECESSOR_REPORTED_COMPLETE
127003,PREDECESSOR_REPORTED_COMPLETE
127081,PREDECESSOR_REPORTED_COMPLETE
127301,PREDECESSOR_REPORTED_COMPLETE
127459,PREDECESSOR_REPORTED_COMPLETE
127507,PREDECESSOR_REPORTED_COMPLETE
127783,PREDECESSOR_REPORTED_COMPLETE
127883,PREDECESSOR_REPORTED_COMPLETE
127999,PREDECESSOR_REPORTED_COMPLETE
128033,PREDECESSOR_REPORTED_COMPLETE
128071,PREDECESSOR_REPORTED_COMPLETE
128077,PREDECESSOR_REPORTED_COMPLETE
128351,PREDECESSOR_REPORTED_COMPLETE
128491,PREDECESSOR_REPORTED_COMPLETE
128573,PREDECESSOR_REPORTED_COMPLETE
128723,PREDECESSOR_REPORTED_COMPLETE
128837,PREDECESSOR_REPORTED_COMPLETE
128885,PREDECESSOR_REPORTED_COMPLETE
129061,PREDECESSOR_REPORTED_COMPLETE
129233,PREDECESSOR_REPORTED_COMPLETE
129263,PREDECESSOR_REPORTED_COMPLETE
129383,PREDECESSOR_REPORTED_COMPLETE
129419,PREDECESSOR_REPORTED_COMPLETE
129473,PREDECESSOR_REPORTED_COMPLETE
129559,PREDECESSOR_REPORTED_COMPLETE
129803,PREDECESSOR_REPORTED_COMPLETE
129817,PREDECESSOR_REPORTED_COMPLETE
129859,PREDECESSOR_REPORTED_COMPLETE
130007,PREDECESSOR_REPORTED_COMPLETE
130289,PREDECESSOR_REPORTED_COMPLETE
130313,PREDECESSOR_REPORTED_COMPLETE
130381,PREDECESSOR_REPORTED_COMPLETE
130711,PREDECESSOR_REPORTED_COMPLETE
130741,PREDECESSOR_REPORTED_COMPLETE
130883,PREDECESSOR_REPORTED_COMPLETE
130897,PREDECESSOR_REPORTED_COMPLETE
130927,PREDECESSOR_REPORTED_COMPLETE
131153,PREDECESSOR_REPORTED_COMPLETE
131231,PREDECESSOR_REPORTED_COMPLETE
131269,PREDECESSOR_REPORTED_COMPLETE
131273,PREDECESSOR_REPORTED_COMPLETE
131381,PREDECESSOR_REPORTED_COMPLETE
131519,PREDECESSOR_REPORTED_COMPLETE
131971,PREDECESSOR_REPORTED_COMPLETE
132023,PREDECESSOR_REPORTED_COMPLETE
132071,PREDECESSOR_REPORTED_COMPLETE
132079,PREDECESSOR_REPORTED_COMPLETE
132179,PREDECESSOR_REPORTED_COMPLETE
132203,PREDECESSOR_REPORTED_COMPLETE
132211,PREDECESSOR_REPORTED_COMPLETE
132347,PREDECESSOR_REPORTED_COMPLETE
132473,PREDECESSOR_REPORTED_COMPLETE
132547,PREDECESSOR_REPORTED_COMPLETE
132589,PREDECESSOR_REPORTED_COMPLETE
132763,PREDECESSOR_REPORTED_COMPLETE
132773,PREDECESSOR_REPORTED_COMPLETE
132775,PREDECESSOR_REPORTED_COMPLETE
132863,PREDECESSOR_REPORTED_COMPLETE
132893,PREDECESSOR_REPORTED_COMPLETE
132991,PREDECESSOR_REPORTED_COMPLETE
133051,PREDECESSOR_REPORTED_COMPLETE
133223,PREDECESSOR_REPORTED_COMPLETE
133421,PREDECESSOR_REPORTED_COMPLETE
133451,PREDECESSOR_REPORTED_COMPLETE
133499,PREDECESSOR_REPORTED_COMPLETE
133733,PREDECESSOR_REPORTED_COMPLETE
133751,PREDECESSOR_REPORTED_COMPLETE
133853,PREDECESSOR_REPORTED_COMPLETE
133883,PREDECESSOR_REPORTED_COMPLETE
133921,PREDECESSOR_REPORTED_COMPLETE
134489,PREDECESSOR_REPORTED_COMPLETE
134531,PREDECESSOR_REPORTED_COMPLETE
134537,PREDECESSOR_REPORTED_COMPLETE
134929,PREDECESSOR_REPORTED_COMPLETE
134933,PREDECESSOR_REPORTED_COMPLETE
134971,PREDECESSOR_REPORTED_COMPLETE
135029,PREDECESSOR_REPORTED_COMPLETE
135257,PREDECESSOR_REPORTED_COMPLETE
135541,PREDECESSOR_REPORTED_COMPLETE
135545,PREDECESSOR_REPORTED_COMPLETE
135743,PREDECESSOR_REPORTED_COMPLETE
135803,PREDECESSOR_REPORTED_COMPLETE
135953,PREDECESSOR_REPORTED_COMPLETE
135955,PREDECESSOR_REPORTED_COMPLETE
135995,PREDECESSOR_REPORTED_COMPLETE
136013,PREDECESSOR_REPORTED_COMPLETE
136111,PREDECESSOR_REPORTED_COMPLETE
136583,PREDECESSOR_REPORTED_COMPLETE
136621,PREDECESSOR_REPORTED_COMPLETE
136631,PREDECESSOR_REPORTED_COMPLETE
136657,PREDECESSOR_REPORTED_COMPLETE
136897,PREDECESSOR_REPORTED_COMPLETE
137009,PREDECESSOR_REPORTED_COMPLETE
137011,PREDECESSOR_REPORTED_COMPLETE
137047,PREDECESSOR_REPORTED_COMPLETE
137251,PREDECESSOR_REPORTED_COMPLETE
137281,PREDECESSOR_REPORTED_COMPLETE
137303,PREDECESSOR_REPORTED_COMPLETE
137519,PREDECESSOR_REPORTED_COMPLETE
137539,PREDECESSOR_REPORTED_COMPLETE
137639,PREDECESSOR_REPORTED_COMPLETE
137807,PREDECESSOR_REPORTED_COMPLETE
137957,PREDECESSOR_REPORTED_COMPLETE
138083,PREDECESSOR_REPORTED_COMPLETE
138211,PREDECESSOR_REPORTED_COMPLETE
138253,PREDECESSOR_REPORTED_COMPLETE
138349,PREDECESSOR_REPORTED_COMPLETE
138409,PREDECESSOR_REPORTED_COMPLETE
138689,PREDECESSOR_REPORTED_COMPLETE
138691,PREDECESSOR_REPORTED_COMPLETE
138983,PREDECESSOR_REPORTED_COMPLETE
139033,PREDECESSOR_REPORTED_COMPLETE
139201,PREDECESSOR_REPORTED_COMPLETE
139217,PREDECESSOR_REPORTED_COMPLETE
139511,PREDECESSOR_REPORTED_COMPLETE
139765,PREDECESSOR_REPORTED_COMPLETE
139817,PREDECESSOR_REPORTED_COMPLETE
139847,SOLVER_NO_INHERITED
140009,SOLVER_NO_INHERITED
140017,SOLVER_NO_INHERITED
140027,SOLVER_NO_INHERITED
140083,SOLVER_NO_INHERITED
140123,SOLVER_NO_INHERITED
140383,SOLVER_NO_INHERITED
140491,SOLVER_NO_INHERITED
140501,SOLVER_NO_INHERITED
140573,SOLVER_NO_INHERITED
140689,SOLVER_NO_INHERITED
140963,SOLVER_NO_INHERITED
141023,SOLVER_NO_INHERITED
141133,SOLVER_NO_INHERITED
141325,SOLVER_NO_INHERITED
141421,SOLVER_NO_INHERITED
141425,SOLVER_NO_INHERITED
141443,SOLVER_NO_INHERITED
141511,SOLVER_NO_INHERITED
141557,SOLVER_NO_INHERITED
141811,SOLVER_NO_INHERITED
141889,SOLVER_NO_INHERITED
141973,SOLVER_NO_INHERITED
142069,SOLVER_NO_INHERITED
142073,SOLVER_NO_INHERITED
142133,SOLVER_NO_INHERITED
142193,SOLVER_NO_INHERITED
142247,SOLVER_NO_INHERITED
142277,SOLVER_NO_INHERITED
142297,SOLVER_NO_INHERITED
142507,SOLVER_NO_INHERITED
142627,SOLVER_NO_INHERITED
142841,SOLVER_NO_INHERITED
142873,SOLVER_NO_INHERITED
142925,SOLVER_NO_INHERITED
143003,SOLVER_NO_INHERITED
143017,SOLVER_NO_INHERITED
143123,SOLVER_NO_INHERITED
143141,SOLVER_NO_INHERITED
143203,SOLVER_NO_INHERITED
143213,SOLVER_NO_INHERITED
143221,SOLVER_NO_INHERITED
143267,SOLVER_NO_INHERITED
143333,SOLVER_NO_INHERITED
143359,SOLVER_NO_INHERITED
143365,SOLVER_NO_INHERITED
143837,SOLVER_NO_INHERITED
144077,SOLVER_NO_INHERITED
144181,SOLVER_NO_INHERITED
144203,SOLVER_NO_INHERITED
144413,SOLVER_NO_INHERITED
144461,SOLVER_NO_INHERITED
144541,SOLVER_NO_INHERITED
144629,SOLVER_NO_INHERITED
144803,SOLVER_NO_INHERITED
144859,SOLVER_NO_INHERITED
144863,SOLVER_NO_INHERITED
145073,SOLVER_NO_INHERITED
145141,SOLVER_NO_INHERITED
145147,SOLVER_NO_INHERITED
145159,SOLVER_NO_INHERITED
145193,SOLVER_NO_INHERITED
145399,SOLVER_NO_INHERITED
145555,SOLVER_NO_INHERITED
145609,SOLVER_NO_INHERITED
145723,SOLVER_NO_INHERITED
145879,SOLVER_NO_INHERITED
145883,SOLVER_NO_INHERITED
145907,SOLVER_NO_INHERITED
146123,SOLVER_NO_INHERITED
146143,SOLVER_NO_INHERITED
146147,SOLVER_NO_INHERITED
146177,SOLVER_NO_INHERITED
146249,SOLVER_NO_INHERITED
146323,SOLVER_NO_INHERITED
146423,SOLVER_NO_INHERITED
146459,SOLVER_NO_INHERITED
146483,SOLVER_NO_INHERITED
146563,SOLVER_NO_INHERITED
146621,SOLVER_NO_INHERITED
146723,SOLVER_NO_INHERITED
146725,SOLVER_NO_INHERITED
146783,SOLVER_NO_INHERITED
146897,SOLVER_NO_INHERITED
147241,NO
147353,NO
147467,NO
147503,NO
147587,NO
147743,NO
147829,NO
147907,UNKNOWN
147923,UNKNOWN
147983,NOT_STARTED
148039,NOT_STARTED
148103,NOT_STARTED
148207,NOT_STARTED
148283,NOT_STARTED
148483,NOT_STARTED
148609,NOT_STARTED
148639,NOT_STARTED
148697,NOT_STARTED
148831,NOT_STARTED
148891,NOT_STARTED
148997,NOT_STARTED
149123,NOT_STARTED
149183,NOT_STARTED
149579,NOT_STARTED
149603,NOT_STARTED
149651,NOT_STARTED
149689,NOT_STARTED
149843,NOT_STARTED
150017,NOT_STARTED
150109,NOT_STARTED
150173,NOT_STARTED
150413,NOT_STARTED
150473,NOT_STARTED
150629,NOT_STARTED
150637,NOT_STARTED
150659,NOT_STARTED
150677,NOT_STARTED
150809,NOT_STARTED
150833,NOT_STARTED
150937,NOT_STARTED
151057,NOT_STARTED
151103,NOT_STARTED
151171,NOT_STARTED
151213,NOT_STARTED
151259,NOT_STARTED
151303,NOT_STARTED
151309,NOT_STARTED
151399,NOT_STARTED
151433,NOT_STARTED
151579,NOT_STARTED
151583,NOT_STARTED
151703,NOT_STARTED
151741,NOT_STARTED
151745,NOT_STARTED
151747,NOT_STARTED
151853,NOT_STARTED
152041,NOT_STARTED
152267,NOT_STARTED
152269,NOT_STARTED
152323,NOT_STARTED
152327,NOT_STARTED
152339,NOT_STARTED
152473,NOT_STARTED
152479,NOT_STARTED
152483,NOT_STARTED
152657,NOT_STARTED
152693,NOT_STARTED
152857,NOT_STARTED
153037,NOT_STARTED
153163,NOT_STARTED
153169,NOT_STARTED
153221,NOT_STARTED
153229,NOT_STARTED
153323,NOT_STARTED
153563,NOT_STARTED
153571,NOT_STARTED
153589,NOT_STARTED
153649,NOT_STARTED
153661,NOT_STARTED
153791,NOT_STARTED
153797,NOT_STARTED
153799,NOT_STARTED
153841,NOT_STARTED
153961,NOT_STARTED
153967,NOT_STARTED
153971,NOT_STARTED
154097,NOT_STARTED
154163,NOT_STARTED
154187,NOT_STARTED
154249,NOT_STARTED
154387,NOT_STARTED
154645,NOT_STARTED
154849,NOT_STARTED
154853,NOT_STARTED
154903,NOT_STARTED
154943,NOT_STARTED
155033,NOT_STARTED
155423,NOT_STARTED
155633,NOT_STARTED
155671,NOT_STARTED
155759,NOT_STARTED
155869,NOT_STARTED
155893,NOT_STARTED
155933,NOT_STARTED
155953,NOT_STARTED
155965,NOT_STARTED
155969,NOT_STARTED
155993,NOT_STARTED
156175,NOT_STARTED
156187,NOT_STARTED
156271,NOT_STARTED
156391,NOT_STARTED
156397,NOT_STARTED
156497,NOT_STARTED
156553,NOT_STARTED
156739,NOT_STARTED
156757,NOT_STARTED
156859,NOT_STARTED
156913,NOT_STARTED
156919,NOT_STARTED
157067,NOT_STARTED
157141,NOT_STARTED
157439,NOT_STARTED
157591,NOT_STARTED
157649,NOT_STARTED
157853,NOT_STARTED
157913,NOT_STARTED
157921,NOT_STARTED
157951,NOT_STARTED
157957,NOT_STARTED
157969,NOT_STARTED
158089,NOT_STARTED
158209,NOT_STARTED
158279,NOT_STARTED
158303,NOT_STARTED
158371,NOT_STARTED
158429,NOT_STARTED
158537,NOT_STARTED
159079,NOT_STARTED
159143,NOT_STARTED
159239,NOT_STARTED
159263,NOT_STARTED
159407,NOT_STARTED
159443,NOT_STARTED
159473,NOT_STARTED
159503,NOT_STARTED
159589,NOT_STARTED
159631,NOT_STARTED
159877,NOT_STARTED
159917,NOT_STARTED
160093,NOT_STARTED
160141,NOT_STARTED
160217,NOT_STARTED
160283,NOT_STARTED
160291,NOT_STARTED
160427,NOT_STARTED
160463,NOT_STARTED
160513,NOT_STARTED
160523,NOT_STARTED
160907,NOT_STARTED
161429,NOT_STARTED
161431,NOT_STARTED
161663,NOT_STARTED
161683,NOT_STARTED
161687,NOT_STARTED
162019,NOT_STARTED
162061,NOT_STARTED
162169,NOT_STARTED
162181,NOT_STARTED
162233,NOT_STARTED
162301,NOT_STARTED
162317,NOT_STARTED
162479,NOT_STARTED
162533,NOT_STARTED
162653,NOT_STARTED
162799,NOT_STARTED
162803,NOT_STARTED
162863,NOT_STARTED
162919,NOT_STARTED
163433,NOT_STARTED
163489,NOT_STARTED
163523,NOT_STARTED
163547,NOT_STARTED
163699,NOT_STARTED
163705,NOT_STARTED
163823,NOT_STARTED
163937,NOT_STARTED
163951,NOT_STARTED
164153,NOT_STARTED
164155,NOT_STARTED
164393,NOT_STARTED
164537,NOT_STARTED
164791,NOT_STARTED
164911,NOT_STARTED
164933,NOT_STARTED
164963,NOT_STARTED
165023,NOT_STARTED
165059,NOT_STARTED
165103,NOT_STARTED
165107,NOT_STARTED
165133,NOT_STARTED
165233,NOT_STARTED
165403,NOT_STARTED
165481,NOT_STARTED
165619,NOT_STARTED
165673,NOT_STARTED
165683,NOT_STARTED
165721,NOT_STARTED
165727,NOT_STARTED
165731,NOT_STARTED
165833,NOT_STARTED
165857,NOT_STARTED
165863,NOT_STARTED
165901,NOT_STARTED
165907,NOT_STARTED
165911,NOT_STARTED
165985,NOT_STARTED
166189,NOT_STARTED
166219,NOT_STARTED
166519,NOT_STARTED
166703,NOT_STARTED
166741,NOT_STARTED
166745,NOT_STARTED
166879,NOT_STARTED
167119,NOT_STARTED
167123,NOT_STARTED
167177,NOT_STARTED
167231,NOT_STARTED
167273,NOT_STARTED
167347,NOT_STARTED
167353,NOT_STARTED
167449,NOT_STARTED
167497,NOT_STARTED
167507,NOT_STARTED
167551,NOT_STARTED
167555,NOT_STARTED
167597,NOT_STARTED
167687,NOT_STARTED
167689,NOT_STARTED
167833,NOT_STARTED
167839,NOT_STARTED
167987,NOT_STARTED
168049,NOT_STARTED
168113,NOT_STARTED
168169,NOT_STARTED
168233,NOT_STARTED
168541,NOT_STARTED
168559,NOT_STARTED
168575,NOT_STARTED
168649,NOT_STARTED
169553,NOT_STARTED
169867,NOT_STARTED
170033,NOT_STARTED
170063,NOT_STARTED
170299,NOT_STARTED
170393,NOT_STARTED
170453,NOT_STARTED
170813,NOT_STARTED
170927,NOT_STARTED
171133,NOT_STARTED
171307,NOT_STARTED
171349,NOT_STARTED
171359,NOT_STARTED
171719,NOT_STARTED
171829,NOT_STARTED
171833,NOT_STARTED
172055,NOT_STARTED
172099,NOT_STARTED
172127,NOT_STARTED
172133,NOT_STARTED
172157,NOT_STARTED
172199,NOT_STARTED
172381,NOT_STARTED
172885,NOT_STARTED
172907,NOT_STARTED
172937,NOT_STARTED
172939,NOT_STARTED
173099,NOT_STARTED
173107,NOT_STARTED
173113,NOT_STARTED
173153,NOT_STARTED
173273,NOT_STARTED
173297,NOT_STARTED
173309,NOT_STARTED
173311,NOT_STARTED
173317,NOT_STARTED
173377,NOT_STARTED
173443,NOT_STARTED
173509,NOT_STARTED
173581,NOT_STARTED
173599,NOT_STARTED
173753,NOT_STARTED
173759,NOT_STARTED
173933,NOT_STARTED
173993,NOT_STARTED
174023,NOT_STARTED
174103,NOT_STARTED
174223,NOT_STARTED
174263,NOT_STARTED
174347,NOT_STARTED
174499,NOT_STARTED
174509,NOT_STARTED
174541,NOT_STARTED
174707,NOT_STARTED
174803,NOT_STARTED
174859,NOT_STARTED
175187,NOT_STARTED
175309,NOT_STARTED
175411,NOT_STARTED
175501,NOT_STARTED
175547,NOT_STARTED
175583,NOT_STARTED
175739,NOT_STARTED
175793,NOT_STARTED
176027,NOT_STARTED
176063,NOT_STARTED
176129,NOT_STARTED
176131,NOT_STARTED
176135,NOT_STARTED
176303,NOT_STARTED
176663,NOT_STARTED
176717,NOT_STARTED
176719,NOT_STARTED
176753,NOT_STARTED
176821,NOT_STARTED
176873,NOT_STARTED
176903,NOT_STARTED
176989,NOT_STARTED
176993,NOT_STARTED
177023,NOT_STARTED
177053,NOT_STARTED
177143,NOT_STARTED
177181,NOT_STARTED
177257,NOT_STARTED
177323,NOT_STARTED
177383,NOT_STARTED
177443,NOT_STARTED
177553,NOT_STARTED
177601,NOT_STARTED
177709,NOT_STARTED
177743,NOT_STARTED
177773,NOT_STARTED
177845,NOT_STARTED
177859,NOT_STARTED
178001,NOT_STARTED
178069,NOT_STARTED
178169,NOT_STARTED
178187,NOT_STARTED
178193,NOT_STARTED
178271,NOT_STARTED
178657,NOT_STARTED
178663,NOT_STARTED
178667,NOT_STARTED
178711,NOT_STARTED
179059,NOT_STARTED
179185,NOT_STARTED
179411,NOT_STARTED
179603,NOT_STARTED
179611,NOT_STARTED
179719,NOT_STARTED
179849,NOT_STARTED
179863,NOT_STARTED
180053,NOT_STARTED
180109,NOT_STARTED
180191,NOT_STARTED
180197,NOT_STARTED
180473,NOT_STARTED
180581,NOT_STARTED
180593,NOT_STARTED
180829,NOT_STARTED
180887,NOT_STARTED
180893,NOT_STARTED
180911,NOT_STARTED
180923,NOT_STARTED
180973,NOT_STARTED
180983,NOT_STARTED
181067,NOT_STARTED
181097,NOT_STARTED
181123,NOT_STARTED
181127,NOT_STARTED
181283,NOT_STARTED
181319,NOT_STARTED
181471,NOT_STARTED
181789,NOT_STARTED
181819,NOT_STARTED
181837,NOT_STARTED
181841,NOT_STARTED
182261,NOT_STARTED
182311,NOT_STARTED
182365,NOT_STARTED
182393,NOT_STARTED
182453,NOT_STARTED
182603,NOT_STARTED
182753,NOT_STARTED
182755,NOT_STARTED
182933,NOT_STARTED
183071,NOT_STARTED
183097,NOT_STARTED
183157,NOT_STARTED
183167,NOT_STARTED
183173,NOT_STARTED
183203,NOT_STARTED
183209,NOT_STARTED
183263,NOT_STARTED
183401,NOT_STARTED
183533,NOT_STARTED
183593,NOT_STARTED
183647,NOT_STARTED
183661,NOT_STARTED
183721,NOT_STARTED
183763,NOT_STARTED
183833,NOT_STARTED
183835,NOT_STARTED
183923,NOT_STARTED
184217,NOT_STARTED
184291,NOT_STARTED
184373,NOT_STARTED
184381,NOT_STARTED
184523,NOT_STARTED
184583,NOT_STARTED
184753,NOT_STARTED
184793,NOT_STARTED
184801,NOT_STARTED
184925,NOT_STARTED
184931,NOT_STARTED
185197,NOT_STARTED
185335,NOT_STARTED
185371,NOT_STARTED
185383,NOT_STARTED
185407,NOT_STARTED
185623,NOT_STARTED
185753,NOT_STARTED
185771,NOT_STARTED
185851,NOT_STARTED
185855,NOT_STARTED
185933,NOT_STARTED
185993,NOT_STARTED
186049,NOT_STARTED
186073,NOT_STARTED
186121,NOT_STARTED
186319,NOT_STARTED
186451,NOT_STARTED
186485,NOT_STARTED
186497,NOT_STARTED
186517,NOT_STARTED
186811,NOT_STARTED
186893,NOT_STARTED
186929,NOT_STARTED
186965,NOT_STARTED
187141,NOT_STARTED
187193,NOT_STARTED
187237,NOT_STARTED
187247,NOT_STARTED
187249,NOT_STARTED
187309,NOT_STARTED
187441,NOT_STARTED
187483,NOT_STARTED
187489,NOT_STARTED
187603,NOT_STARTED
187673,NOT_STARTED
188033,NOT_STARTED
188047,NOT_STARTED
188059,NOT_STARTED
188065,NOT_STARTED
188201,NOT_STARTED
188537,NOT_STARTED
188663,NOT_STARTED
188731,NOT_STARTED
188753,NOT_STARTED
188957,NOT_STARTED
189019,NOT_STARTED
189073,NOT_STARTED
189271,NOT_STARTED
189281,NOT_STARTED
189287,NOT_STARTED
189319,NOT_STARTED
189323,NOT_STARTED
189443,NOT_STARTED
189773,NOT_STARTED
189997,NOT_STARTED
190037,NOT_STARTED
190069,NOT_STARTED
190103,NOT_STARTED
190129,NOT_STARTED
190133,NOT_STARTED
190163,NOT_STARTED
190187,NOT_STARTED
190189,NOT_STARTED
190429,NOT_STARTED
190441,NOT_STARTED
190453,NOT_STARTED
190477,NOT_STARTED
190483,NOT_STARTED
191101,NOT_STARTED
191123,NOT_STARTED
191143,NOT_STARTED
191189,NOT_STARTED
191209,NOT_STARTED
191251,NOT_STARTED
191257,NOT_STARTED
191359,NOT_STARTED
191363,NOT_STARTED
191369,NOT_STARTED
191419,NOT_STARTED
191603,NOT_STARTED
191633,NOT_STARTED
192071,NOT_STARTED
192103,NOT_STARTED
192197,NOT_STARTED
192203,NOT_STARTED
192557,NOT_STARTED
192697,NOT_STARTED
192931,NOT_STARTED
193093,NOT_STARTED
193097,NOT_STARTED
193111,NOT_STARTED
193163,NOT_STARTED
193203,NOT_STARTED
193219,NOT_STARTED
193223,NOT_STARTED
193247,NOT_STARTED
193307,NOT_STARTED
193339,NOT_STARTED
193523,NOT_STARTED
193577,NOT_STARTED
193621,NOT_STARTED
193681,NOT_STARTED
194153,NOT_STARTED
194209,NOT_STARTED
194281,NOT_STARTED
194333,NOT_STARTED
194353,NOT_STARTED
194387,NOT_STARTED
194395,NOT_STARTED
194413,NOT_STARTED
194449,NOT_STARTED
194507,NOT_STARTED
194611,NOT_STARTED
194629,NOT_STARTED
194783,NOT_STARTED
194843,NOT_STARTED
195005,NOT_STARTED
195163,NOT_STARTED
195169,NOT_STARTED
195175,NOT_STARTED
195205,NOT_STARTED
195293,NOT_STARTED
195413,NOT_STARTED
195443,NOT_STARTED
195543,NOT_STARTED
195563,NOT_STARTED
195607,NOT_STARTED
195619,NOT_STARTED
195641,NOT_STARTED
195763,NOT_STARTED
195833,NOT_STARTED
195841,NOT_STARTED
195949,NOT_STARTED
196003,NOT_STARTED
196087,NOT_STARTED
196121,NOT_STARTED
196141,NOT_STARTED
196207,NOT_STARTED
196211,NOT_STARTED
196309,NOT_STARTED
196339,NOT_STARTED
196393,NOT_STARTED
196561,NOT_STARTED
196621,NOT_STARTED
197039,NOT_STARTED
197045,NOT_STARTED
197063,NOT_STARTED
197123,NOT_STARTED
197453,NOT_STARTED
197461,NOT_STARTED
197479,NOT_STARTED
197507,NOT_STARTED
197521,NOT_STARTED
197933,NOT_STARTED
197975,NOT_STARTED
197977,NOT_STARTED
198017,NOT_STARTED
198047,NOT_STARTED
198049,NOT_STARTED
198263,NOT_STARTED
198283,NOT_STARTED
198287,NOT_STARTED
198377,NOT_STARTED
198503,NOT_STARTED
198511,NOT_STARTED
198515,NOT_STARTED
198533,NOT_STARTED
198571,NOT_STARTED
198613,NOT_STARTED
198901,NOT_STARTED
198977,NOT_STARTED
199051,NOT_STARTED
199063,NOT_STARTED
199133,NOT_STARTED
199153,NOT_STARTED
199159,NOT_STARTED
199163,NOT_STARTED
199193,NOT_STARTED
199271,NOT_STARTED
199457,NOT_STARTED
199505,NOT_STARTED
199529,NOT_STARTED
199859,NOT_STARTED
199933,NOT_STARTED
199973,NOT_STARTED
200117,NOT_STARTED
200131,NOT_STARTED
200203,NOT_STARTED
200239,NOT_STARTED
200273,NOT_STARTED
200407,NOT_STARTED
200549,NOT_STARTED
200813,NOT_STARTED
200941,NOT_STARTED
200989,NOT_STARTED
201049,NOT_STARTED
201053,NOT_STARTED
201073,NOT_STARTED
201121,NOT_STARTED
201211,NOT_STARTED
201263,NOT_STARTED
201287,NOT_STARTED
201307,NOT_STARTED
201341,NOT_STARTED
201359,NOT_STARTED
201413,NOT_STARTED
201473,NOT_STARTED
201631,NOT_STARTED
201673,NOT_STARTED
201709,NOT_STARTED
201713,NOT_STARTED
201743,NOT_STARTED
201923,NOT_STARTED
202007,NOT_STARTED
202067,NOT_STARTED
202069,NOT_STARTED
202139,NOT_STARTED
202201,NOT_STARTED
202243,NOT_STARTED
202427,NOT_STARTED
202441,NOT_STARTED
202447,NOT_STARTED
202493,NOT_STARTED
202499,NOT_STARTED
202639,NOT_STARTED
202679,NOT_STARTED
202823,NOT_STARTED
202907,NOT_STARTED
203059,NOT_STARTED
203069,NOT_STARTED
203083,NOT_STARTED
203089,NOT_STARTED
203117,NOT_STARTED
203159,NOT_STARTED
203393,NOT_STARTED
203483,NOT_STARTED
203497,NOT_STARTED
203501,NOT_STARTED
203509,NOT_STARTED
203695,NOT_STARTED
203923,NOT_STARTED
203927,NOT_STARTED
203929,NOT_STARTED
203933,NOT_STARTED
204077,NOT_STARTED
204199,NOT_STARTED
204211,NOT_STARTED
204215,NOT_STARTED
204259,NOT_STARTED
204641,NOT_STARTED
204689,NOT_STARTED
205187,NOT_STARTED
205463,NOT_STARTED
205559,NOT_STARTED
205633,NOT_STARTED
205663,NOT_STARTED
205789,NOT_STARTED
205891,NOT_STARTED
205913,NOT_STARTED
206087,NOT_STARTED
206101,NOT_STARTED
206125,NOT_STARTED
206309,NOT_STARTED
206327,NOT_STARTED
206389,NOT_STARTED
206573,NOT_STARTED
206671,NOT_STARTED
206707,NOT_STARTED
206717,NOT_STARTED
206723,NOT_STARTED
206831,NOT_STARTED
206843,NOT_STARTED
207151,NOT_STARTED
207343,NOT_STARTED
207349,NOT_STARTED
207523,NOT_STARTED
207593,NOT_STARTED
207689,NOT_STARTED
207691,NOT_STARTED
207721,NOT_STARTED
207901,NOT_STARTED
207953,NOT_STARTED
208169,NOT_STARTED
208189,NOT_STARTED
208319,NOT_STARTED
208531,NOT_STARTED
208637,NOT_STARTED
208739,NOT_STARTED
208807,NOT_STARTED
208909,NOT_STARTED
208963,NOT_STARTED
208969,NOT_STARTED
209003,NOT_STARTED
209159,NOT_STARTED
209477,NOT_STARTED
209753,NOT_STARTED
209771,NOT_STARTED
209873,NOT_STARTED
209897,NOT_STARTED
209941,NOT_STARTED
210083,NOT_STARTED
210211,NOT_STARTED
210299,NOT_STARTED
210499,NOT_STARTED
210557,NOT_STARTED
210577,NOT_STARTED
210883,NOT_STARTED
210979,NOT_STARTED
210989,NOT_STARTED
211103,NOT_STARTED
211157,NOT_STARTED
211247,NOT_STARTED
211351,NOT_STARTED
211403,NOT_STARTED
211513,NOT_STARTED
211601,NOT_STARTED
211643,NOT_STARTED
211693,NOT_STARTED
211819,NOT_STARTED
211837,NOT_STARTED
211909,NOT_STARTED
211999,NOT_STARTED
212005,NOT_STARTED
212009,NOT_STARTED
212011,NOT_STARTED
212063,NOT_STARTED
212243,NOT_STARTED
212263,NOT_STARTED
212423,NOT_STARTED
212479,NOT_STARTED
212483,NOT_STARTED
212701,NOT_STARTED
212731,NOT_STARTED
212933,NOT_STARTED
213047,NOT_STARTED
213151,NOT_STARTED
213293,NOT_STARTED
213407,NOT_STARTED
213413,NOT_STARTED
213497,NOT_STARTED
213563,NOT_STARTED
213569,NOT_STARTED
213659,NOT_STARTED
213661,NOT_STARTED
213679,NOT_STARTED
213761,NOT_STARTED
213773,NOT_STARTED
213863,NOT_STARTED
213929,NOT_STARTED
214261,NOT_STARTED
214283,NOT_STARTED
214589,NOT_STARTED
214891,NOT_STARTED
214895,NOT_STARTED
214949,NOT_STARTED
214993,NOT_STARTED
215003,NOT_STARTED
215021,NOT_STARTED
215027,NOT_STARTED
215063,NOT_STARTED
215221,NOT_STARTED
215279,NOT_STARTED
215417,NOT_STARTED
215507,NOT_STARTED
215543,NOT_STARTED
215573,NOT_STARTED
215591,NOT_STARTED
215593,NOT_STARTED
215603,NOT_STARTED
215623,NOT_STARTED
215779,NOT_STARTED
215783,NOT_STARTED
215869,NOT_STARTED
216187,NOT_STARTED
216379,NOT_STARTED
216451,NOT_STARTED
216457,NOT_STARTED
216467,NOT_STARTED
216523,NOT_STARTED
216683,NOT_STARTED
216803,NOT_STARTED
216977,NOT_STARTED
217003,NOT_STARTED
217009,NOT_STARTED
217013,NOT_STARTED
217081,NOT_STARTED
217127,NOT_STARTED
217171,NOT_STARTED
217339,NOT_STARTED
217631,NOT_STARTED
217643,NOT_STARTED
217801,NOT_STARTED
217859,NOT_STARTED
218003,NOT_STARTED
218033,NOT_STARTED
218089,NOT_STARTED
218171,NOT_STARTED
218257,NOT_STARTED
218303,NOT_STARTED
218327,NOT_STARTED
218461,NOT_STARTED
218491,NOT_STARTED
218761,NOT_STARTED
218783,NOT_STARTED
218903,NOT_STARTED
219119,NOT_STARTED
219169,NOT_STARTED
219193,NOT_STARTED
219199,NOT_STARTED
219253,NOT_STARTED
219323,NOT_STARTED
219413,NOT_STARTED
219473,NOT_STARTED
219811,NOT_STARTED
219985,NOT_STARTED
220033,NOT_STARTED
220037,NOT_STARTED
220063,NOT_STARTED
220067,NOT_STARTED
220079,NOT_STARTED
220103,NOT_STARTED
220225,NOT_STARTED
220229,NOT_STARTED
220259,NOT_STARTED
220433,NOT_STARTED
220595,NOT_STARTED
220639,NOT_STARTED
220813,NOT_STARTED
220973,NOT_STARTED
220975,NOT_STARTED
220981,NOT_STARTED
220999,NOT_STARTED
221003,NOT_STARTED
221135,NOT_STARTED
221183,NOT_STARTED
221341,NOT_STARTED
221519,NOT_STARTED
221603,NOT_STARTED
221629,NOT_STARTED
221633,NOT_STARTED
221693,NOT_STARTED
221873,NOT_STARTED
221923,NOT_STARTED
221969,NOT_STARTED
222077,NOT_STARTED
222179,NOT_STARTED
222209,NOT_STARTED
222223,NOT_STARTED
222437,NOT_STARTED
222443,NOT_STARTED
222473,NOT_STARTED
222559,NOT_STARTED
222665,NOT_STARTED
222679,NOT_STARTED
222731,NOT_STARTED
222733,NOT_STARTED
222739,NOT_STARTED
222743,NOT_STARTED
222751,NOT_STARTED
222803,NOT_STARTED
222863,NOT_STARTED
222893,NOT_STARTED
222953,NOT_STARTED
223073,NOT_STARTED
223159,NOT_STARTED
223385,NOT_STARTED
223445,NOT_STARTED
223723,NOT_STARTED
223761,NOT_STARTED
223789,NOT_STARTED
223801,NOT_STARTED
223859,NOT_STARTED
223949,NOT_STARTED
223981,NOT_STARTED
224071,NOT_STARTED
224075,NOT_STARTED
224329,NOT_STARTED
224375,NOT_STARTED
224473,NOT_STARTED
224531,NOT_STARTED
224771,NOT_STARTED
224869,NOT_STARTED
224929,NOT_STARTED
224999,NOT_STARTED
225023,NOT_STARTED
225121,NOT_STARTED
225181,NOT_STARTED
225187,NOT_STARTED
225413,NOT_STARTED
225431,NOT_STARTED
225437,NOT_STARTED
225533,NOT_STARTED
225545,NOT_STARTED
225647,NOT_STARTED
225785,NOT_STARTED
226013,NOT_STARTED
226141,NOT_STARTED
226247,NOT_STARTED
226343,NOT_STARTED
226433,NOT_STARTED
226463,NOT_STARTED
226553,NOT_STARTED
226583,NOT_STARTED
226853,NOT_STARTED
226877,NOT_STARTED
226879,NOT_STARTED
226913,NOT_STARTED
226969,NOT_STARTED
227027,NOT_STARTED
227053,NOT_STARTED
227059,NOT_STARTED
227303,NOT_STARTED
227309,NOT_STARTED
227333,NOT_STARTED
227743,NOT_STARTED
227749,NOT_STARTED
227761,NOT_STARTED
227923,NOT_STARTED
227993,NOT_STARTED
228151,NOT_STARTED
228161,NOT_STARTED
228365,NOT_STARTED
228541,NOT_STARTED
228563,NOT_STARTED
228689,NOT_STARTED
228799,NOT_STARTED
228803,NOT_STARTED
228887,NOT_STARTED
228961,NOT_STARTED
229009,NOT_STARTED
229013,NOT_STARTED
229051,NOT_STARTED
229351,NOT_STARTED
229433,NOT_STARTED
229853,NOT_STARTED
229981,NOT_STARTED
230003,NOT_STARTED
230369,NOT_STARTED
230407,NOT_STARTED
230481,NOT_STARTED
230573,NOT_STARTED
230693,NOT_STARTED
230911,NOT_STARTED
230941,NOT_STARTED
231067,NOT_STARTED
231169,NOT_STARTED
231173,NOT_STARTED
231247,NOT_STARTED
231391,NOT_STARTED
231571,NOT_STARTED
231841,NOT_STARTED
231923,NOT_STARTED
231977,NOT_STARTED
231979,NOT_STARTED
232021,NOT_STARTED
232031,NOT_STARTED
232277,NOT_STARTED
232283,NOT_STARTED
232309,NOT_STARTED
232391,NOT_STARTED
232499,NOT_STARTED
232549,NOT_STARTED
232607,NOT_STARTED
232681,NOT_STARTED
232781,NOT_STARTED
232823,NOT_STARTED
232943,NOT_STARTED
232967,NOT_STARTED
232973,NOT_STARTED
232999,NOT_STARTED
233119,NOT_STARTED
233183,NOT_STARTED
233209,NOT_STARTED
233303,NOT_STARTED
233389,NOT_STARTED
233393,NOT_STARTED
233423,NOT_STARTED
233491,NOT_STARTED
233513,NOT_STARTED
233515,NOT_STARTED
233699,NOT_STARTED
233717,NOT_STARTED
233719,NOT_STARTED
233723,NOT_STARTED
233759,NOT_STARTED
233789,NOT_STARTED
233791,NOT_STARTED
233809,NOT_STARTED
233861,NOT_STARTED
233881,NOT_STARTED
233887,NOT_STARTED
234007,NOT_STARTED
234047,NOT_STARTED
234239,NOT_STARTED
234295,NOT_STARTED
234361,NOT_STARTED
234383,NOT_STARTED
234391,NOT_STARTED
234433,NOT_STARTED
234439,NOT_STARTED
234683,NOT_STARTED
234811,NOT_STARTED
235013,NOT_STARTED
235021,NOT_STARTED
235127,NOT_STARTED
235181,NOT_STARTED
235247,NOT_STARTED
235255,NOT_STARTED
235373,NOT_STARTED
235643,NOT_STARTED
235681,NOT_STARTED
235769,NOT_STARTED
235823,NOT_STARTED
236003,NOT_STARTED
236093,NOT_STARTED
236153,NOT_STARTED
236171,NOT_STARTED
236239,NOT_STARTED
236267,NOT_STARTED
236299,NOT_STARTED
236303,NOT_STARTED
236339,NOT_STARTED
236341,NOT_STARTED
236431,NOT_STARTED
236527,NOT_STARTED
236549,NOT_STARTED
236627,NOT_STARTED
236813,NOT_STARTED
236843,NOT_STARTED
236917,NOT_STARTED
236923,NOT_STARTED
237077,NOT_STARTED
237091,NOT_STARTED
237103,NOT_STARTED
237113,NOT_STARTED
237257,NOT_STARTED
237343,NOT_STARTED
237379,NOT_STARTED
237409,NOT_STARTED
237413,NOT_STARTED
237443,NOT_STARTED
237509,NOT_STARTED
237533,NOT_STARTED
237647,NOT_STARTED
237649,NOT_STARTED
237713,NOT_STARTED
237911,NOT_STARTED
237931,NOT_STARTED
238271,NOT_STARTED
238397,NOT_STARTED
238553,NOT_STARTED
238859,NOT_STARTED
238883,NOT_STARTED
238949,NOT_STARTED
238973,NOT_STARTED
238993,NOT_STARTED
239003,NOT_STARTED
239027,NOT_STARTED
239101,NOT_STARTED
239119,NOT_STARTED
239207,NOT_STARTED
239213,NOT_STARTED
239273,NOT_STARTED
239299,NOT_STARTED
239567,NOT_STARTED
239713,NOT_STARTED
239753,NOT_STARTED
239759,NOT_STARTED
239911,NOT_STARTED
240113,NOT_STARTED
240173,NOT_STARTED
240209,NOT_STARTED
240221,NOT_STARTED
240293,NOT_STARTED
240323,NOT_STARTED
240521,NOT_STARTED
240527,NOT_STARTED
240533,NOT_STARTED
240553,NOT_STARTED
240683,NOT_STARTED
240709,NOT_STARTED
240743,NOT_STARTED
240901,NOT_STARTED
240917,NOT_STARTED
240919,NOT_STARTED
240923,NOT_STARTED
241183,NOT_STARTED
241273,NOT_STARTED
241343,NOT_STARTED
241369,NOT_STARTED
241403,NOT_STARTED
241469,NOT_STARTED
241471,NOT_STARTED
241517,NOT_STARTED
241567,NOT_STARTED
241613,NOT_STARTED
241739,NOT_STARTED
241757,NOT_STARTED
241883,NOT_STARTED
242021,NOT_STARTED
242101,NOT_STARTED
242177,NOT_STARTED
242201,NOT_STARTED
242203,NOT_STARTED
242279,NOT_STARTED
242281,NOT_STARTED
242357,NOT_STARTED
242423,NOT_STARTED
242827,NOT_STARTED
242897,NOT_STARTED
242941,NOT_STARTED
242971,NOT_STARTED
243031,NOT_STARTED
243179,NOT_STARTED
243263,NOT_STARTED
243271,NOT_STARTED
243289,NOT_STARTED
243313,NOT_STARTED
243317,NOT_STARTED
243325,NOT_STARTED
243329,NOT_STARTED
243353,NOT_STARTED
243367,NOT_STARTED
243403,NOT_STARTED
243407,NOT_STARTED
243649,NOT_STARTED
243709,NOT_STARTED
243713,NOT_STARTED
243731,NOT_STARTED
243751,NOT_STARTED
244033,NOT_STARTED
244057,NOT_STARTED
244063,NOT_STARTED
244067,NOT_STARTED
244069,NOT_STARTED
244073,NOT_STARTED
244177,NOT_STARTED
244219,NOT_STARTED
244229,NOT_STARTED
244319,NOT_STARTED
244493,NOT_STARTED
244649,NOT_STARTED
244793,NOT_STARTED
244823,NOT_STARTED
244943,NOT_STARTED
244963,NOT_STARTED
245003,NOT_STARTED
245087,NOT_STARTED
245183,NOT_STARTED
245185,NOT_STARTED
245303,NOT_STARTED
245321,NOT_STARTED
245341,NOT_STARTED
245359,NOT_STARTED
245483,NOT_STARTED
245533,NOT_STARTED
245569,NOT_STARTED
245573,NOT_STARTED
245657,NOT_STARTED
245803,NOT_STARTED
245927,NOT_STARTED
246019,NOT_STARTED
246031,NOT_STARTED
246053,NOT_STARTED
246061,NOT_STARTED
246083,NOT_STARTED
246101,NOT_STARTED
246223,NOT_STARTED
246289,NOT_STARTED
246377,NOT_STARTED
246403,NOT_STARTED
246421,NOT_STARTED
246539,NOT_STARTED
246617,NOT_STARTED
246647,NOT_STARTED
246661,NOT_STARTED
246839,NOT_STARTED
246853,NOT_STARTED
246871,NOT_STARTED
246979,NOT_STARTED
247013,NOT_STARTED
247039,NOT_STARTED
247043,NOT_STARTED
247099,NOT_STARTED
247109,NOT_STARTED
247141,NOT_STARTED
247147,NOT_STARTED
247163,NOT_STARTED
247343,NOT_STARTED
247487,NOT_STARTED
247505,NOT_STARTED
247943,NOT_STARTED
248099,NOT_STARTED
248207,NOT_STARTED
248243,NOT_STARTED
248323,NOT_STARTED
248407,NOT_STARTED
248411,NOT_STARTED
248483,NOT_STARTED
248513,NOT_STARTED
248761,NOT_STARTED
248909,NOT_STARTED
248947,NOT_STARTED
248987,NOT_STARTED
248989,NOT_STARTED
249113,NOT_STARTED
249293,NOT_STARTED
249349,NOT_STARTED
249449,NOT_STARTED
249541,NOT_STARTED
249565,NOT_STARTED
249629,NOT_STARTED
249679,NOT_STARTED
249707,NOT_STARTED
249833,NOT_STARTED
249881,NOT_STARTED
249923,NOT_STARTED
250127,NOT_STARTED
250171,NOT_STARTED
250213,NOT_STARTED
250229,NOT_STARTED
250309,NOT_STARTED
250313,NOT_STARTED
250315,NOT_STARTED
250343,NOT_STARTED
250451,NOT_STARTED
250507,NOT_STARTED
250529,NOT_STARTED
250547,NOT_STARTED
250549,NOT_STARTED
250583,NOT_STARTED
250591,NOT_STARTED
250621,NOT_STARTED
250891,NOT_STARTED
250897,NOT_STARTED
250921,NOT_STARTED
251003,NOT_STARTED
251243,NOT_STARTED
251323,NOT_STARTED
251567,NOT_STARTED
251663,NOT_STARTED
251707,NOT_STARTED
251737,NOT_STARTED
251743,NOT_STARTED
251761,NOT_STARTED
251983,NOT_STARTED
252047,NOT_STARTED
252053,NOT_STARTED
252103,NOT_STARTED
252233,NOT_STARTED
252239,NOT_STARTED
252293,NOT_STARTED
252589,NOT_STARTED
252691,NOT_STARTED
252737,NOT_STARTED
252739,NOT_STARTED
252773,NOT_STARTED
252841,NOT_STARTED
252923,NOT_STARTED
252989,NOT_STARTED
253063,NOT_STARTED
253111,NOT_STARTED
253133,NOT_STARTED
253139,NOT_STARTED
253177,NOT_STARTED
253247,NOT_STARTED
253273,NOT_STARTED
253507,NOT_STARTED
253517,NOT_STARTED
253583,NOT_STARTED
253613,NOT_STARTED
253681,NOT_STARTED
253823,NOT_STARTED
253831,NOT_STARTED
253853,NOT_STARTED
253969,NOT_STARTED
254095,NOT_STARTED
254099,NOT_STARTED
254101,NOT_STARTED
254123,NOT_STARTED
254161,NOT_STARTED
254183,NOT_STARTED
254231,NOT_STARTED
254333,NOT_STARTED
254347,NOT_STARTED
254419,NOT_STARTED
254461,NOT_STARTED
254467,NOT_STARTED
254539,NOT_STARTED
254567,NOT_STARTED
254579,NOT_STARTED
254671,NOT_STARTED
254687,NOT_STARTED
254803,NOT_STARTED
254843,NOT_STARTED
254941,NOT_STARTED
255053,NOT_STARTED
255263,NOT_STARTED
255289,NOT_STARTED
255295,NOT_STARTED
255299,NOT_STARTED
255421,NOT_STARTED
255529,NOT_STARTED
255683,NOT_STARTED
255691,NOT_STARTED
255713,NOT_STARTED
255719,NOT_STARTED
255721,NOT_STARTED
255773,NOT_STARTED
255781,NOT_STARTED
255803,NOT_STARTED
255821,NOT_STARTED
255889,NOT_STARTED
255947,NOT_STARTED
255991,NOT_STARTED
256133,NOT_STARTED
256219,NOT_STARTED
256283,NOT_STARTED
256315,NOT_STARTED
256441,NOT_STARTED
256625,NOT_STARTED
256663,NOT_STARTED
256723,NOT_STARTED
256777,NOT_STARTED
256831,NOT_STARTED
256847,NOT_STARTED
256853,NOT_STARTED
256909,NOT_STARTED
256913,NOT_STARTED
256943,NOT_STARTED
257017,NOT_STARTED
257141,NOT_STARTED
257201,NOT_STARTED
257357,NOT_STARTED
257371,NOT_STARTED
257407,NOT_STARTED
257423,NOT_STARTED
257459,NOT_STARTED
257519,NOT_STARTED
257567,NOT_STARTED
257731,NOT_STARTED
257797,NOT_STARTED
257843,NOT_STARTED
257927,NOT_STARTED
258001,NOT_STARTED
258079,NOT_STARTED
258143,NOT_STARTED
258173,NOT_STARTED
258259,NOT_STARTED
258263,NOT_STARTED
258299,NOT_STARTED
258451,NOT_STARTED
258469,NOT_STARTED
258593,NOT_STARTED
258749,NOT_STARTED
258923,NOT_STARTED
258925,NOT_STARTED
258929,NOT_STARTED
259019,NOT_STARTED
259033,NOT_STARTED
259039,NOT_STARTED
259129,NOT_STARTED
259291,NOT_STARTED
259351,NOT_STARTED
259459,NOT_STARTED
259517,NOT_STARTED
259559,NOT_STARTED
259753,NOT_STARTED
259787,NOT_STARTED
259849,NOT_STARTED
259853,NOT_STARTED
259909,NOT_STARTED
259969,NOT_STARTED
260027,NOT_STARTED
260123,NOT_STARTED
260213,NOT_STARTED
260249,NOT_STARTED
260369,NOT_STARTED
260423,NOT_STARTED
260551,NOT_STARTED
260693,NOT_STARTED
260761,NOT_STARTED
260827,NOT_STARTED
260893,NOT_STARTED
261127,NOT_STARTED
261141,NOT_STARTED
261281,NOT_STARTED
261409,NOT_STARTED
261469,NOT_STARTED
261487,NOT_STARTED
261601,NOT_STARTED
261739,NOT_STARTED
261773,NOT_STARTED
261799,NOT_STARTED
261805,NOT_STARTED
261893,NOT_STARTED
261931,NOT_STARTED
262007,NOT_STARTED
262231,NOT_STARTED
262279,NOT_STARTED
262433,NOT_STARTED
262435,NOT_STARTED
262439,NOT_STARTED
262523,NOT_STARTED
262607,NOT_STARTED
262657,NOT_STARTED
262835,NOT_STARTED
262859,NOT_STARTED
262883,NOT_STARTED
262957,NOT_STARTED
262963,NOT_STARTED
263027,NOT_STARTED
263029,NOT_STARTED
263243,NOT_STARTED
263273,NOT_STARTED
263339,NOT_STARTED
263447,NOT_STARTED
263539,NOT_STARTED
263683,NOT_STARTED
263993,NOT_STARTED
264031,NOT_STARTED
264113,NOT_STARTED
264185,NOT_STARTED
264193,NOT_STARTED
264223,NOT_STARTED
264227,NOT_STARTED
264245,NOT_STARTED
264443,NOT_STARTED
264601,NOT_STARTED
264661,NOT_STARTED
264673,NOT_STARTED
264847,NOT_STARTED
264935,NOT_STARTED
264977,NOT_STARTED
265007,NOT_STARTED
265037,NOT_STARTED
265039,NOT_STARTED
265103,NOT_STARTED
265361,NOT_STARTED
265403,NOT_STARTED
265433,NOT_STARTED
265513,NOT_STARTED
265583,NOT_STARTED
265621,NOT_STARTED
265633,NOT_STARTED
265643,NOT_STARTED
265655,NOT_STARTED
265661,NOT_STARTED
265663,NOT_STARTED
265667,NOT_STARTED
265669,NOT_STARTED
265681,NOT_STARTED
265757,NOT_STARTED
265763,NOT_STARTED
265789,NOT_STARTED
265901,NOT_STARTED
265907,NOT_STARTED
265921,NOT_STARTED
265967,NOT_STARTED
266059,NOT_STARTED
266191,NOT_STARTED
266243,NOT_STARTED
266381,NOT_STARTED
266419,NOT_STARTED
266423,NOT_STARTED
266503,NOT_STARTED
266507,NOT_STARTED
266527,NOT_STARTED
266605,NOT_STARTED
266723,NOT_STARTED
266809,NOT_STARTED
266957,NOT_STARTED
267049,NOT_STARTED
267053,NOT_STARTED
267055,NOT_STARTED
267113,NOT_STARTED
267233,NOT_STARTED
267323,NOT_STARTED
267451,NOT_STARTED
267497,NOT_STARTED
267691,NOT_STARTED
267965,NOT_STARTED
267983,NOT_STARTED
268103,NOT_STARTED
268153,NOT_STARTED
268223,NOT_STARTED
268307,NOT_STARTED
268315,NOT_STARTED
268357,NOT_STARTED
268361,NOT_STARTED
268381,NOT_STARTED
268385,NOT_STARTED
268463,NOT_STARTED
268549,NOT_STARTED
268583,NOT_STARTED
268589,NOT_STARTED
268643,NOT_STARTED
268673,NOT_STARTED
268703,NOT_STARTED
268843,NOT_STARTED
268847,NOT_STARTED
268883,NOT_STARTED
268999,NOT_STARTED
269089,NOT_STARTED
269093,NOT_STARTED
269099,NOT_STARTED
269239,NOT_STARTED
269261,NOT_STARTED
269293,NOT_STARTED
269303,NOT_STARTED
269393,NOT_STARTED
269479,NOT_STARTED
269485,NOT_STARTED
269491,NOT_STARTED
269579,NOT_STARTED
269623,NOT_STARTED
269627,NOT_STARTED
269663,NOT_STARTED
269665,NOT_STARTED
269797,NOT_STARTED
269801,NOT_STARTED
269851,NOT_STARTED
269857,NOT_STARTED
269959,NOT_STARTED
270169,NOT_STARTED
270349,NOT_STARTED
270383,NOT_STARTED
270469,NOT_STARTED
270563,NOT_STARTED
270601,NOT_STARTED
270619,NOT_STARTED
270719,NOT_STARTED
270799,NOT_STARTED
271141,NOT_STARTED
271289,NOT_STARTED
271291,NOT_STARTED
271309,NOT_STARTED
271367,NOT_STARTED
271369,NOT_STARTED
271411,NOT_STARTED
271517,NOT_STARTED
271519,NOT_STARTED
271657,NOT_STARTED
271703,NOT_STARTED
271729,NOT_STARTED
271733,NOT_STARTED
271787,NOT_STARTED
271981,NOT_STARTED
272059,NOT_STARTED
272065,NOT_STARTED
272069,NOT_STARTED
272071,NOT_STARTED
272101,NOT_STARTED
272105,NOT_STARTED
272149,NOT_STARTED
272209,NOT_STARTED
272273,NOT_STARTED
272299,NOT_STARTED
272483,NOT_STARTED
272509,NOT_STARTED
272621,NOT_STARTED
272699,NOT_STARTED
272719,NOT_STARTED
272737,NOT_STARTED
272789,NOT_STARTED
272821,NOT_STARTED
272843,NOT_STARTED
273209,NOT_STARTED
273211,NOT_STARTED
273215,NOT_STARTED
273289,NOT_STARTED
273367,NOT_STARTED
273373,NOT_STARTED
273433,NOT_STARTED
273443,NOT_STARTED
273473,NOT_STARTED
273533,NOT_STARTED
273661,NOT_STARTED
273743,NOT_STARTED
273863,NOT_STARTED
274033,NOT_STARTED
274129,NOT_STARTED
274319,NOT_STARTED
274379,NOT_STARTED
274385,NOT_STARTED
274457,NOT_STARTED
274529,NOT_STARTED
274531,NOT_STARTED
274553,NOT_STARTED
274591,NOT_STARTED
274627,NOT_STARTED
274631,NOT_STARTED
274643,NOT_STARTED
274763,NOT_STARTED
274787,NOT_STARTED
274889,NOT_STARTED
274973,NOT_STARTED
275003,NOT_STARTED
275063,NOT_STARTED
275095,NOT_STARTED
275099,NOT_STARTED
275101,NOT_STARTED
275299,NOT_STARTED
275371,NOT_STARTED
275401,NOT_STARTED
275423,NOT_STARTED
275551,NOT_STARTED
275839,NOT_STARTED
276019,NOT_STARTED
276151,NOT_STARTED
276403,NOT_STARTED
276533,NOT_STARTED
276599,NOT_STARTED
276743,NOT_STARTED
277073,NOT_STARTED
277187,NOT_STARTED
277189,NOT_STARTED
277333,NOT_STARTED
277343,NOT_STARTED
277379,NOT_STARTED
277393,NOT_STARTED
277441,NOT_STARTED
277453,NOT_STARTED
277663,NOT_STARTED
277703,NOT_STARTED
277727,NOT_STARTED
277799,NOT_STARTED
277829,NOT_STARTED
277861,NOT_STARTED
277919,NOT_STARTED
277921,NOT_STARTED
277943,NOT_STARTED
277979,NOT_STARTED
278003,NOT_STARTED
278243,NOT_STARTED
278279,NOT_STARTED
278293,NOT_STARTED
278419,NOT_STARTED
278423,NOT_STARTED
278441,NOT_STARTED
278503,NOT_STARTED
278513,NOT_STARTED
278519,NOT_STARTED
278567,NOT_STARTED
278651,NOT_STARTED
278767,NOT_STARTED
278771,NOT_STARTED
278849,NOT_STARTED
278921,NOT_STARTED
278957,NOT_STARTED
278963,NOT_STARTED
279029,NOT_STARTED
279049,NOT_STARTED
279091,NOT_STARTED
279143,NOT_STARTED
279149,NOT_STARTED
279229,NOT_STARTED
279233,NOT_STARTED
279251,NOT_STARTED
279277,NOT_STARTED
279287,NOT_STARTED
279317,NOT_STARTED
279361,NOT_STARTED
279373,NOT_STARTED
279523,NOT_STARTED
279623,NOT_STARTED
279733,NOT_STARTED
279827,NOT_STARTED
279889,NOT_STARTED
279893,NOT_STARTED
279899,NOT_STARTED
279953,NOT_STARTED
280141,NOT_STARTED
280255,NOT_STARTED
280259,NOT_STARTED
280355,NOT_STARTED
280391,NOT_STARTED
280463,NOT_STARTED
280561,NOT_STARTED
280645,NOT_STARTED
281003,NOT_STARTED
281033,NOT_STARTED
281087,NOT_STARTED
281131,NOT_STARTED
281389,NOT_STARTED
281401,NOT_STARTED
281431,NOT_STARTED
281437,NOT_STARTED
281447,NOT_STARTED
281449,NOT_STARTED
281467,NOT_STARTED
281483,NOT_STARTED
281489,NOT_STARTED
281491,NOT_STARTED
281513,NOT_STARTED
281893,NOT_STARTED
281899,NOT_STARTED
281903,NOT_STARTED
281933,NOT_STARTED
282019,NOT_STARTED
282023,NOT_STARTED
282031,NOT_STARTED
282071,NOT_STARTED
282107,NOT_STARTED
282143,NOT_STARTED
282187,NOT_STARTED
282259,NOT_STARTED
282467,NOT_STARTED
282529,NOT_STARTED
282533,NOT_STARTED
282541,NOT_STARTED
282643,NOT_STARTED
282743,NOT_STARTED
282773,NOT_STARTED
282775,NOT_STARTED
282923,NOT_STARTED
283013,NOT_STARTED
283193,NOT_STARTED
283217,NOT_STARTED
283231,NOT_STARTED
283303,NOT_STARTED
283349,NOT_STARTED
283463,NOT_STARTED
283609,NOT_STARTED
283651,NOT_STARTED
283721,NOT_STARTED
283741,NOT_STARTED
283771,NOT_STARTED
283837,NOT_STARTED
283883,NOT_STARTED
284023,NOT_STARTED
284059,NOT_STARTED
284063,NOT_STARTED
284131,NOT_STARTED
284209,NOT_STARTED
284243,NOT_STARTED
284429,NOT_STARTED
284449,NOT_STARTED
284599,NOT_STARTED
284663,NOT_STARTED
284783,NOT_STARTED
284899,NOT_STARTED
284939,NOT_STARTED
284989,NOT_STARTED
285203,NOT_STARTED
285229,NOT_STARTED
285257,NOT_STARTED
285349,NOT_STARTED
285353,NOT_STARTED
285397,NOT_STARTED
285473,NOT_STARTED
285647,NOT_STARTED
285679,NOT_STARTED
285841,NOT_STARTED
285847,NOT_STARTED
285857,NOT_STARTED
285959,NOT_STARTED
286021,NOT_STARTED
286023,NOT_STARTED
286025,NOT_STARTED
286073,NOT_STARTED
286081,NOT_STARTED
286103,NOT_STARTED
286111,NOT_STARTED
286129,NOT_STARTED
286133,NOT_STARTED
286181,NOT_STARTED
286223,NOT_STARTED
286253,NOT_STARTED
286313,NOT_STARTED
286319,NOT_STARTED
286333,NOT_STARTED
286397,NOT_STARTED
286439,NOT_STARTED
286499,NOT_STARTED
286591,NOT_STARTED
286637,NOT_STARTED
286673,NOT_STARTED
286711,NOT_STARTED
286817,NOT_STARTED
286837,NOT_STARTED
286891,NOT_STARTED
286907,NOT_STARTED
286933,NOT_STARTED
286943,NOT_STARTED
287353,NOT_STARTED
287395,NOT_STARTED
287401,NOT_STARTED
287453,NOT_STARTED
287519,NOT_STARTED
287633,NOT_STARTED
287713,NOT_STARTED
287887,NOT_STARTED
287893,NOT_STARTED
287903,NOT_STARTED
287941,NOT_STARTED
287957,NOT_STARTED
287987,NOT_STARTED
288031,NOT_STARTED
288091,NOT_STARTED
288157,NOT_STARTED
288161,NOT_STARTED
288227,NOT_STARTED
288263,NOT_STARTED
288439,NOT_STARTED
288467,NOT_STARTED
288503,NOT_STARTED
288601,NOT_STARTED
288611,NOT_STARTED
288623,NOT_STARTED
288697,NOT_STARTED
288737,NOT_STARTED
288781,NOT_STARTED
288803,NOT_STARTED
288877,NOT_STARTED
288889,NOT_STARTED
288953,NOT_STARTED
289049,NOT_STARTED
289195,NOT_STARTED
289223,NOT_STARTED
289259,NOT_STARTED
289403,NOT_STARTED
289477,NOT_STARTED
289493,NOT_STARTED
289589,NOT_STARTED
289609,NOT_STARTED
289679,NOT_STARTED
289693,NOT_STARTED
289741,NOT_STARTED
289801,NOT_STARTED
289915,NOT_STARTED
290065,NOT_STARTED
290089,NOT_STARTED
290123,NOT_STARTED
290251,NOT_STARTED
290281,NOT_STARTED
290287,NOT_STARTED
290293,NOT_STARTED
290297,NOT_STARTED
290333,NOT_STARTED
290573,NOT_STARTED
290597,NOT_STARTED
290629,NOT_STARTED
290635,NOT_STARTED
290903,NOT_STARTED
290927,NOT_STARTED
291121,NOT_STARTED
291143,NOT_STARTED
291307,NOT_STARTED
291377,NOT_STARTED
291383,NOT_STARTED
291391,NOT_STARTED
291443,NOT_STARTED
291569,NOT_STARTED
291581,NOT_STARTED
291589,NOT_STARTED
291701,NOT_STARTED
291761,NOT_STARTED
291839,NOT_STARTED
291901,NOT_STARTED
291937,NOT_STARTED
291997,NOT_STARTED
292189,NOT_STARTED
292205,NOT_STARTED
292253,NOT_STARTED
292273,NOT_STARTED
292283,NOT_STARTED
292321,NOT_STARTED
292399,NOT_STARTED
292643,NOT_STARTED
292759,NOT_STARTED
292819,NOT_STARTED
292853,NOT_STARTED
292879,NOT_STARTED
292883,NOT_STARTED
292891,NOT_STARTED
293047,NOT_STARTED
293179,NOT_STARTED
293291,NOT_STARTED
293359,NOT_STARTED
293369,NOT_STARTED
293371,NOT_STARTED
293417,NOT_STARTED
293483,NOT_STARTED
293509,NOT_STARTED
293521,NOT_STARTED
293543,NOT_STARTED
293569,NOT_STARTED
293581,NOT_STARTED
293683,NOT_STARTED
293687,NOT_STARTED
293777,NOT_STARTED
293807,NOT_STARTED
293809,NOT_STARTED
293843,NOT_STARTED
293905,NOT_STARTED
294077,NOT_STARTED
294079,NOT_STARTED
294323,NOT_STARTED
294353,NOT_STARTED
294361,NOT_STARTED
294409,NOT_STARTED
294509,NOT_STARTED
294533,NOT_STARTED
294583,NOT_STARTED
294677,NOT_STARTED
294707,NOT_STARTED
294733,NOT_STARTED
294839,NOT_STARTED
294841,NOT_STARTED
294923,NOT_STARTED
295055,NOT_STARTED
295087,NOT_STARTED
295129,NOT_STARTED
295295,NOT_STARTED
295321,NOT_STARTED
295343,NOT_STARTED
295363,NOT_STARTED
295373,NOT_STARTED
295391,NOT_STARTED
295475,NOT_STARTED
295487,NOT_STARTED
295493,NOT_STARTED
295577,NOT_STARTED
295609,NOT_STARTED
295613,NOT_STARTED
295669,NOT_STARTED
295729,NOT_STARTED
295741,NOT_STARTED
295795,NOT_STARTED
295801,NOT_STARTED
295915,NOT_STARTED
295997,NOT_STARTED
296041,NOT_STARTED
296161,NOT_STARTED
296303,NOT_STARTED
296317,NOT_STARTED
296329,NOT_STARTED
296453,NOT_STARTED
296489,NOT_STARTED
296533,NOT_STARTED
296593,NOT_STARTED
296597,NOT_STARTED
296609,NOT_STARTED
296627,NOT_STARTED
296783,NOT_STARTED
296843,NOT_STARTED
296879,NOT_STARTED
296911,NOT_STARTED
296989,NOT_STARTED
297005,NOT_STARTED
297113,NOT_STARTED
297197,NOT_STARTED
297203,NOT_STARTED
297209,NOT_STARTED
297211,NOT_STARTED
297265,NOT_STARTED
297299,NOT_STARTED
297323,NOT_STARTED
297331,NOT_STARTED
297337,NOT_STARTED
297547,NOT_STARTED
297661,NOT_STARTED
297743,NOT_STARTED
297863,NOT_STARTED
297931,NOT_STARTED
298049,NOT_STARTED
298063,NOT_STARTED
298247,NOT_STARTED
298289,NOT_STARTED
298313,NOT_STARTED
298351,NOT_STARTED
298355,NOT_STARTED
298433,NOT_STARTED
298483,NOT_STARTED
298493,NOT_STARTED
298499,NOT_STARTED
298523,NOT_STARTED
298535,NOT_STARTED
298607,NOT_STARTED
298897,NOT_STARTED
298943,NOT_STARTED
298951,NOT_STARTED
299113,NOT_STARTED
299153,NOT_STARTED
299281,NOT_STARTED
299419,NOT_STARTED
299423,NOT_STARTED
299573,NOT_STARTED
299623,NOT_STARTED
299731,NOT_STARTED
299809,NOT_STARTED
299819,NOT_STARTED
299911,NOT_STARTED
300023,NOT_STARTED
300053,NOT_STARTED
300089,NOT_STARTED
300167,NOT_STARTED
300277,NOT_STARTED
300443,NOT_STARTED
300515,NOT_STARTED
300517,NOT_STARTED
300521,NOT_STARTED
300691,NOT_STARTED
300901,NOT_STARTED
300983,NOT_STARTED
301079,NOT_STARTED
301193,NOT_STARTED
301363,NOT_STARTED
301409,NOT_STARTED
301433,NOT_STARTED
301601,NOT_STARTED
301711,NOT_STARTED
301723,NOT_STARTED
301771,NOT_STARTED
302023,NOT_STARTED
302069,NOT_STARTED
302089,NOT_STARTED
302143,NOT_STARTED
302329,NOT_STARTED
302333,NOT_STARTED
302339,NOT_STARTED
302341,NOT_STARTED
302345,NOT_STARTED
302347,NOT_STARTED
302353,NOT_STARTED
302483,NOT_STARTED
302485,NOT_STARTED
302521,NOT_STARTED
302611,NOT_STARTED
302633,NOT_STARTED
302689,NOT_STARTED
302807,NOT_STARTED
303161,NOT_STARTED
303731,NOT_STARTED
303841,NOT_STARTED
303871,NOT_STARTED
303983,NOT_STARTED
304099,NOT_STARTED
304103,NOT_STARTED
304231,NOT_STARTED
304307,NOT_STARTED
304397,NOT_STARTED
304583,NOT_STARTED
304673,NOT_STARTED
304849,NOT_STARTED
304909,NOT_STARTED
304913,NOT_STARTED
304951,NOT_STARTED
304981,NOT_STARTED
304999,NOT_STARTED
305071,NOT_STARTED
305449,NOT_STARTED
305453,NOT_STARTED
305497,NOT_STARTED
305503,NOT_STARTED
305507,NOT_STARTED
305665,NOT_STARTED
305681,NOT_STARTED
305723,NOT_STARTED
305891,NOT_STARTED
305971,NOT_STARTED
305981,NOT_STARTED
306023,NOT_STARTED
306389,NOT_STARTED
306437,NOT_STARTED
306589,NOT_STARTED
306593,NOT_STARTED
306605,NOT_STARTED
306613,NOT_STARTED
306713,NOT_STARTED
306953,NOT_STARTED
306973,NOT_STARTED
306991,NOT_STARTED
307129,NOT_STARTED
307201,NOT_STARTED
307289,NOT_STARTED
307319,NOT_STARTED
307339,NOT_STARTED
307343,NOT_STARTED
307451,NOT_STARTED
307483,NOT_STARTED
307549,NOT_STARTED
307555,NOT_STARTED
307651,NOT_STARTED
307697,NOT_STARTED
307733,NOT_STARTED
307735,NOT_STARTED
307739,NOT_STARTED
307771,NOT_STARTED
307777,NOT_STARTED
307873,NOT_STARTED
307919,NOT_STARTED
307949,NOT_STARTED
308173,NOT_STARTED
308177,NOT_STARTED
308183,NOT_STARTED
308191,NOT_STARTED
308225,NOT_STARTED
308333,NOT_STARTED
308341,NOT_STARTED
308363,NOT_STARTED
308449,NOT_STARTED
308573,NOT_STARTED
308621,NOT_STARTED
308663,NOT_STARTED
308747,NOT_STARTED
308773,NOT_STARTED
308827,NOT_STARTED
308831,NOT_STARTED
308857,NOT_STARTED
308899,NOT_STARTED
308971,NOT_STARTED
309137,NOT_STARTED
309223,NOT_STARTED
309293,NOT_STARTED
309403,NOT_STARTED
309481,NOT_STARTED
309541,NOT_STARTED
309601,NOT_STARTED
309713,NOT_STARTED
309739,NOT_STARTED
309827,NOT_STARTED
309859,NOT_STARTED
309881,NOT_STARTED
309901,NOT_STARTED
309937,NOT_STARTED
309949,NOT_STARTED
309997,NOT_STARTED
310093,NOT_STARTED
310147,NOT_STARTED
310187,NOT_STARTED
310193,NOT_STARTED
310195,NOT_STARTED
310201,NOT_STARTED
310237,NOT_STARTED
310337,NOT_STARTED
310403,NOT_STARTED
310405,NOT_STARTED
310511,NOT_STARTED
310517,NOT_STARTED
310603,NOT_STARTED
310607,NOT_STARTED
310609,NOT_STARTED
310667,NOT_STARTED
310847,NOT_STARTED
310949,NOT_STARTED
310951,NOT_STARTED
311041,NOT_STARTED
311051,NOT_STARTED
311063,NOT_STARTED
311155,NOT_STARTED
311159,NOT_STARTED
311237,NOT_STARTED
311255,NOT_STARTED
311257,NOT_STARTED
311479,NOT_STARTED
311491,NOT_STARTED
311497,NOT_STARTED
311507,NOT_STARTED
311513,NOT_STARTED
311515,NOT_STARTED
311569,NOT_STARTED
311629,NOT_STARTED
311749,NOT_STARTED
311765,NOT_STARTED
311807,NOT_STARTED
311833,NOT_STARTED
311903,NOT_STARTED
311921,NOT_STARTED
311993,NOT_STARTED
312131,NOT_STARTED
312143,NOT_STARTED
312293,NOT_STARTED
312317,NOT_STARTED
312529,NOT_STARTED
312623,NOT_STARTED
312659,NOT_STARTED
312811,NOT_STARTED
312863,NOT_STARTED
312949,NOT_STARTED
312953,NOT_STARTED
312989,NOT_STARTED
313051,NOT_STARTED
313063,NOT_STARTED
313091,NOT_STARTED
313183,NOT_STARTED
313417,NOT_STARTED
313441,NOT_STARTED
313493,NOT_STARTED
313523,NOT_STARTED
313529,NOT_STARTED
313741,NOT_STARTED
313795,NOT_STARTED
313805,NOT_STARTED
313855,NOT_STARTED
314033,NOT_STARTED
314093,NOT_STARTED
314299,NOT_STARTED
314303,NOT_STARTED
314363,NOT_STARTED
314467,NOT_STARTED
314603,NOT_STARTED
314627,NOT_STARTED
314663,NOT_STARTED
314665,NOT_STARTED
314779,NOT_STARTED
314783,NOT_STARTED
314813,NOT_STARTED
314881,NOT_STARTED
314933,NOT_STARTED
314959,NOT_STARTED
314963,NOT_STARTED
315013,NOT_STARTED
315023,NOT_STARTED
315181,NOT_STARTED
315203,NOT_STARTED
315223,NOT_STARTED
315283,NOT_STARTED
315289,NOT_STARTED
315331,NOT_STARTED
315379,NOT_STARTED
315493,NOT_STARTED
315529,NOT_STARTED
315533,NOT_STARTED
315649,NOT_STARTED
315703,NOT_STARTED
315713,NOT_STARTED
315781,NOT_STARTED
315811,NOT_STARTED
315911,NOT_STARTED
315917,NOT_STARTED
315923,NOT_STARTED
315977,NOT_STARTED
316009,NOT_STARTED
316223,NOT_STARTED
316303,NOT_STARTED
316321,NOT_STARTED
316403,NOT_STARTED
316517,NOT_STARTED
316703,NOT_STARTED
316823,NOT_STARTED
316865,NOT_STARTED
316937,NOT_STARTED
316961,NOT_STARTED
316969,NOT_STARTED
317033,NOT_STARTED
317089,NOT_STARTED
317233,NOT_STARTED
317239,NOT_STARTED
317281,NOT_STARTED
317377,NOT_STARTED
317381,NOT_STARTED
317519,NOT_STARTED
317539,NOT_STARTED
317563,NOT_STARTED
317621,NOT_STARTED
317671,NOT_STARTED
317747,NOT_STARTED
317753,NOT_STARTED
317797,NOT_STARTED
317843,NOT_STARTED
317867,NOT_STARTED
317869,NOT_STARTED
317927,NOT_STARTED
317929,NOT_STARTED
318023,NOT_STARTED
318053,NOT_STARTED
318089,NOT_STARTED
318109,NOT_STARTED
318349,NOT_STARTED
318383,NOT_STARTED
318443,NOT_STARTED
318473,NOT_STARTED
318485,NOT_STARTED
318529,NOT_STARTED
318601,NOT_STARTED
318715,NOT_STARTED
318763,NOT_STARTED
318863,NOT_STARTED
318889,NOT_STARTED
318979,NOT_STARTED
319133,NOT_STARTED
319261,NOT_STARTED
319265,NOT_STARTED
319613,NOT_STARTED
319703,NOT_STARTED
319763,NOT_STARTED
319853,NOT_STARTED
319861,NOT_STARTED
319901,NOT_STARTED
319939,NOT_STARTED
320167,NOT_STARTED
320249,NOT_STARTED
320273,NOT_STARTED
320339,NOT_STARTED
320351,NOT_STARTED
320431,NOT_STARTED
320453,NOT_STARTED
320491,NOT_STARTED
320495,NOT_STARTED
320539,NOT_STARTED
320591,NOT_STARTED
320629,NOT_STARTED
320633,NOT_STARTED
320669,NOT_STARTED
320713,NOT_STARTED
320741,NOT_STARTED
320773,NOT_STARTED
320791,NOT_STARTED
320959,NOT_STARTED
320971,NOT_STARTED
320993,NOT_STARTED
321091,NOT_STARTED
321263,NOT_STARTED
321341,NOT_STARTED
321383,NOT_STARTED
321473,NOT_STARTED
321491,NOT_STARTED
321509,NOT_STARTED
321527,NOT_STARTED
321689,NOT_STARTED
321803,NOT_STARTED
321851,NOT_STARTED
322195,NOT_STARTED
322279,NOT_STARTED
322369,NOT_STARTED
322649,NOT_STARTED
322651,NOT_STARTED
322669,NOT_STARTED
322691,NOT_STARTED
322709,NOT_STARTED
322789,NOT_STARTED
322793,NOT_STARTED
322823,NOT_STARTED
322825,NOT_STARTED
322877,NOT_STARTED
322901,NOT_STARTED
322969,NOT_STARTED
323281,NOT_STARTED
323341,NOT_STARTED
323449,NOT_STARTED
323513,NOT_STARTED
323627,NOT_STARTED
323657,NOT_STARTED
323659,NOT_STARTED
323665,NOT_STARTED
323729,NOT_STARTED
323749,NOT_STARTED
323849,NOT_STARTED
323881,NOT_STARTED
324259,NOT_STARTED
324271,NOT_STARTED
324343,NOT_STARTED
324539,NOT_STARTED
324563,NOT_STARTED
324565,NOT_STARTED
324595,NOT_STARTED
324619,NOT_STARTED
324817,NOT_STARTED
324851,NOT_STARTED
324875,NOT_STARTED
324953,NOT_STARTED
325097,NOT_STARTED
325133,NOT_STARTED
325231,NOT_STARTED
325249,NOT_STARTED
325253,NOT_STARTED
325387,NOT_STARTED
325463,NOT_STARTED
325487,NOT_STARTED
325523,NOT_STARTED
325547,NOT_STARTED
325643,NOT_STARTED
325729,NOT_STARTED
325733,NOT_STARTED
325789,NOT_STARTED
325819,NOT_STARTED
326177,NOT_STARTED
326233,NOT_STARTED
326279,NOT_STARTED
326323,NOT_STARTED
326329,NOT_STARTED
326371,NOT_STARTED
326383,NOT_STARTED
326389,NOT_STARTED
326401,NOT_STARTED
326419,NOT_STARTED
326423,NOT_STARTED
326449,NOT_STARTED
326509,NOT_STARTED
326519,NOT_STARTED
326633,NOT_STARTED
326707,NOT_STARTED
326717,NOT_STARTED
326723,NOT_STARTED
326783,NOT_STARTED
326789,NOT_STARTED
326807,NOT_STARTED
326813,NOT_STARTED
327041,NOT_STARTED
327083,NOT_STARTED
327109,NOT_STARTED
327181,NOT_STARTED
327217,NOT_STARTED
327347,NOT_STARTED
327605,NOT_STARTED
328073,NOT_STARTED
328135,NOT_STARTED
328141,NOT_STARTED
328147,NOT_STARTED
328151,NOT_STARTED
328183,NOT_STARTED
328217,NOT_STARTED
328307,NOT_STARTED
328343,NOT_STARTED
328439,NOT_STARTED
328441,NOT_STARTED
328519,NOT_STARTED
328523,NOT_STARTED
328669,NOT_STARTED
328729,NOT_STARTED
328739,NOT_STARTED
328763,NOT_STARTED
328793,NOT_STARTED
328861,NOT_STARTED
328933,NOT_STARTED
328991,NOT_STARTED
329029,NOT_STARTED
329123,NOT_STARTED
329509,NOT_STARTED
329557,NOT_STARTED
329561,NOT_STARTED
329563,NOT_STARTED
329569,NOT_STARTED
329603,NOT_STARTED
329807,NOT_STARTED
329821,NOT_STARTED
329825,NOT_STARTED
329899,NOT_STARTED
329921,NOT_STARTED
329999,NOT_STARTED
330073,NOT_STARTED
330083,NOT_STARTED
330169,NOT_STARTED
330175,NOT_STARTED
330181,NOT_STARTED
330251,NOT_STARTED
330361,NOT_STARTED
330389,NOT_STARTED
330449,NOT_STARTED
330473,NOT_STARTED
330475,NOT_STARTED
330509,NOT_STARTED
330511,NOT_STARTED
330535,NOT_STARTED
330587,NOT_STARTED
330623,NOT_STARTED
330661,NOT_STARTED
330737,NOT_STARTED
330859,NOT_STARTED
330943,NOT_STARTED
330961,NOT_STARTED
331043,NOT_STARTED
331193,NOT_STARTED
331217,NOT_STARTED
331283,NOT_STARTED
331427,NOT_STARTED
331429,NOT_STARTED
331433,NOT_STARTED
331589,NOT_STARTED
331651,NOT_STARTED
331673,NOT_STARTED
331711,NOT_STARTED
331853,NOT_STARTED
332011,NOT_STARTED
332071,NOT_STARTED
332121,NOT_STARTED
332161,NOT_STARTED
332221,NOT_STARTED
332233,NOT_STARTED
332273,NOT_STARTED
332323,NOT_STARTED
332329,NOT_STARTED
332333,NOT_STARTED
332341,NOT_STARTED
332351,NOT_STARTED
332369,NOT_STARTED
332419,NOT_STARTED
332447,NOT_STARTED
332519,NOT_STARTED
332525,NOT_STARTED
332527,NOT_STARTED
332533,NOT_STARTED
332581,NOT_STARTED
332593,NOT_STARTED
332623,NOT_STARTED
332669,NOT_STARTED
332711,NOT_STARTED
332933,NOT_STARTED
332959,NOT_STARTED
332995,NOT_STARTED
333001,NOT_STARTED
333053,NOT_STARTED
333083,NOT_STARTED
333299,NOT_STARTED
333457,NOT_STARTED
333563,NOT_STARTED
333593,NOT_STARTED
333737,NOT_STARTED
333881,NOT_STARTED
334079,NOT_STARTED
334099,NOT_STARTED
334267,NOT_STARTED
334297,NOT_STARTED
334429,NOT_STARTED
334451,NOT_STARTED
334513,NOT_STARTED
334519,NOT_STARTED
334523,NOT_STARTED
334583,NOT_STARTED
334727,NOT_STARTED
334729,NOT_STARTED
334801,NOT_STARTED
334813,NOT_STARTED
334819,NOT_STARTED
334903,NOT_STARTED
334909,NOT_STARTED
334943,NOT_STARTED
335093,NOT_STARTED
335135,NOT_STARTED
335177,NOT_STARTED
335183,NOT_STARTED
335299,NOT_STARTED
335303,NOT_STARTED
335323,NOT_STARTED
335357,NOT_STARTED
335459,NOT_STARTED
335477,NOT_STARTED
335539,NOT_STARTED
335591,NOT_STARTED
335695,NOT_STARTED
335773,NOT_STARTED
335857,NOT_STARTED
335879,NOT_STARTED
335897,NOT_STARTED
335903,NOT_STARTED
335921,NOT_STARTED
335927,NOT_STARTED
335959,NOT_STARTED
335969,NOT_STARTED
336005,NOT_STARTED
336083,NOT_STARTED
336121,NOT_STARTED
336269,NOT_STARTED
336277,NOT_STARTED
336283,NOT_STARTED
336317,NOT_STARTED
336319,NOT_STARTED
336361,NOT_STARTED
336703,NOT_STARTED
336713,NOT_STARTED
336727,NOT_STARTED
336733,NOT_STARTED
336743,NOT_STARTED
336833,NOT_STARTED
336937,NOT_STARTED
336947,NOT_STARTED
337055,NOT_STARTED
337099,NOT_STARTED
337123,NOT_STARTED
337135,NOT_STARTED
337223,NOT_STARTED
337313,NOT_STARTED
337459,NOT_STARTED
337489,NOT_STARTED
337493,NOT_STARTED
337549,NOT_STARTED
337553,NOT_STARTED
337557,NOT_STARTED
337585,NOT_STARTED
337609,NOT_STARTED
337703,NOT_STARTED
337759,NOT_STARTED
337767,NOT_STARTED
337793,NOT_STARTED
337799,NOT_STARTED
337823,NOT_STARTED
337877,NOT_STARTED
338093,NOT_STARTED
338101,NOT_STARTED
338119,NOT_STARTED
338183,NOT_STARTED
338237,NOT_STARTED
338347,NOT_STARTED
338431,NOT_STARTED
338543,NOT_STARTED
338587,NOT_STARTED
338641,NOT_STARTED
338777,NOT_STARTED
338887,NOT_STARTED
338927,NOT_STARTED
338929,NOT_STARTED
338933,NOT_STARTED
338999,NOT_STARTED
339001,NOT_STARTED
339053,NOT_STARTED
339107,NOT_STARTED
339197,NOT_STARTED
339263,NOT_STARTED
339271,NOT_STARTED
339349,NOT_STARTED
339361,NOT_STARTED
339389,NOT_STARTED
339433,NOT_STARTED
339445,NOT_STARTED
339447,NOT_STARTED
339563,NOT_STARTED
339713,NOT_STARTED
339781,NOT_STARTED
339889,NOT_STARTED
339929,NOT_STARTED
340141,NOT_STARTED
340339,NOT_STARTED
340343,NOT_STARTED
340463,NOT_STARTED
340483,NOT_STARTED
340489,NOT_STARTED
340499,NOT_STARTED
340501,NOT_STARTED
340819,NOT_STARTED
340961,NOT_STARTED
340999,NOT_STARTED
341003,NOT_STARTED
341027,NOT_STARTED
341089,NOT_STARTED
341093,NOT_STARTED
341105,NOT_STARTED
341123,NOT_STARTED
341141,NOT_STARTED
341143,NOT_STARTED
341233,NOT_STARTED
341243,NOT_STARTED
341251,NOT_STARTED
341357,NOT_STARTED
341365,NOT_STARTED
341381,NOT_STARTED
341543,NOT_STARTED
341569,NOT_STARTED
341659,NOT_STARTED
341663,NOT_STARTED
341791,NOT_STARTED
341885,NOT_STARTED
341933,NOT_STARTED
342001,NOT_STARTED
342143,NOT_STARTED
342145,NOT_STARTED
342499,NOT_STARTED
342559,NOT_STARTED
342607,NOT_STARTED
342613,NOT_STARTED
342619,NOT_STARTED
342623,NOT_STARTED
342701,NOT_STARTED
342713,NOT_STARTED
342737,NOT_STARTED
342743,NOT_STARTED
342763,NOT_STARTED
342803,NOT_STARTED
342871,NOT_STARTED
342899,NOT_STARTED
342903,NOT_STARTED
342953,NOT_STARTED
342991,NOT_STARTED
343093,NOT_STARTED
343097,NOT_STARTED
343107,NOT_STARTED
343393,NOT_STARTED
343397,NOT_STARTED
343609,NOT_STARTED
343613,NOT_STARTED
343639,NOT_STARTED
343727,NOT_STARTED
343733,NOT_STARTED
343741,NOT_STARTED
343831,NOT_STARTED
343835,NOT_STARTED
343843,NOT_STARTED
343855,NOT_STARTED
343859,NOT_STARTED
343873,NOT_STARTED
344093,NOT_STARTED
344123,NOT_STARTED
344293,NOT_STARTED
344377,NOT_STARTED
344381,NOT_STARTED
344459,NOT_STARTED
344497,NOT_STARTED
344507,NOT_STARTED
344521,NOT_STARTED
344525,NOT_STARTED
344657,NOT_STARTED
344723,NOT_STARTED
344731,NOT_STARTED
344987,NOT_STARTED
344989,NOT_STARTED
345067,NOT_STARTED
345241,NOT_STARTED
345287,NOT_STARTED
345289,NOT_STARTED
345343,NOT_STARTED
345353,NOT_STARTED
345383,NOT_STARTED
345389,NOT_STARTED
345391,NOT_STARTED
345413,NOT_STARTED
345437,NOT_STARTED
345493,NOT_STARTED
345623,NOT_STARTED
345833,NOT_STARTED
345889,NOT_STARTED
345893,NOT_STARTED
345923,NOT_STARTED
345953,NOT_STARTED
346013,NOT_STARTED
346051,NOT_STARTED
346057,NOT_STARTED
346097,NOT_STARTED
346147,NOT_STARTED
346225,NOT_STARTED
346237,NOT_STARTED
346279,NOT_STARTED
346487,NOT_STARTED
346567,NOT_STARTED
346571,NOT_STARTED
346673,NOT_STARTED
346685,NOT_STARTED
346741,NOT_STARTED
346805,NOT_STARTED
346811,NOT_STARTED
346831,NOT_STARTED
346909,NOT_STARTED
346919,NOT_STARTED
346967,NOT_STARTED
347011,NOT_STARTED
347071,NOT_STARTED
347273,NOT_STARTED
347341,NOT_STARTED
347383,NOT_STARTED
347387,NOT_STARTED
347443,NOT_STARTED
347447,NOT_STARTED
347453,NOT_STARTED
347491,NOT_STARTED
347671,NOT_STARTED
347783,NOT_STARTED
347839,NOT_STARTED
347873,NOT_STARTED
348083,NOT_STARTED
348109,NOT_STARTED
348127,NOT_STARTED
348293,NOT_STARTED
348323,NOT_STARTED
348353,NOT_STARTED
348533,NOT_STARTED
348643,NOT_STARTED
348673,NOT_STARTED
348739,NOT_STARTED
348743,NOT_STARTED
348787,NOT_STARTED
348793,NOT_STARTED
348853,NOT_STARTED
348859,NOT_STARTED
348893,NOT_STARTED
348953,NOT_STARTED
348955,NOT_STARTED
349009,NOT_STARTED
349051,NOT_STARTED
349081,NOT_STARTED
349219,NOT_STARTED
349243,NOT_STARTED
349247,NOT_STARTED
349313,NOT_STARTED
349343,NOT_STARTED
349411,NOT_STARTED
349427,NOT_STARTED
349553,NOT_STARTED
349567,NOT_STARTED
349591,NOT_STARTED
349637,NOT_STARTED
349639,NOT_STARTED
349643,NOT_STARTED
349883,NOT_STARTED
350041,NOT_STARTED
350065,NOT_STARTED
350113,NOT_STARTED
350161,NOT_STARTED
350165,NOT_STARTED
350179,NOT_STARTED
350227,NOT_STARTED
350293,NOT_STARTED
350299,NOT_STARTED
350303,NOT_STARTED
350323,NOT_STARTED
350333,NOT_STARTED
350359,NOT_STARTED
350381,NOT_STARTED
350389,NOT_STARTED
350461,NOT_STARTED
350465,NOT_STARTED
350479,NOT_STARTED
350483,NOT_STARTED
350507,NOT_STARTED
350521,NOT_STARTED
350525,NOT_STARTED
350573,NOT_STARTED
350593,NOT_STARTED
350599,NOT_STARTED
350663,NOT_STARTED
350809,NOT_STARTED
350815,NOT_STARTED
350923,NOT_STARTED
351229,NOT_STARTED
351235,NOT_STARTED
351479,NOT_STARTED
351503,NOT_STARTED
351563,NOT_STARTED
351607,NOT_STARTED
351623,NOT_STARTED
351629,NOT_STARTED
351667,NOT_STARTED
351751,NOT_STARTED
352133,NOT_STARTED
352135,NOT_STARTED
352151,NOT_STARTED
352445,NOT_STARTED
352493,NOT_STARTED
352771,NOT_STARTED
352951,NOT_STARTED
352955,NOT_STARTED
353023,NOT_STARTED
353123,NOT_STARTED
353207,NOT_STARTED
353213,NOT_STARTED
353237,NOT_STARTED
353249,NOT_STARTED
353273,NOT_STARTED
353303,NOT_STARTED
353663,NOT_STARTED
353719,NOT_STARTED
353845,NOT_STARTED
353897,NOT_STARTED
353939,NOT_STARTED
353945,NOT_STARTED
354059,NOT_STARTED
354061,NOT_STARTED
354077,NOT_STARTED
354227,NOT_STARTED
354259,NOT_STARTED
354271,NOT_STARTED
354283,NOT_STARTED
354353,NOT_STARTED
354401,NOT_STARTED
354403,NOT_STARTED
354421,NOT_STARTED
354479,NOT_STARTED
354487,NOT_STARTED
354491,NOT_STARTED
354553,NOT_STARTED
354557,NOT_STARTED
354589,NOT_STARTED
354593,NOT_STARTED
354619,NOT_STARTED
354883,NOT_STARTED
354889,NOT_STARTED
354983,NOT_STARTED
355009,NOT_STARTED
355013,NOT_STARTED
355151,NOT_STARTED
355153,NOT_STARTED
355171,NOT_STARTED
355193,NOT_STARTED
355211,NOT_STARTED
355221,NOT_STARTED
355227,NOT_STARTED
355237,NOT_STARTED
355261,NOT_STARTED
355271,NOT_STARTED
355279,NOT_STARTED
355343,NOT_STARTED
355679,NOT_STARTED
355703,NOT_STARTED
355819,NOT_STARTED
355823,NOT_STARTED
355867,NOT_STARTED
355891,NOT_STARTED
355913,NOT_STARTED
355973,NOT_STARTED
355997,NOT_STARTED
356003,NOT_STARTED
356011,NOT_STARTED
356039,NOT_STARTED
356057,NOT_STARTED
356063,NOT_STARTED
356153,NOT_STARTED
356197,NOT_STARTED
356225,NOT_STARTED
356273,NOT_STARTED
356333,NOT_STARTED
356353,NOT_STARTED
356401,NOT_STARTED
356407,NOT_STARTED
356479,NOT_STARTED
356483,NOT_STARTED
356513,NOT_STARTED
356623,NOT_STARTED
356663,NOT_STARTED
356709,NOT_STARTED
356713,NOT_STARTED
356761,NOT_STARTED
356839,NOT_STARTED
356909,NOT_STARTED
357005,NOT_STARTED
357083,NOT_STARTED
357109,NOT_STARTED
357301,NOT_STARTED
357305,NOT_STARTED
357319,NOT_STARTED
357391,NOT_STARTED
357437,NOT_STARTED
357443,NOT_STARTED
357451,NOT_STARTED
357623,NOT_STARTED
357859,NOT_STARTED
357913,NOT_STARTED
357919,NOT_STARTED
357923,NOT_STARTED
357937,NOT_STARTED
358007,NOT_STARTED
358079,NOT_STARTED
358117,NOT_STARTED
358123,NOT_STARTED
358129,NOT_STARTED
358133,NOT_STARTED
358253,NOT_STARTED
358313,NOT_STARTED
358399,NOT_STARTED
358499,NOT_STARTED
358501,NOT_STARTED
358507,NOT_STARTED
358613,NOT_STARTED
358639,NOT_STARTED
358793,NOT_STARTED
359041,NOT_STARTED
359221,NOT_STARTED
359423,NOT_STARTED
359489,NOT_STARTED
359521,NOT_STARTED
359643,NOT_STARTED
359701,NOT_STARTED
359807,NOT_STARTED
359809,NOT_STARTED
359851,NOT_STARTED
359869,NOT_STARTED
359929,NOT_STARTED
359941,NOT_STARTED
359945,NOT_STARTED
359957,NOT_STARTED
359959,NOT_STARTED
359981,NOT_STARTED
360023,NOT_STARTED
360053,NOT_STARTED
360091,NOT_STARTED
360127,NOT_STARTED
360137,NOT_STARTED
360141,NOT_STARTED
360197,NOT_STARTED
360199,NOT_STARTED
360233,NOT_STARTED
360293,NOT_STARTED
360347,NOT_STARTED
360353,NOT_STARTED
360359,NOT_STARTED
360467,NOT_STARTED
360487,NOT_STARTED
360497,NOT_STARTED
360575,NOT_STARTED
360593,NOT_STARTED
360613,NOT_STARTED
360659,NOT_STARTED
360665,NOT_STARTED
360673,NOT_STARTED
360677,NOT_STARTED
360691,NOT_STARTED
360703,NOT_STARTED
360707,NOT_STARTED
360725,NOT_STARTED
360833,NOT_STARTED
360901,NOT_STARTED
360907,NOT_STARTED
360959,NOT_STARTED
361033,NOT_STARTED
361051,NOT_STARTED
361069,NOT_STARTED
361073,NOT_STARTED
361129,NOT_STARTED
361139,NOT_STARTED
361159,NOT_STARTED
361163,NOT_STARTED
361165,NOT_STARTED
361243,NOT_STARTED
361283,NOT_STARTED
361579,NOT_STARTED
361591,NOT_STARTED
361613,NOT_STARTED
361651,NOT_STARTED
361701,NOT_STARTED
361831,NOT_STARTED
361849,NOT_STARTED
361993,NOT_STARTED
362041,NOT_STARTED
362113,NOT_STARTED
362123,NOT_STARTED
362243,NOT_STARTED
362263,NOT_STARTED
362311,NOT_STARTED
362459,NOT_STARTED
362477,NOT_STARTED
362527,NOT_STARTED
362533,NOT_STARTED
362539,NOT_STARTED
362543,NOT_STARTED
362581,NOT_STARTED
362585,NOT_STARTED
362639,NOT_STARTED
362669,NOT_STARTED
362827,NOT_STARTED
362869,NOT_STARTED
362993,NOT_STARTED
363019,NOT_STARTED
363077,NOT_STARTED
363079,NOT_STARTED
363095,NOT_STARTED
363181,NOT_STARTED
363383,NOT_STARTED
363403,NOT_STARTED
363439,NOT_STARTED
363589,NOT_STARTED
363619,NOT_STARTED
363623,NOT_STARTED
363625,NOT_STARTED
363629,NOT_STARTED
363691,NOT_STARTED
363697,NOT_STARTED
363731,NOT_STARTED
363773,NOT_STARTED
363781,NOT_STARTED
363841,NOT_STARTED
363991,NOT_STARTED
363997,NOT_STARTED
364031,NOT_STARTED
364037,NOT_STARTED
364051,NOT_STARTED
364393,NOT_STARTED
364471,NOT_STARTED
364523,NOT_STARTED
364549,NOT_STARTED
364607,NOT_STARTED
364669,NOT_STARTED
364703,NOT_STARTED
364781,NOT_STARTED
364789,NOT_STARTED
364801,NOT_STARTED
364891,NOT_STARTED
364943,NOT_STARTED
365069,NOT_STARTED
365071,NOT_STARTED
365089,NOT_STARTED
365159,NOT_STARTED
365383,NOT_STARTED
365387,NOT_STARTED
365393,NOT_STARTED
365447,NOT_STARTED
365479,NOT_STARTED
365539,NOT_STARTED
365573,NOT_STARTED
365645,NOT_STARTED
365647,NOT_STARTED
365701,NOT_STARTED
365713,NOT_STARTED
365851,NOT_STARTED
365857,NOT_STARTED
365945,NOT_STARTED
366059,NOT_STARTED
366077,NOT_STARTED
366083,NOT_STARTED
366239,NOT_STARTED
366419,NOT_STARTED
366443,NOT_STARTED
366523,NOT_STARTED
366527,NOT_STARTED
366529,NOT_STARTED
366547,NOT_STARTED
366559,NOT_STARTED
366565,NOT_STARTED
366571,NOT_STARTED
366607,NOT_STARTED
366635,NOT_STARTED
366641,NOT_STARTED
366655,NOT_STARTED
366743,NOT_STARTED
366749,NOT_STARTED
366761,NOT_STARTED
366769,NOT_STARTED
366811,NOT_STARTED
366923,NOT_STARTED
366983,NOT_STARTED
367057,NOT_STARTED
367079,NOT_STARTED
367145,NOT_STARTED
367327,NOT_STARTED
367339,NOT_STARTED
367377,NOT_STARTED
367399,NOT_STARTED
367409,NOT_STARTED
367433,NOT_STARTED
367435,NOT_STARTED
367439,NOT_STARTED
367463,NOT_STARTED
367481,NOT_STARTED
367583,NOT_STARTED
367673,NOT_STARTED
367805,NOT_STARTED
367889,NOT_STARTED
367919,NOT_STARTED
367973,NOT_STARTED
367993,NOT_STARTED
367997,NOT_STARTED
368003,NOT_STARTED
368063,NOT_STARTED
368171,NOT_STARTED
368197,NOT_STARTED
368209,NOT_STARTED
368251,NOT_STARTED
368293,NOT_STARTED
368341,NOT_STARTED
368413,NOT_STARTED
368425,NOT_STARTED
368429,NOT_STARTED
368555,NOT_STARTED
368611,NOT_STARTED
368633,NOT_STARTED
368663,NOT_STARTED
368689,NOT_STARTED
368699,NOT_STARTED
368803,NOT_STARTED
368809,NOT_STARTED
368813,NOT_STARTED
368827,NOT_STARTED
368881,NOT_STARTED
368911,NOT_STARTED
368919,NOT_STARTED
368959,NOT_STARTED
368963,NOT_STARTED
368973,NOT_STARTED
369049,NOT_STARTED
369053,NOT_STARTED
369083,NOT_STARTED
369097,NOT_STARTED
369199,NOT_STARTED
369217,NOT_STARTED
369223,NOT_STARTED
369361,NOT_STARTED
369377,NOT_STARTED
369449,NOT_STARTED
369469,NOT_STARTED
369513,NOT_STARTED
369515,NOT_STARTED
369557,NOT_STARTED
369561,NOT_STARTED
369563,NOT_STARTED
369571,NOT_STARTED
369601,NOT_STARTED
369689,NOT_STARTED
369709,NOT_STARTED
369763,NOT_STARTED
369917,NOT_STARTED
370039,NOT_STARTED
370169,NOT_STARTED
370279,NOT_STARTED
370283,NOT_STARTED
370285,NOT_STARTED
370289,NOT_STARTED
370313,NOT_STARTED
370327,NOT_STARTED
370441,NOT_STARTED
370739,NOT_STARTED
370837,NOT_STARTED
370897,NOT_STARTED
370919,NOT_STARTED
370931,NOT_STARTED
370981,NOT_STARTED
370987,NOT_STARTED
370997,NOT_STARTED
371039,NOT_STARTED
371103,NOT_STARTED
371105,NOT_STARTED
371157,NOT_STARTED
371213,NOT_STARTED
371389,NOT_STARTED
371419,NOT_STARTED
371423,NOT_STARTED
371429,NOT_STARTED
371495,NOT_STARTED
371521,NOT_STARTED
371723,NOT_STARTED
371749,NOT_STARTED
371807,NOT_STARTED
371905,NOT_STARTED
371999,NOT_STARTED
372049,NOT_STARTED
372069,NOT_STARTED
372079,NOT_STARTED
372083,NOT_STARTED
372149,NOT_STARTED
372181,NOT_STARTED
372223,NOT_STARTED
372563,NOT_STARTED
372571,NOT_STARTED
372689,NOT_STARTED
372883,NOT_STARTED
372917,NOT_STARTED
372919,NOT_STARTED
372923,NOT_STARTED
372949,NOT_STARTED
372983,NOT_STARTED
373039,NOT_STARTED
373049,NOT_STARTED
373073,NOT_STARTED
373097,NOT_STARTED
373127,NOT_STARTED
373157,NOT_STARTED
373273,NOT_STARTED
373303,NOT_STARTED
373379,NOT_STARTED
373397,NOT_STARTED
373417,NOT_STARTED
373517,NOT_STARTED
373531,NOT_STARTED
373571,NOT_STARTED
373589,NOT_STARTED
373591,NOT_STARTED
373669,NOT_STARTED
373679,NOT_STARTED
373703,NOT_STARTED
373783,NOT_STARTED
373861,NOT_STARTED
374011,NOT_STARTED
374333,NOT_STARTED
374359,NOT_STARTED
374363,NOT_STARTED
374365,NOT_STARTED
374369,NOT_STARTED
374371,NOT_STARTED
374417,NOT_STARTED
374513,NOT_STARTED
374561,NOT_STARTED
374849,NOT_STARTED
374939,NOT_STARTED
374959,NOT_STARTED
375061,NOT_STARTED
375179,NOT_STARTED
375287,NOT_STARTED
375317,NOT_STARTED
375323,NOT_STARTED
375413,NOT_STARTED
375421,NOT_STARTED
375481,NOT_STARTED
375571,NOT_STARTED
375653,NOT_STARTED
375877,NOT_STARTED
376067,NOT_STARTED
376099,NOT_STARTED
376171,NOT_STARTED
376203,NOT_STARTED
376249,NOT_STARTED
376259,NOT_STARTED
376307,NOT_STARTED
376309,NOT_STARTED
376313,NOT_STARTED
376379,NOT_STARTED
376403,NOT_STARTED
376435,NOT_STARTED
376553,NOT_STARTED
376709,NOT_STARTED
376729,NOT_STARTED
376861,NOT_STARTED
376903,NOT_STARTED
376969,NOT_STARTED
376997,NOT_STARTED
377029,NOT_STARTED
377079,NOT_STARTED
377101,NOT_STARTED
377149,NOT_STARTED
377197,NOT_STARTED
377273,NOT_STARTED
377309,NOT_STARTED
377401,NOT_STARTED
377431,NOT_STARTED
377437,NOT_STARTED
377441,NOT_STARTED
377563,NOT_STARTED
377603,NOT_STARTED
377719,NOT_STARTED
377813,NOT_STARTED
377851,NOT_STARTED
377873,NOT_STARTED
377887,NOT_STARTED
377893,NOT_STARTED
377933,NOT_STARTED
377941,NOT_STARTED
378023,NOT_STARTED
378049,NOT_STARTED
378089,NOT_STARTED
378323,NOT_STARTED
378325,NOT_STARTED
378379,NOT_STARTED
378509,NOT_STARTED
378541,NOT_STARTED
378637,NOT_STARTED
378691,NOT_STARTED
378907,NOT_STARTED
378979,NOT_STARTED
378983,NOT_STARTED
379111,NOT_STARTED
379133,NOT_STARTED
379211,NOT_STARTED
379237,NOT_STARTED
379297,NOT_STARTED
379463,NOT_STARTED
379475,NOT_STARTED
379513,NOT_STARTED
379579,NOT_STARTED
379583,NOT_STARTED
379613,NOT_STARTED
379619,NOT_STARTED
379751,NOT_STARTED
379789,NOT_STARTED
379793,NOT_STARTED
379823,NOT_STARTED
379859,NOT_STARTED
379939,NOT_STARTED
379943,NOT_STARTED
379949,NOT_STARTED
380003,NOT_STARTED
380011,NOT_STARTED
380017,NOT_STARTED
380161,NOT_STARTED
380209,NOT_STARTED
380333,NOT_STARTED
380339,NOT_STARTED
380423,NOT_STARTED
380461,NOT_STARTED
380483,NOT_STARTED
380503,NOT_STARTED
380519,NOT_STARTED
380573,NOT_STARTED
380659,NOT_STARTED
380677,NOT_STARTED
380689,NOT_STARTED
380783,NOT_STARTED
380819,NOT_STARTED
380881,NOT_STARTED
380933,NOT_STARTED
381019,NOT_STARTED
381113,NOT_STARTED
381131,NOT_STARTED
381181,NOT_STARTED
381185,NOT_STARTED
381187,NOT_STARTED
381257,NOT_STARTED
381329,NOT_STARTED
381347,NOT_STARTED
381545,NOT_STARTED
381577,NOT_STARTED
381583,NOT_STARTED
381677,NOT_STARTED
381859,NOT_STARTED
381865,NOT_STARTED
381917,NOT_STARTED
381949,NOT_STARTED
382003,NOT_STARTED
382051,NOT_STARTED
382103,NOT_STARTED
382127,NOT_STARTED
382133,NOT_STARTED
382193,NOT_STARTED
382205,NOT_STARTED
382211,NOT_STARTED
382277,NOT_STARTED
382283,NOT_STARTED
382471,NOT_STARTED
382675,NOT_STARTED
382729,NOT_STARTED
382883,NOT_STARTED
383129,NOT_STARTED
383153,NOT_STARTED
383179,NOT_STARTED
383225,NOT_STARTED
383243,NOT_STARTED
383351,NOT_STARTED
383371,NOT_STARTED
383399,NOT_STARTED
383465,NOT_STARTED
383497,NOT_STARTED
383573,NOT_STARTED
383663,NOT_STARTED
383701,NOT_STARTED
383843,NOT_STARTED
384115,NOT_STARTED
384203,NOT_STARTED
384259,NOT_STARTED
384407,NOT_STARTED
384413,NOT_STARTED
384437,NOT_STARTED
384451,NOT_STARTED
384497,NOT_STARTED
384509,NOT_STARTED
384533,NOT_STARTED
384623,NOT_STARTED
384653,NOT_STARTED
384793,NOT_STARTED
384853,NOT_STARTED
384863,NOT_STARTED
384869,NOT_STARTED
384871,NOT_STARTED
384889,NOT_STARTED
384893,NOT_STARTED
384919,NOT_STARTED
384979,NOT_STARTED
385039,NOT_STARTED
385331,NOT_STARTED
385333,NOT_STARTED
385351,NOT_STARTED
385433,NOT_STARTED
385537,NOT_STARTED
385639,NOT_STARTED
385679,NOT_STARTED
385691,NOT_STARTED
385741,NOT_STARTED
385817,NOT_STARTED
386021,NOT_STARTED
386069,NOT_STARTED
386161,NOT_STARTED
386177,NOT_STARTED
386237,NOT_STARTED
386341,NOT_STARTED
386387,NOT_STARTED
386453,NOT_STARTED
386753,NOT_STARTED
386779,NOT_STARTED
386791,NOT_STARTED
386861,NOT_STARTED
386867,NOT_STARTED
386927,NOT_STARTED
386963,NOT_STARTED
386993,NOT_STARTED
387053,NOT_STARTED
387091,NOT_STARTED
387109,NOT_STARTED
387113,NOT_STARTED
387203,NOT_STARTED
387233,NOT_STARTED
387283,NOT_STARTED
387319,NOT_STARTED
387329,NOT_STARTED
387341,NOT_STARTED
387409,NOT_STARTED
387469,NOT_STARTED
387533,NOT_STARTED
387563,NOT_STARTED
387803,NOT_STARTED
387857,NOT_STARTED
387919,NOT_STARTED
387985,NOT_STARTED
388009,NOT_STARTED
388033,NOT_STARTED
388141,NOT_STARTED
388193,NOT_STARTED
388211,NOT_STARTED
388289,NOT_STARTED
388313,NOT_STARTED
388321,NOT_STARTED
388337,NOT_STARTED
388373,NOT_STARTED
388411,NOT_STARTED
388429,NOT_STARTED
388433,NOT_STARTED
388441,NOT_STARTED
388489,NOT_STARTED
388499,NOT_STARTED
388543,NOT_STARTED
388673,NOT_STARTED
388757,NOT_STARTED
388909,NOT_STARTED
388943,NOT_STARTED
388963,NOT_STARTED
389003,NOT_STARTED
389059,NOT_STARTED
389065,NOT_STARTED
389111,NOT_STARTED
389119,NOT_STARTED
389237,NOT_STARTED
389243,NOT_STARTED
389273,NOT_STARTED
389303,NOT_STARTED
389327,NOT_STARTED
389593,NOT_STARTED
389597,NOT_STARTED
389603,NOT_STARTED
389723,NOT_STARTED
389869,NOT_STARTED
389873,NOT_STARTED
390023,NOT_STARTED
390233,NOT_STARTED
390241,NOT_STARTED
390509,NOT_STARTED
390539,NOT_STARTED
390599,NOT_STARTED
390661,NOT_STARTED
390677,NOT_STARTED
390685,NOT_STARTED
390833,NOT_STARTED
390907,NOT_STARTED
390911,NOT_STARTED
390923,NOT_STARTED
390931,NOT_STARTED
390971,NOT_STARTED
391133,NOT_STARTED
391181,NOT_STARTED
391189,NOT_STARTED
391199,NOT_STARTED
391255,NOT_STARTED
391261,NOT_STARTED
391309,NOT_STARTED
391313,NOT_STARTED
391403,NOT_STARTED
391643,NOT_STARTED
391661,NOT_STARTED
391771,NOT_STARTED
391921,NOT_STARTED
391939,NOT_STARTED
391943,NOT_STARTED
391967,NOT_STARTED
392011,NOT_STARTED
392159,NOT_STARTED
392397,NOT_STARTED
392401,NOT_STARTED
392453,NOT_STARTED
392563,NOT_STARTED
392633,NOT_STARTED
392671,NOT_STARTED
392779,NOT_STARTED
392809,NOT_STARTED
392813,NOT_STARTED
392857,NOT_STARTED
392987,NOT_STARTED
393161,NOT_STARTED
393167,NOT_STARTED
393451,NOT_STARTED
393487,NOT_STARTED
393683,NOT_STARTED
393797,NOT_STARTED
393805,NOT_STARTED
393817,NOT_STARTED
393823,NOT_STARTED
393871,NOT_STARTED
393877,NOT_STARTED
393883,NOT_STARTED
394025,NOT_STARTED
394081,NOT_STARTED
394085,NOT_STARTED
394187,NOT_STARTED
394273,NOT_STARTED
394291,NOT_STARTED
394411,NOT_STARTED
394429,NOT_STARTED
394457,NOT_STARTED
394529,NOT_STARTED
394579,NOT_STARTED
394703,NOT_STARTED
394819,NOT_STARTED
394883,NOT_STARTED
394907,NOT_STARTED
394999,NOT_STARTED
395071,NOT_STARTED
395119,NOT_STARTED
395207,NOT_STARTED
395213,NOT_STARTED
395329,NOT_STARTED
395353,NOT_STARTED
395383,NOT_STARTED
395461,NOT_STARTED
395467,NOT_STARTED
395471,NOT_STARTED
395491,NOT_STARTED
395513,NOT_STARTED
395543,NOT_STARTED
395633,NOT_STARTED
395923,NOT_STARTED
395971,NOT_STARTED
396005,NOT_STARTED
396121,NOT_STARTED
396217,NOT_STARTED
396275,NOT_STARTED
396383,NOT_STARTED
396455,NOT_STARTED
396481,NOT_STARTED
396667,NOT_STARTED
396683,NOT_STARTED
396733,NOT_STARTED
396773,NOT_STARTED
396787,NOT_STARTED
396833,NOT_STARTED
396845,NOT_STARTED
396857,NOT_STARTED
396901,NOT_STARTED
396953,NOT_STARTED
397073,NOT_STARTED
397075,NOT_STARTED
397109,NOT_STARTED
397133,NOT_STARTED
397153,NOT_STARTED
397157,NOT_STARTED
397303,NOT_STARTED
397381,NOT_STARTED
397403,NOT_STARTED
397433,NOT_STARTED
397493,NOT_STARTED
397553,NOT_STARTED
397571,NOT_STARTED
397697,NOT_STARTED
397771,NOT_STARTED
397777,NOT_STARTED
397781,NOT_STARTED
397819,NOT_STARTED
397829,NOT_STARTED
397921,NOT_STARTED
398063,NOT_STARTED
398095,NOT_STARTED
398153,NOT_STARTED
398173,NOT_STARTED
398227,NOT_STARTED
398371,NOT_STARTED
398423,NOT_STARTED
398519,NOT_STARTED
398521,NOT_STARTED
398591,NOT_STARTED
398635,NOT_STARTED
398783,NOT_STARTED
398833,NOT_STARTED
398873,NOT_STARTED
398941,NOT_STARTED
399031,NOT_STARTED
399079,NOT_STARTED
399109,NOT_STARTED
399287,NOT_STARTED
399293,NOT_STARTED
399307,NOT_STARTED
399359,NOT_STARTED
399361,NOT_STARTED
399439,NOT_STARTED
399527,NOT_STARTED
399587,NOT_STARTED
399623,NOT_STARTED
399691,NOT_STARTED
399811,NOT_STARTED
399827,NOT_STARTED
399857,NOT_STARTED
399913,NOT_STARTED
399917,NOT_STARTED
400069,NOT_STARTED
400127,NOT_STARTED
400157,NOT_STARTED
400159,NOT_STARTED
400357,NOT_STARTED
400367,NOT_STARTED
400487,NOT_STARTED
400493,NOT_STARTED
400559,NOT_STARTED
400561,NOT_STARTED
400739,NOT_STARTED
400787,NOT_STARTED
400801,NOT_STARTED
400823,NOT_STARTED
400885,NOT_STARTED
400903,NOT_STARTED
400913,NOT_STARTED
400977,NOT_STARTED
400987,NOT_STARTED
400999,NOT_STARTED
401089,NOT_STARTED
401125,NOT_STARTED
401137,NOT_STARTED
401143,NOT_STARTED
401249,NOT_STARTED
401269,NOT_STARTED
401287,NOT_STARTED
401417,NOT_STARTED
401419,NOT_STARTED
401651,NOT_STARTED
401693,NOT_STARTED
401725,NOT_STARTED
401729,NOT_STARTED
401743,NOT_STARTED
401785,NOT_STARTED
401993,NOT_STARTED
402071,NOT_STARTED
402109,NOT_STARTED
402155,NOT_STARTED
402173,NOT_STARTED
402203,NOT_STARTED
402263,NOT_STARTED
402445,NOT_STARTED
402451,NOT_STARTED
402457,NOT_STARTED
402473,NOT_STARTED
402559,NOT_STARTED
402617,NOT_STARTED
402631,NOT_STARTED
402637,NOT_STARTED
402709,NOT_STARTED
402711,NOT_STARTED
402715,NOT_STARTED
402773,NOT_STARTED
402779,NOT_STARTED
402829,NOT_STARTED
402889,NOT_STARTED
402923,NOT_STARTED
402957,NOT_STARTED
403009,NOT_STARTED
403103,NOT_STARTED
403141,NOT_STARTED
403163,NOT_STARTED
403183,NOT_STARTED
403193,NOT_STARTED
403219,NOT_STARTED
403309,NOT_STARTED
403349,NOT_STARTED
403369,NOT_STARTED
403397,NOT_STARTED
403411,NOT_STARTED
403447,NOT_STARTED
403453,NOT_STARTED
403459,NOT_STARTED
403511,NOT_STARTED
403523,NOT_STARTED
403621,NOT_STARTED
403627,NOT_STARTED
403729,NOT_STARTED
403735,NOT_STARTED
403739,NOT_STARTED
403759,NOT_STARTED
403909,NOT_STARTED
404029,NOT_STARTED
404053,NOT_STARTED
404057,NOT_STARTED
404123,NOT_STARTED
404131,NOT_STARTED
404273,NOT_STARTED
404309,NOT_STARTED
404333,NOT_STARTED
404393,NOT_STARTED
404401,NOT_STARTED
404431,NOT_STARTED
404539,NOT_STARTED
404561,NOT_STARTED
404599,NOT_STARTED
404603,NOT_STARTED
404605,NOT_STARTED
404633,NOT_STARTED
404641,NOT_STARTED
404809,NOT_STARTED
404851,NOT_STARTED
404863,NOT_STARTED
404869,NOT_STARTED
404887,NOT_STARTED
404911,NOT_STARTED
404923,NOT_STARTED
404987,NOT_STARTED
405011,NOT_STARTED
405091,NOT_STARTED
405095,NOT_STARTED
405097,NOT_STARTED
405103,NOT_STARTED
405157,NOT_STARTED
405289,NOT_STARTED
405439,NOT_STARTED
405443,NOT_STARTED
405473,NOT_STARTED
405503,NOT_STARTED
405557,NOT_STARTED
405619,NOT_STARTED
405739,NOT_STARTED
406099,NOT_STARTED
406103,NOT_STARTED
406129,NOT_STARTED
406177,NOT_STARTED
406189,NOT_STARTED
406219,NOT_STARTED
406283,NOT_STARTED
406291,NOT_STARTED
406363,NOT_STARTED
406423,NOT_STARTED
406433,NOT_STARTED
406459,NOT_STARTED
406517,NOT_STARTED
406603,NOT_STARTED
406607,NOT_STARTED
406789,NOT_STARTED
406909,NOT_STARTED
406913,NOT_STARTED
406921,NOT_STARTED
406939,NOT_STARTED
406999,NOT_STARTED
407003,NOT_STARTED
407023,NOT_STARTED
407027,NOT_STARTED
407029,NOT_STARTED
407059,NOT_STARTED
407063,NOT_STARTED
407069,NOT_STARTED
407093,NOT_STARTED
407095,NOT_STARTED
407273,NOT_STARTED
407321,NOT_STARTED
407411,NOT_STARTED
407527,NOT_STARTED
407531,NOT_STARTED
407539,NOT_STARTED
407549,NOT_STARTED
407669,NOT_STARTED
407671,NOT_STARTED
407761,NOT_STARTED
407843,NOT_STARTED
407993,NOT_STARTED
408053,NOT_STARTED
408097,NOT_STARTED
408103,NOT_STARTED
408109,NOT_STARTED
408137,NOT_STARTED
408143,NOT_STARTED
408149,NOT_STARTED
408151,NOT_STARTED
408173,NOT_STARTED
408287,NOT_STARTED
408323,NOT_STARTED
408389,NOT_STARTED
408413,NOT_STARTED
408443,NOT_STARTED
408503,NOT_STARTED
408565,NOT_STARTED
408719,NOT_STARTED
408887,NOT_STARTED
408983,NOT_STARTED
409051,NOT_STARTED
409081,NOT_STARTED
409085,NOT_STARTED
409127,NOT_STARTED
409189,NOT_STARTED
409223,NOT_STARTED
409291,NOT_STARTED
409313,NOT_STARTED
409405,NOT_STARTED
409543,NOT_STARTED
409549,NOT_STARTED
409609,NOT_STARTED
409613,NOT_STARTED
409621,NOT_STARTED
409627,NOT_STARTED
409657,NOT_STARTED
409735,NOT_STARTED
409787,NOT_STARTED
409909,NOT_STARTED
410009,NOT_STARTED
410037,NOT_STARTED
410041,NOT_STARTED
410069,NOT_STARTED
410095,NOT_STARTED
410119,NOT_STARTED
410173,NOT_STARTED
410257,NOT_STARTED
410261,NOT_STARTED
410281,NOT_STARTED
410299,NOT_STARTED
410519,NOT_STARTED
410521,NOT_STARTED
410525,NOT_STARTED
410537,NOT_STARTED
410561,NOT_STARTED
410603,NOT_STARTED
410659,NOT_STARTED
410821,NOT_STARTED
410873,NOT_STARTED
410903,NOT_STARTED
410905,NOT_STARTED
410915,NOT_STARTED
410957,NOT_STARTED
411013,NOT_STARTED
411049,NOT_STARTED
411143,NOT_STARTED
411157,NOT_STARTED
411173,NOT_STARTED
411263,NOT_STARTED
411269,NOT_STARTED
411289,NOT_STARTED
411379,NOT_STARTED
411387,NOT_STARTED
411451,NOT_STARTED
411529,NOT_STARTED
411593,NOT_STARTED
411653,NOT_STARTED
411683,NOT_STARTED
411709,NOT_STARTED
411757,NOT_STARTED
411841,NOT_STARTED
411847,NOT_STARTED
411857,NOT_STARTED
411949,NOT_STARTED
412109,NOT_STARTED
412157,NOT_STARTED
412229,NOT_STARTED
412235,NOT_STARTED
412319,NOT_STARTED
412343,NOT_STARTED
412349,NOT_STARTED
412361,NOT_STARTED
412411,NOT_STARTED
412421,NOT_STARTED
412435,NOT_STARTED
412463,NOT_STARTED
412495,NOT_STARTED
412519,NOT_STARTED
412537,NOT_STARTED
412549,NOT_STARTED
412613,NOT_STARTED
412697,NOT_STARTED
412703,NOT_STARTED
412717,NOT_STARTED
412753,NOT_STARTED
412849,NOT_STARTED
412861,NOT_STARTED
412913,NOT_STARTED
413003,NOT_STARTED
413033,NOT_STARTED
413209,NOT_STARTED
413275,NOT_STARTED
413319,NOT_STARTED
413327,NOT_STARTED
413341,NOT_STARTED
413357,NOT_STARTED
413369,NOT_STARTED
413449,NOT_STARTED
413609,NOT_STARTED
413629,NOT_STARTED
413693,NOT_STARTED
413761,NOT_STARTED
413951,NOT_STARTED
413963,NOT_STARTED
413983,NOT_STARTED
413993,NOT_STARTED
414035,NOT_STARTED
414109,NOT_STARTED
414121,NOT_STARTED
414241,NOT_STARTED
414289,NOT_STARTED
414293,NOT_STARTED
414317,NOT_STARTED
414469,NOT_STARTED
414503,NOT_STARTED
414749,NOT_STARTED
414773,NOT_STARTED
414833,NOT_STARTED
414871,NOT_STARTED
414929,NOT_STARTED
414977,NOT_STARTED
415111,NOT_STARTED
415217,NOT_STARTED
415231,NOT_STARTED
415291,NOT_STARTED
415325,NOT_STARTED
415451,NOT_STARTED
415529,NOT_STARTED
415585,NOT_STARTED
415673,NOT_STARTED
415699,NOT_STARTED
415763,NOT_STARTED
415909,NOT_STARTED
415913,NOT_STARTED
416023,NOT_STARTED
416029,NOT_STARTED
416037,NOT_STARTED
416113,NOT_STARTED
416171,NOT_STARTED
416201,NOT_STARTED
416263,NOT_STARTED
416299,NOT_STARTED
416303,NOT_STARTED
416551,NOT_STARTED
416555,NOT_STARTED
416579,NOT_STARTED
416593,NOT_STARTED
416603,NOT_STARTED
416629,NOT_STARTED
416641,NOT_STARTED
416735,NOT_STARTED
416765,NOT_STARTED
416851,NOT_STARTED
416923,NOT_STARTED
416927,NOT_STARTED
417023,NOT_STARTED
417133,NOT_STARTED
417293,NOT_STARTED
417341,NOT_STARTED
417383,NOT_STARTED
417385,NOT_STARTED
417389,NOT_STARTED
417391,NOT_STARTED
417409,NOT_STARTED
417419,NOT_STARTED
417457,NOT_STARTED
417523,NOT_STARTED
417587,NOT_STARTED
417595,NOT_STARTED
417653,NOT_STARTED
417679,NOT_STARTED
417691,NOT_STARTED
417697,NOT_STARTED
417737,NOT_STARTED
417901,NOT_STARTED
417907,NOT_STARTED
417917,NOT_STARTED
418091,NOT_STARTED
418115,NOT_STARTED
418219,NOT_STARTED
418393,NOT_STARTED
418399,NOT_STARTED
418403,NOT_STARTED
418471,NOT_STARTED
418511,NOT_STARTED
418519,NOT_STARTED
418561,NOT_STARTED
418577,NOT_STARTED
418583,NOT_STARTED
418639,NOT_STARTED
418667,NOT_STARTED
418943,NOT_STARTED
419017,NOT_STARTED
419099,NOT_STARTED
419113,NOT_STARTED
419123,NOT_STARTED
419209,NOT_STARTED
419329,NOT_STARTED
419543,NOT_STARTED
419653,NOT_STARTED
419657,NOT_STARTED
419659,NOT_STARTED
419719,NOT_STARTED
419723,NOT_STARTED
419729,NOT_STARTED
419753,NOT_STARTED
419803,NOT_STARTED
419807,NOT_STARTED
419873,NOT_STARTED
419933,NOT_STARTED
420001,NOT_STARTED
420079,NOT_STARTED
420083,NOT_STARTED
420103,NOT_STARTED
420125,NOT_STARTED
420163,NOT_STARTED
420203,NOT_STARTED
420271,NOT_STARTED
420443,NOT_STARTED
420481,NOT_STARTED
420523,NOT_STARTED
420533,NOT_STARTED
420623,NOT_STARTED
420631,NOT_STARTED
420815,NOT_STARTED
420821,NOT_STARTED
420829,NOT_STARTED
420833,NOT_STARTED
420859,NOT_STARTED
420875,NOT_STARTED
420899,NOT_STARTED
420947,NOT_STARTED
420983,NOT_STARTED
421067,NOT_STARTED
421103,NOT_STARTED
421133,NOT_STARTED
421189,NOT_STARTED
421193,NOT_STARTED
421207,NOT_STARTED
421219,NOT_STARTED
421223,NOT_STARTED
421243,NOT_STARTED
421537,NOT_STARTED
421541,NOT_STARTED
421559,NOT_STARTED
421567,NOT_STARTED
421573,NOT_STARTED
421585,NOT_STARTED
421621,NOT_STARTED
421727,NOT_STARTED
421745,NOT_STARTED
421753,NOT_STARTED
421757,NOT_STARTED
421859,NOT_STARTED
421865,NOT_STARTED
421877,NOT_STARTED
421913,NOT_STARTED
421915,NOT_STARTED
421973,NOT_STARTED
422003,NOT_STARTED
422011,NOT_STARTED
422149,NOT_STARTED
422155,NOT_STARTED
422161,NOT_STARTED
422183,NOT_STARTED
422209,NOT_STARTED
422431,NOT_STARTED
422461,NOT_STARTED
422467,NOT_STARTED
422627,NOT_STARTED
422659,NOT_STARTED
422761,NOT_STARTED
422767,NOT_STARTED
422809,NOT_STARTED
422833,NOT_STARTED
422843,NOT_STARTED
422945,NOT_STARTED
422951,NOT_STARTED
423349,NOT_STARTED
423517,NOT_STARTED
423589,NOT_STARTED
423619,NOT_STARTED
423677,NOT_STARTED
423803,NOT_STARTED
423887,NOT_STARTED
423901,NOT_STARTED
423903,NOT_STARTED
424037,NOT_STARTED
424049,NOT_STARTED
424169,NOT_STARTED
424201,NOT_STARTED
424283,NOT_STARTED
424363,NOT_STARTED
424373,NOT_STARTED
424441,NOT_STARTED
424451,NOT_STARTED
424457,NOT_STARTED
424519,NOT_STARTED
424523,NOT_STARTED
424579,NOT_STARTED
424621,NOT_STARTED
424643,NOT_STARTED
424781,NOT_STARTED
424789,NOT_STARTED
424793,NOT_STARTED
424925,NOT_STARTED
425009,NOT_STARTED
425123,NOT_STARTED
425155,NOT_STARTED
425171,NOT_STARTED
425251,NOT_STARTED
425395,NOT_STARTED
425443,NOT_STARTED
425447,NOT_STARTED
425449,NOT_STARTED
425563,NOT_STARTED
425567,NOT_STARTED
425611,NOT_STARTED
425617,NOT_STARTED
425627,NOT_STARTED
425653,NOT_STARTED
425657,NOT_STARTED
425663,NOT_STARTED
425687,NOT_STARTED
425717,NOT_STARTED
425731,NOT_STARTED
425735,NOT_STARTED
425917,NOT_STARTED
425941,NOT_STARTED
426023,NOT_STARTED
426047,NOT_STARTED
426113,NOT_STARTED
426233,NOT_STARTED
426257,NOT_STARTED
426263,NOT_STARTED
426355,NOT_STARTED
426491,NOT_STARTED
426583,NOT_STARTED
426641,NOT_STARTED
426823,NOT_STARTED
426973,NOT_STARTED
426977,NOT_STARTED
426983,NOT_STARTED
427021,NOT_STARTED
427103,NOT_STARTED
427121,NOT_STARTED
427123,NOT_STARTED
427151,NOT_STARTED
427181,NOT_STARTED
427285,NOT_STARTED
427333,NOT_STARTED
427459,NOT_STARTED
427483,NOT_STARTED
427561,NOT_STARTED
427591,NOT_STARTED
427655,NOT_STARTED
427657,NOT_STARTED
427681,NOT_STARTED
427693,NOT_STARTED
427759,NOT_STARTED
427763,NOT_STARTED
427817,NOT_STARTED
427859,NOT_STARTED
427891,NOT_STARTED
428069,NOT_STARTED
428093,NOT_STARTED
428107,NOT_STARTED
428179,NOT_STARTED
428183,NOT_STARTED
428203,NOT_STARTED
428231,NOT_STARTED
428251,NOT_STARTED
428339,NOT_STARTED
428431,NOT_STARTED
428437,NOT_STARTED
428489,NOT_STARTED
428509,NOT_STARTED
428579,NOT_STARTED
428587,NOT_STARTED
428609,NOT_STARTED
428701,NOT_STARTED
428711,NOT_STARTED
428717,NOT_STARTED
428741,NOT_STARTED
428809,NOT_STARTED
428873,NOT_STARTED
428909,NOT_STARTED
428927,NOT_STARTED
428963,NOT_STARTED
428989,NOT_STARTED
429023,NOT_STARTED
429025,NOT_STARTED
429061,NOT_STARTED
429083,NOT_STARTED
429161,NOT_STARTED
429529,NOT_STARTED
429563,NOT_STARTED
429589,NOT_STARTED
429607,NOT_STARTED
429745,NOT_STARTED
429979,NOT_STARTED
430021,NOT_STARTED
430027,NOT_STARTED
430031,NOT_STARTED
430043,NOT_STARTED
430063,NOT_STARTED
430097,NOT_STARTED
430099,NOT_STARTED
430157,NOT_STARTED
430201,NOT_STARTED
430207,NOT_STARTED
430219,NOT_STARTED
430319,NOT_STARTED
430357,NOT_STARTED
430363,NOT_STARTED
430393,NOT_STARTED
430397,NOT_STARTED
430519,NOT_STARTED
430523,NOT_STARTED
430607,NOT_STARTED
431111,NOT_STARTED
431219,NOT_STARTED
431273,NOT_STARTED
431339,NOT_STARTED
431401,NOT_STARTED
431449,NOT_STARTED
431453,NOT_STARTED
431479,NOT_STARTED
431483,NOT_STARTED
431485,NOT_STARTED
431491,NOT_STARTED
431495,NOT_STARTED
431543,NOT_STARTED
431629,NOT_STARTED
431707,NOT_STARTED
431731,NOT_STARTED
431809,NOT_STARTED
431911,NOT_STARTED
432173,NOT_STARTED
432181,NOT_STARTED
432185,NOT_STARTED
432227,NOT_STARTED
432259,NOT_STARTED
432263,NOT_STARTED
432287,NOT_STARTED
432391,NOT_STARTED
432419,NOT_STARTED
432541,NOT_STARTED
432589,NOT_STARTED
432661,NOT_STARTED
432691,NOT_STARTED
432803,NOT_STARTED
432833,NOT_STARTED
432863,NOT_STARTED
432869,NOT_STARTED
432931,NOT_STARTED
432941,NOT_STARTED
432961,NOT_STARTED
432989,NOT_STARTED
432991,NOT_STARTED
433151,NOT_STARTED
433159,NOT_STARTED
433211,NOT_STARTED
433403,NOT_STARTED
433579,NOT_STARTED
433583,NOT_STARTED
433589,NOT_STARTED
433607,NOT_STARTED
433681,NOT_STARTED
433729,NOT_STARTED
433759,NOT_STARTED
433897,NOT_STARTED
433901,NOT_STARTED
433913,NOT_STARTED
433981,NOT_STARTED
434045,NOT_STARTED
434093,NOT_STARTED
434117,NOT_STARTED
434153,NOT_STARTED
434273,NOT_STARTED
434363,NOT_STARTED
434411,NOT_STARTED
434479,NOT_STARTED
434527,NOT_STARTED
434537,NOT_STARTED
434723,NOT_STARTED
434963,NOT_STARTED
434993,NOT_STARTED
434999,NOT_STARTED
435019,NOT_STARTED
435077,NOT_STARTED
435083,NOT_STARTED
435233,NOT_STARTED
435263,NOT_STARTED
435293,NOT_STARTED
435325,NOT_STARTED
435593,NOT_STARTED
435595,NOT_STARTED
435665,NOT_STARTED
435781,NOT_STARTED
435863,NOT_STARTED
435983,NOT_STARTED
436027,NOT_STARTED
436031,NOT_STARTED
436039,NOT_STARTED
436109,NOT_STARTED
436127,NOT_STARTED
436181,NOT_STARTED
436231,NOT_STARTED
436253,NOT_STARTED
436315,NOT_STARTED
436357,NOT_STARTED
436369,NOT_STARTED
436381,NOT_STARTED
436439,NOT_STARTED
436463,NOT_STARTED
436577,NOT_STARTED
436673,NOT_STARTED
436699,NOT_STARTED
436759,NOT_STARTED
436775,NOT_STARTED
436889,NOT_STARTED
436891,NOT_STARTED
436913,NOT_STARTED
436939,NOT_STARTED
436981,NOT_STARTED
437011,NOT_STARTED
437093,NOT_STARTED
437119,NOT_STARTED
437123,NOT_STARTED
437161,NOT_STARTED
437201,NOT_STARTED
437309,NOT_STARTED
437603,NOT_STARTED
437611,NOT_STARTED
437695,NOT_STARTED
437729,NOT_STARTED
437771,NOT_STARTED
437779,NOT_STARTED
437929,NOT_STARTED
437987,NOT_STARTED
438029,NOT_STARTED
438049,NOT_STARTED
438061,NOT_STARTED
438067,NOT_STARTED
438071,NOT_STARTED
438073,NOT_STARTED
438113,NOT_STARTED
438143,NOT_STARTED
438149,NOT_STARTED
438181,NOT_STARTED
438211,NOT_STARTED
438301,NOT_STARTED
438347,NOT_STARTED
438449,NOT_STARTED
438499,NOT_STARTED
438533,NOT_STARTED
438563,NOT_STARTED
438575,NOT_STARTED
438643,NOT_STARTED
438679,NOT_STARTED
438707,NOT_STARTED
438739,NOT_STARTED
438781,NOT_STARTED
438799,NOT_STARTED
439031,NOT_STARTED
439085,NOT_STARTED
439099,NOT_STARTED
439103,NOT_STARTED
439111,NOT_STARTED
439259,NOT_STARTED
439321,NOT_STARTED
439441,NOT_STARTED
439483,NOT_STARTED
439669,NOT_STARTED
439921,NOT_STARTED
440009,NOT_STARTED
440027,NOT_STARTED
440051,NOT_STARTED
440101,NOT_STARTED
440105,NOT_STARTED
440109,NOT_STARTED
440207,NOT_STARTED
440281,NOT_STARTED
440413,NOT_STARTED
440417,NOT_STARTED
440447,NOT_STARTED
440449,NOT_STARTED
440581,NOT_STARTED
440591,NOT_STARTED
440599,NOT_STARTED
440603,NOT_STARTED
440621,NOT_STARTED
440623,NOT_STARTED
440627,NOT_STARTED
440773,NOT_STARTED
440783,NOT_STARTED
440849,NOT_STARTED
440873,NOT_STARTED
440969,NOT_STARTED
440989,NOT_STARTED
441053,NOT_STARTED
441083,NOT_STARTED
441131,NOT_STARTED
441143,NOT_STARTED
441169,NOT_STARTED
441193,NOT_STARTED
441281,NOT_STARTED
441283,NOT_STARTED
441325,NOT_STARTED
441367,NOT_STARTED
441369,NOT_STARTED
441391,NOT_STARTED
441407,NOT_STARTED
441769,NOT_STARTED
441857,NOT_STARTED
441877,NOT_STARTED
441887,NOT_STARTED
441953,NOT_STARTED
441973,NOT_STARTED
441979,NOT_STARTED
441983,NOT_STARTED
441989,NOT_STARTED
442043,NOT_STARTED
442217,NOT_STARTED
442291,NOT_STARTED
442339,NOT_STARTED
442549,NOT_STARTED
442579,NOT_STARTED
442643,NOT_STARTED
442645,NOT_STARTED
442733,NOT_STARTED
442843,NOT_STARTED
442861,NOT_STARTED
442879,NOT_STARTED
442921,NOT_STARTED
443021,NOT_STARTED
443303,NOT_STARTED
443323,NOT_STARTED
443389,NOT_STARTED
443513,NOT_STARTED
443515,NOT_STARTED
443569,NOT_STARTED
443573,NOT_STARTED
443611,NOT_STARTED
443641,NOT_STARTED
443645,NOT_STARTED
443735,NOT_STARTED
443791,NOT_STARTED
443797,NOT_STARTED
443881,NOT_STARTED
443959,NOT_STARTED
444307,NOT_STARTED
444329,NOT_STARTED
444359,NOT_STARTED
444361,NOT_STARTED
444365,NOT_STARTED
444571,NOT_STARTED
444589,NOT_STARTED
444659,NOT_STARTED
444679,NOT_STARTED
444683,NOT_STARTED
444767,NOT_STARTED
444901,NOT_STARTED
444979,NOT_STARTED
445051,NOT_STARTED
445127,NOT_STARTED
445141,NOT_STARTED
445205,NOT_STARTED
445297,NOT_STARTED
445309,NOT_STARTED
445343,NOT_STARTED
445369,NOT_STARTED
445373,NOT_STARTED
445381,NOT_STARTED
445463,NOT_STARTED
445489,NOT_STARTED
445507,NOT_STARTED
445517,NOT_STARTED
445523,NOT_STARTED
445543,NOT_STARTED
445549,NOT_STARTED
445657,NOT_STARTED
445663,NOT_STARTED
445669,NOT_STARTED
445853,NOT_STARTED
445897,NOT_STARTED
445913,NOT_STARTED
446087,NOT_STARTED
446089,NOT_STARTED
446143,NOT_STARTED
446153,NOT_STARTED
446239,NOT_STARTED
446339,NOT_STARTED
446417,NOT_STARTED
446489,NOT_STARTED
446509,NOT_STARTED
446575,NOT_STARTED
446611,NOT_STARTED
446617,NOT_STARTED
446633,NOT_STARTED
446663,NOT_STARTED
446671,NOT_STARTED
446683,NOT_STARTED
446693,NOT_STARTED
446731,NOT_STARTED
446801,NOT_STARTED
447023,NOT_STARTED
447031,NOT_STARTED
447053,NOT_STARTED
447143,NOT_STARTED
447149,NOT_STARTED
447155,NOT_STARTED
447269,NOT_STARTED
447271,NOT_STARTED
447283,NOT_STARTED
447293,NOT_STARTED
447359,NOT_STARTED
447467,NOT_STARTED
447491,NOT_STARTED
447527,NOT_STARTED
447529,NOT_STARTED
447547,NOT_STARTED
447581,NOT_STARTED
447709,NOT_STARTED
447719,NOT_STARTED
447751,NOT_STARTED
447907,NOT_STARTED
447913,NOT_STARTED
447991,NOT_STARTED
448013,NOT_STARTED
448097,NOT_STARTED
448099,NOT_STARTED
448253,NOT_STARTED
448261,NOT_STARTED
448267,NOT_STARTED
448403,NOT_STARTED
448457,NOT_STARTED
448495,NOT_STARTED
448501,NOT_STARTED
448567,NOT_STARTED
448583,NOT_STARTED
448633,NOT_STARTED
448667,NOT_STARTED
448669,NOT_STARTED
448741,NOT_STARTED
448747,NOT_STARTED
448751,NOT_STARTED
448889,NOT_STARTED
448897,NOT_STARTED
448907,NOT_STARTED
448909,NOT_STARTED
448973,NOT_STARTED
449017,NOT_STARTED
449131,NOT_STARTED
449173,NOT_STARTED
449269,NOT_STARTED
449419,NOT_STARTED
449423,NOT_STARTED
449459,NOT_STARTED
449461,NOT_STARTED
449483,NOT_STARTED
449487,NOT_STARTED
449489,NOT_STARTED
449509,NOT_STARTED
449591,NOT_STARTED
449713,NOT_STARTED
449837,NOT_STARTED
449851,NOT_STARTED
449881,NOT_STARTED
449893,NOT_STARTED
449899,NOT_STARTED
450053,NOT_STARTED
450139,NOT_STARTED
450169,NOT_STARTED
450259,NOT_STARTED
450263,NOT_STARTED
450451,NOT_STARTED
450509,NOT_STARTED
450727,NOT_STARTED
450769,NOT_STARTED
450773,NOT_STARTED
450977,NOT_STARTED
451021,NOT_STARTED
451073,NOT_STARTED
451121,NOT_STARTED
451141,NOT_STARTED
451219,NOT_STARTED
451251,NOT_STARTED
451343,NOT_STARTED
451373,NOT_STARTED
451387,NOT_STARTED
451397,NOT_STARTED
451411,NOT_STARTED
451417,NOT_STARTED
451441,NOT_STARTED
451457,NOT_STARTED
451609,NOT_STARTED
451709,NOT_STARTED
451967,NOT_STARTED
452057,NOT_STARTED
452087,NOT_STARTED
452093,NOT_STARTED
452113,NOT_STARTED
452141,NOT_STARTED
452311,NOT_STARTED
452339,NOT_STARTED
452429,NOT_STARTED
452453,NOT_STARTED
452497,NOT_STARTED
452549,NOT_STARTED
452641,NOT_STARTED
452761,NOT_STARTED
452783,NOT_STARTED
452839,NOT_STARTED
452923,NOT_STARTED
452933,NOT_STARTED
452939,NOT_STARTED
452959,NOT_STARTED
452963,NOT_STARTED
452971,NOT_STARTED
453053,NOT_STARTED
453077,NOT_STARTED
453107,NOT_STARTED
453275,NOT_STARTED
453379,NOT_STARTED
453423,NOT_STARTED
453433,NOT_STARTED
453473,NOT_STARTED
453481,NOT_STARTED
453497,NOT_STARTED
453683,NOT_STARTED
453713,NOT_STARTED
453715,NOT_STARTED
453737,NOT_STARTED
453743,NOT_STARTED
453851,NOT_STARTED
453877,NOT_STARTED
454043,NOT_STARTED
454079,NOT_STARTED
454091,NOT_STARTED
454117,NOT_STARTED
454121,NOT_STARTED
454123,NOT_STARTED
454255,NOT_STARTED
454263,NOT_STARTED
454361,NOT_STARTED
454427,NOT_STARTED
454469,NOT_STARTED
454553,NOT_STARTED
454591,NOT_STARTED
454613,NOT_STARTED
454687,NOT_STARTED
454723,NOT_STARTED
454763,NOT_STARTED
454777,NOT_STARTED
455011,NOT_STARTED
455075,NOT_STARTED
455123,NOT_STARTED
455129,NOT_STARTED
455179,NOT_STARTED
455353,NOT_STARTED
455443,NOT_STARTED
455447,NOT_STARTED
455491,NOT_STARTED
455537,NOT_STARTED
455579,NOT_STARTED
455603,NOT_STARTED
455659,NOT_STARTED
455743,NOT_STARTED
455863,NOT_STARTED
455899,NOT_STARTED
455903,NOT_STARTED
456047,NOT_STARTED
456127,NOT_STARTED
456139,NOT_STARTED
456167,NOT_STARTED
456181,NOT_STARTED
456193,NOT_STARTED
456311,NOT_STARTED
456409,NOT_STARTED
456463,NOT_STARTED
456481,NOT_STARTED
456503,NOT_STARTED
456623,NOT_STARTED
456661,NOT_STARTED
456709,NOT_STARTED
456713,NOT_STARTED
456821,NOT_STARTED
456901,NOT_STARTED
456923,NOT_STARTED
456925,NOT_STARTED
457063,NOT_STARTED
457069,NOT_STARTED
457159,NOT_STARTED
457283,NOT_STARTED
457321,NOT_STARTED
457345,NOT_STARTED
457441,NOT_STARTED
457471,NOT_STARTED
457517,NOT_STARTED
457531,NOT_STARTED
457561,NOT_STARTED
457583,NOT_STARTED
457621,NOT_STARTED
457711,NOT_STARTED
457717,NOT_STARTED
457771,NOT_STARTED
457775,NOT_STARTED
457799,NOT_STARTED
457831,NOT_STARTED
457847,NOT_STARTED
457889,NOT_STARTED
457919,NOT_STARTED
457987,NOT_STARTED
458009,NOT_STARTED
458069,NOT_STARTED
458075,NOT_STARTED
458077,NOT_STARTED
458083,NOT_STARTED
458099,NOT_STARTED
458123,NOT_STARTED
458131,NOT_STARTED
458135,NOT_STARTED
458149,NOT_STARTED
458251,NOT_STARTED
458261,NOT_STARTED
458273,NOT_STARTED
458281,NOT_STARTED
458363,NOT_STARTED
458377,NOT_STARTED
458483,NOT_STARTED
458687,NOT_STARTED
458729,NOT_STARTED
458809,NOT_STARTED
458897,NOT_STARTED
458933,NOT_STARTED
459071,NOT_STARTED
459091,NOT_STARTED
459131,NOT_STARTED
459137,NOT_STARTED
459271,NOT_STARTED
459317,NOT_STARTED
459323,NOT_STARTED
459397,NOT_STARTED
459511,NOT_STARTED
459541,NOT_STARTED
459551,NOT_STARTED
459565,NOT_STARTED
459649,NOT_STARTED
459703,NOT_STARTED
459709,NOT_STARTED
459713,NOT_STARTED
459721,NOT_STARTED
459729,NOT_STARTED
459769,NOT_STARTED
459773,NOT_STARTED
459829,NOT_STARTED
459847,NOT_STARTED
459869,NOT_STARTED
459899,NOT_STARTED
459943,NOT_STARTED
459947,NOT_STARTED
459973,NOT_STARTED
459979,NOT_STARTED
459983,NOT_STARTED
460189,NOT_STARTED
460247,NOT_STARTED
460267,NOT_STARTED
460309,NOT_STARTED
460313,NOT_STARTED
460349,NOT_STARTED
460351,NOT_STARTED
460423,NOT_STARTED
460429,NOT_STARTED
460481,NOT_STARTED
460483,NOT_STARTED
460489,NOT_STARTED
460495,NOT_STARTED
460547,NOT_STARTED
460591,NOT_STARTED
460739,NOT_STARTED
460747,NOT_STARTED
460757,NOT_STARTED
460799,NOT_STARTED
460847,NOT_STARTED
460853,NOT_STARTED
460991,NOT_STARTED
461021,NOT_STARTED
461023,NOT_STARTED
461065,NOT_STARTED
461123,NOT_STARTED
461149,NOT_STARTED
461215,NOT_STARTED
461275,NOT_STARTED
461345,NOT_STARTED
461359,NOT_STARTED
461363,NOT_STARTED
461393,NOT_STARTED
461413,NOT_STARTED
461419,NOT_STARTED
461449,NOT_STARTED
461663,NOT_STARTED
461735,NOT_STARTED
461761,NOT_STARTED
461783,NOT_STARTED
461819,NOT_STARTED
461863,NOT_STARTED
461867,NOT_STARTED
461891,NOT_STARTED
461933,NOT_STARTED
461939,NOT_STARTED
461987,NOT_STARTED
461999,NOT_STARTED
462023,NOT_STARTED
462119,NOT_STARTED
462149,NOT_STARTED
462163,NOT_STARTED
462203,NOT_STARTED
462283,NOT_STARTED
462289,NOT_STARTED
462343,NOT_STARTED
462443,NOT_STARTED
462499,NOT_STARTED
462677,NOT_STARTED
462683,NOT_STARTED
462743,NOT_STARTED
462745,NOT_STARTED
462779,NOT_STARTED
462797,NOT_STARTED
462799,NOT_STARTED
462803,NOT_STARTED
462961,NOT_STARTED
462965,NOT_STARTED
462989,NOT_STARTED
463009,NOT_STARTED
463057,NOT_STARTED
463067,NOT_STARTED
463069,NOT_STARTED
463103,NOT_STARTED
463109,NOT_STARTED
463123,NOT_STARTED
463129,NOT_STARTED
463261,NOT_STARTED
463321,NOT_STARTED
463343,NOT_STARTED
463351,NOT_STARTED
463403,NOT_STARTED
463409,NOT_STARTED
463555,NOT_STARTED
463559,NOT_STARTED
463561,NOT_STARTED
463721,NOT_STARTED
463927,NOT_STARTED
463949,NOT_STARTED
464011,NOT_STARTED
464143,NOT_STARTED
464333,NOT_STARTED
464357,NOT_STARTED
464393,NOT_STARTED
464399,NOT_STARTED
464423,NOT_STARTED
464491,NOT_STARTED
464501,NOT_STARTED
464699,NOT_STARTED
464843,NOT_STARTED
465023,NOT_STARTED
465187,NOT_STARTED
465241,NOT_STARTED
465421,NOT_STARTED
465427,NOT_STARTED
465557,NOT_STARTED
465559,NOT_STARTED
465563,NOT_STARTED
465589,NOT_STARTED
465593,NOT_STARTED
465659,NOT_STARTED
465743,NOT_STARTED
465763,NOT_STARTED
465841,NOT_STARTED
465859,NOT_STARTED
465949,NOT_STARTED
465959,NOT_STARTED
466043,NOT_STARTED
466099,NOT_STARTED
466103,NOT_STARTED
466141,NOT_STARTED
466153,NOT_STARTED
466283,NOT_STARTED
466339,NOT_STARTED
466343,NOT_STARTED
466387,NOT_STARTED
466463,NOT_STARTED
466495,NOT_STARTED
466591,NOT_STARTED
466679,NOT_STARTED
466763,NOT_STARTED
466831,NOT_STARTED
466853,NOT_STARTED
466879,NOT_STARTED
466937,NOT_STARTED
466961,NOT_STARTED
466963,NOT_STARTED
466967,NOT_STARTED
466973,NOT_STARTED
467021,NOT_STARTED
467023,NOT_STARTED
467041,NOT_STARTED
467045,NOT_STARTED
467063,NOT_STARTED
467149,NOT_STARTED
467263,NOT_STARTED
467297,NOT_STARTED
467299,NOT_STARTED
467453,NOT_STARTED
467513,NOT_STARTED
467557,NOT_STARTED
467759,NOT_STARTED
467813,NOT_STARTED
467843,NOT_STARTED
467903,NOT_STARTED
467905,NOT_STARTED
467989,NOT_STARTED
468085,NOT_STARTED
468137,NOT_STARTED
468397,NOT_STARTED
468401,NOT_STARTED
468403,NOT_STARTED
468623,NOT_STARTED
468803,NOT_STARTED
468917,NOT_STARTED
468923,NOT_STARTED
468931,NOT_STARTED
469049,NOT_STARTED
469069,NOT_STARTED
469079,NOT_STARTED
469099,NOT_STARTED
469103,NOT_STARTED
469169,NOT_STARTED
469439,NOT_STARTED
469459,NOT_STARTED
469547,NOT_STARTED
469561,NOT_STARTED
469589,NOT_STARTED
469591,NOT_STARTED
469699,NOT_STARTED
469733,NOT_STARTED
469823,NOT_STARTED
469853,NOT_STARTED
469999,NOT_STARTED
470003,NOT_STARTED
470041,NOT_STARTED
470429,NOT_STARTED
470689,NOT_STARTED
470749,NOT_STARTED
470797,NOT_STARTED
470801,NOT_STARTED
470867,NOT_STARTED
470909,NOT_STARTED
470969,NOT_STARTED
470971,NOT_STARTED
471007,NOT_STARTED
471013,NOT_STARTED
471103,NOT_STARTED
471143,NOT_STARTED
471313,NOT_STARTED
471371,NOT_STARTED
471593,NOT_STARTED
471721,NOT_STARTED
471817,NOT_STARTED
471823,NOT_STARTED
471949,NOT_STARTED
471973,NOT_STARTED
472163,NOT_STARTED
472223,NOT_STARTED
472261,NOT_STARTED
472423,NOT_STARTED
472505,NOT_STARTED
472597,NOT_STARTED
472613,NOT_STARTED
472673,NOT_STARTED
472727,NOT_STARTED
472771,NOT_STARTED
472799,NOT_STARTED
472817,NOT_STARTED
472967,NOT_STARTED
472969,NOT_STARTED
472975,NOT_STARTED
472997,NOT_STARTED
473027,NOT_STARTED
473035,NOT_STARTED
473041,NOT_STARTED
473047,NOT_STARTED
473057,NOT_STARTED
473117,NOT_STARTED
473123,NOT_STARTED
473177,NOT_STARTED
473233,NOT_STARTED
473237,NOT_STARTED
473243,NOT_STARTED
473261,NOT_STARTED
473297,NOT_STARTED
473333,NOT_STARTED
473363,NOT_STARTED
473557,NOT_STARTED
473587,NOT_STARTED
473681,NOT_STARTED
473763,NOT_STARTED
473791,NOT_STARTED
473807,NOT_STARTED
473809,NOT_STARTED
474083,NOT_STARTED
474151,NOT_STARTED
474171,NOT_STARTED
474175,NOT_STARTED
474223,NOT_STARTED
474227,NOT_STARTED
474359,NOT_STARTED
474391,NOT_STARTED
474445,NOT_STARTED
474449,NOT_STARTED
474461,NOT_STARTED
474503,NOT_STARTED
474587,NOT_STARTED
474589,NOT_STARTED
474593,NOT_STARTED
474605,NOT_STARTED
474671,NOT_STARTED
474689,NOT_STARTED
474709,NOT_STARTED
474857,NOT_STARTED
474983,NOT_STARTED
475009,NOT_STARTED
475053,NOT_STARTED
475553,NOT_STARTED
475841,NOT_STARTED
475937,NOT_STARTED
475939,NOT_STARTED
476123,NOT_STARTED
476143,NOT_STARTED
476197,NOT_STARTED
476257,NOT_STARTED
476431,NOT_STARTED
476453,NOT_STARTED
476479,NOT_STARTED
476483,NOT_STARTED
476521,NOT_STARTED
476525,NOT_STARTED
476533,NOT_STARTED
476551,NOT_STARTED
476611,NOT_STARTED
476661,NOT_STARTED
476663,NOT_STARTED
476753,NOT_STARTED
476765,NOT_STARTED
476783,NOT_STARTED
476791,NOT_STARTED
476809,NOT_STARTED
476813,NOT_STARTED
476951,NOT_STARTED
476963,NOT_STARTED
476993,NOT_STARTED
477095,NOT_STARTED
477101,NOT_STARTED
477163,NOT_STARTED
477169,NOT_STARTED
477181,NOT_STARTED
477187,NOT_STARTED
477229,NOT_STARTED
477241,NOT_STARTED
477263,NOT_STARTED
477299,NOT_STARTED
477383,NOT_STARTED
477397,NOT_STARTED
477421,NOT_STARTED
477557,NOT_STARTED
477593,NOT_STARTED
477599,NOT_STARTED
477601,NOT_STARTED
477637,NOT_STARTED
477649,NOT_STARTED
477653,NOT_STARTED
477679,NOT_STARTED
477697,NOT_STARTED
477703,NOT_STARTED
477739,NOT_STARTED
477769,NOT_STARTED
477773,NOT_STARTED
477907,NOT_STARTED
477949,NOT_STARTED
477953,NOT_STARTED
478001,NOT_STARTED
478009,NOT_STARTED
478045,NOT_STARTED
478111,NOT_STARTED
478213,NOT_STARTED
478223,NOT_STARTED
478285,NOT_STARTED
478297,NOT_STARTED
478361,NOT_STARTED
478495,NOT_STARTED
478535,NOT_STARTED
478549,NOT_STARTED
478603,NOT_STARTED
478637,NOT_STARTED
478657,NOT_STARTED
478787,NOT_STARTED
478949,NOT_STARTED
478973,NOT_STARTED
479003,NOT_STARTED
479101,NOT_STARTED
479165,NOT_STARTED
479243,NOT_STARTED
479393,NOT_STARTED
479443,NOT_STARTED
479513,NOT_STARTED
479515,NOT_STARTED
479599,NOT_STARTED
479609,NOT_STARTED
479629,NOT_STARTED
479647,NOT_STARTED
479671,NOT_STARTED
479783,NOT_STARTED
479917,NOT_STARTED
479993,NOT_STARTED
480113,NOT_STARTED
480119,NOT_STARTED
480169,NOT_STARTED
480173,NOT_STARTED
480181,NOT_STARTED
480217,NOT_STARTED
480233,NOT_STARTED
480241,NOT_STARTED
480251,NOT_STARTED
480257,NOT_STARTED
480259,NOT_STARTED
480263,NOT_STARTED
480427,NOT_STARTED
480473,NOT_STARTED
480479,NOT_STARTED
480541,NOT_STARTED
480587,NOT_STARTED
480661,NOT_STARTED
480673,NOT_STARTED
480679,NOT_STARTED
480803,NOT_STARTED
480805,NOT_STARTED
480809,NOT_STARTED
480859,NOT_STARTED
480883,NOT_STARTED
481073,NOT_STARTED
481181,NOT_STARTED
481211,NOT_STARTED
481213,NOT_STARTED
481217,NOT_STARTED
481255,NOT_STARTED
481283,NOT_STARTED
481307,NOT_STARTED
481309,NOT_STARTED
481319,NOT_STARTED
481343,NOT_STARTED
481387,NOT_STARTED
481433,NOT_STARTED
481531,NOT_STARTED
481591,NOT_STARTED
481619,NOT_STARTED
481711,NOT_STARTED
481729,NOT_STARTED
481787,NOT_STARTED
481897,NOT_STARTED
481919,NOT_STARTED
481945,NOT_STARTED
481949,NOT_STARTED
481963,NOT_STARTED
482071,NOT_STARTED
482135,NOT_STARTED
482153,NOT_STARTED
482243,NOT_STARTED
482263,NOT_STARTED
482543,NOT_STARTED
482575,NOT_STARTED
482689,NOT_STARTED
482837,NOT_STARTED
482843,NOT_STARTED
482873,NOT_STARTED
482879,NOT_STARTED
482903,NOT_STARTED
482989,NOT_STARTED
483017,NOT_STARTED
483035,NOT_STARTED
483071,NOT_STARTED
483101,NOT_STARTED
483139,NOT_STARTED
483253,NOT_STARTED
483263,NOT_STARTED
483353,NOT_STARTED
483503,NOT_STARTED
483563,NOT_STARTED
483683,NOT_STARTED
483787,NOT_STARTED
483839,NOT_STARTED
483887,NOT_STARTED
483953,NOT_STARTED
483993,NOT_STARTED
484093,NOT_STARTED
484259,NOT_STARTED
484313,NOT_STARTED
484343,NOT_STARTED
484465,NOT_STARTED
484507,NOT_STARTED
484517,NOT_STARTED
484583,NOT_STARTED
484625,NOT_STARTED
484643,NOT_STARTED
484655,NOT_STARTED
484793,NOT_STARTED
484795,NOT_STARTED
484831,NOT_STARTED
484867,NOT_STARTED
484877,NOT_STARTED
484889,NOT_STARTED
484897,NOT_STARTED
484901,NOT_STARTED
484909,NOT_STARTED
485063,NOT_STARTED
485081,NOT_STARTED
485083,NOT_STARTED
485101,NOT_STARTED
485171,NOT_STARTED
485179,NOT_STARTED
485245,NOT_STARTED
485333,NOT_STARTED
485371,NOT_STARTED
485389,NOT_STARTED
485393,NOT_STARTED
485437,NOT_STARTED
485453,NOT_STARTED
485459,NOT_STARTED
485479,NOT_STARTED
485509,NOT_STARTED
485519,NOT_STARTED
485609,NOT_STARTED
485633,NOT_STARTED
485657,NOT_STARTED
485735,NOT_STARTED
485837,NOT_STARTED
485851,NOT_STARTED
485869,NOT_STARTED
485941,NOT_STARTED
485993,NOT_STARTED
486023,NOT_STARTED
486073,NOT_STARTED
486077,NOT_STARTED
486097,NOT_STARTED
486223,NOT_STARTED
486247,NOT_STARTED
486407,NOT_STARTED
486539,NOT_STARTED
486617,NOT_STARTED
486683,NOT_STARTED
486743,NOT_STARTED
486881,NOT_STARTED
487111,NOT_STARTED
487115,NOT_STARTED
487133,NOT_STARTED
487223,NOT_STARTED
487283,NOT_STARTED
487315,NOT_STARTED
487321,NOT_STARTED
487403,NOT_STARTED
487433,NOT_STARTED
487513,NOT_STARTED
487547,NOT_STARTED
487609,NOT_STARTED
487657,NOT_STARTED
487843,NOT_STARTED
487897,NOT_STARTED
487919,NOT_STARTED
487955,NOT_STARTED
488057,NOT_STARTED
488071,NOT_STARTED
488077,NOT_STARTED
488101,NOT_STARTED
488119,NOT_STARTED
488183,NOT_STARTED
488263,NOT_STARTED
488381,NOT_STARTED
488513,NOT_STARTED
488525,NOT_STARTED
488543,NOT_STARTED
488749,NOT_STARTED
488837,NOT_STARTED
488843,NOT_STARTED
488959,NOT_STARTED
488963,NOT_STARTED
489001,NOT_STARTED
489019,NOT_STARTED
489023,NOT_STARTED
489025,NOT_STARTED
489083,NOT_STARTED
489389,NOT_STARTED
489413,NOT_STARTED
489617,NOT_STARTED
489763,NOT_STARTED
489773,NOT_STARTED
489887,NOT_STARTED
490037,NOT_STARTED
490043,NOT_STARTED
490073,NOT_STARTED
490129,NOT_STARTED
490253,NOT_STARTED
490369,NOT_STARTED
490403,NOT_STARTED
490433,NOT_STARTED
490463,NOT_STARTED
490601,NOT_STARTED
490643,NOT_STARTED
490699,NOT_STARTED
490789,NOT_STARTED
490793,NOT_STARTED
490801,NOT_STARTED
490877,NOT_STARTED
491005,NOT_STARTED
491015,NOT_STARTED
491017,NOT_STARTED
491021,NOT_STARTED
491041,NOT_STARTED
491093,NOT_STARTED
491099,NOT_STARTED
491231,NOT_STARTED
491299,NOT_STARTED
491377,NOT_STARTED
491383,NOT_STARTED
491401,NOT_STARTED
491797,NOT_STARTED
491881,NOT_STARTED
491885,NOT_STARTED
491903,NOT_STARTED
491909,NOT_STARTED
491929,NOT_STARTED
491993,NOT_STARTED
492077,NOT_STARTED
492089,NOT_STARTED
492115,NOT_STARTED
492117,NOT_STARTED
492131,NOT_STARTED
492151,NOT_STARTED
492161,NOT_STARTED
492181,NOT_STARTED
492185,NOT_STARTED
492199,NOT_STARTED
492203,NOT_STARTED
492263,NOT_STARTED
492319,NOT_STARTED
492331,NOT_STARTED
492353,NOT_STARTED
492355,NOT_STARTED
492433,NOT_STARTED
492437,NOT_STARTED
492469,NOT_STARTED
492473,NOT_STARTED
492497,NOT_STARTED
492527,NOT_STARTED
492569,NOT_STARTED
492673,NOT_STARTED
492679,NOT_STARTED
492803,NOT_STARTED
492805,NOT_STARTED
492809,NOT_STARTED
492925,NOT_STARTED
492941,NOT_STARTED
492943,NOT_STARTED
492983,NOT_STARTED
493067,NOT_STARTED
493315,NOT_STARTED
493321,NOT_STARTED
493373,NOT_STARTED
493483,NOT_STARTED
493553,NOT_STARTED
493585,NOT_STARTED
493733,NOT_STARTED
493751,NOT_STARTED
493757,NOT_STARTED
493825,NOT_STARTED
493939,NOT_STARTED
493981,NOT_STARTED
493999,NOT_STARTED
494107,NOT_STARTED
494111,NOT_STARTED
494147,NOT_STARTED
494167,NOT_STARTED
494213,NOT_STARTED
494291,NOT_STARTED
494297,NOT_STARTED
494303,NOT_STARTED
494413,NOT_STARTED
494423,NOT_STARTED
494449,NOT_STARTED
494477,NOT_STARTED
494479,NOT_STARTED
494483,NOT_STARTED
494521,NOT_STARTED
494569,NOT_STARTED
494651,NOT_STARTED
494657,NOT_STARTED
494825,NOT_STARTED
494939,NOT_STARTED
494999,NOT_STARTED
495017,NOT_STARTED
495043,NOT_STARTED
495073,NOT_STARTED
495083,NOT_STARTED
495091,NOT_STARTED
495151,NOT_STARTED
495223,NOT_STARTED
495227,NOT_STARTED
495571,NOT_STARTED
495589,NOT_STARTED
495593,NOT_STARTED
495679,NOT_STARTED
495715,NOT_STARTED
495721,NOT_STARTED
495833,NOT_STARTED
495857,NOT_STARTED
496087,NOT_STARTED
496145,NOT_STARTED
496241,NOT_STARTED
496357,NOT_STARTED
496531,NOT_STARTED
496553,NOT_STARTED
496555,NOT_STARTED
496561,NOT_STARTED
496583,NOT_STARTED
496591,NOT_STARTED
496631,NOT_STARTED
496637,NOT_STARTED
496651,NOT_STARTED
496657,NOT_STARTED
496711,NOT_STARTED
496765,NOT_STARTED
496771,NOT_STARTED
496789,NOT_STARTED
496823,NOT_STARTED
496853,NOT_STARTED
496919,NOT_STARTED
496921,NOT_STARTED
496927,NOT_STARTED
497051,NOT_STARTED
497123,NOT_STARTED
497369,NOT_STARTED
497431,NOT_STARTED
497449,NOT_STARTED
497537,NOT_STARTED
497603,NOT_STARTED
497611,NOT_STARTED
497911,NOT_STARTED
497929,NOT_STARTED
497999,NOT_STARTED
498013,NOT_STARTED
498125,NOT_STARTED
498181,NOT_STARTED
498187,NOT_STARTED
498209,NOT_STARTED
498233,NOT_STARTED
498283,NOT_STARTED
498287,NOT_STARTED
498301,NOT_STARTED
498307,NOT_STARTED
498309,NOT_STARTED
498473,NOT_STARTED
498503,NOT_STARTED
498527,NOT_STARTED
498529,NOT_STARTED
498619,NOT_STARTED
498629,NOT_STARTED
498655,NOT_STARTED
498665,NOT_STARTED
498803,NOT_STARTED
498833,NOT_STARTED
498839,NOT_STARTED
498863,NOT_STARTED
499099,NOT_STARTED
499159,NOT_STARTED
499163,NOT_STARTED
499189,NOT_STARTED
499253,NOT_STARTED
499283,NOT_STARTED
499287,NOT_STARTED
499363,NOT_STARTED
499369,NOT_STARTED
499403,NOT_STARTED
499493,NOT_STARTED
499693,NOT_STARTED
499757,NOT_STARTED
499819,NOT_STARTED
499823,NOT_STARTED
499907,NOT_STARTED
499913,NOT_STARTED
499987,NOT_STARTED
500029,NOT_STARTED
500083,NOT_STARTED
500123,NOT_STARTED
500209,NOT_STARTED
500239,NOT_STARTED
500269,NOT_STARTED
500287,NOT_STARTED
500393,NOT_STARTED
500551,NOT_STARTED
500593,NOT_STARTED
500611,NOT_STARTED
500615,NOT_STARTED
500629,NOT_STARTED
500633,NOT_STARTED
500647,NOT_STARTED
500699,NOT_STARTED
500701,NOT_STARTED
500747,NOT_STARTED
500813,NOT_STARTED
500957,NOT_STARTED
500959,NOT_STARTED
501043,NOT_STARTED
501049,NOT_STARTED
501107,NOT_STARTED
501257,NOT_STARTED
501323,NOT_STARTED
501347,NOT_STARTED
501427,NOT_STARTED
501433,NOT_STARTED
501437,NOT_STARTED
501533,NOT_STARTED
501541,NOT_STARTED
501665,NOT_STARTED
501749,NOT_STARTED
501751,NOT_STARTED
501769,NOT_STARTED
501779,NOT_STARTED
501781,NOT_STARTED
501803,NOT_STARTED
501829,NOT_STARTED
501841,NOT_STARTED
501871,NOT_STARTED
501917,NOT_STARTED
501973,NOT_STARTED
501977,NOT_STARTED
502013,NOT_STARTED
502021,NOT_STARTED
502097,NOT_STARTED
502099,NOT_STARTED
502141,NOT_STARTED
502181,NOT_STARTED
502189,NOT_STARTED
502199,NOT_STARTED
502279,NOT_STARTED
502325,NOT_STARTED
502351,NOT_STARTED
502367,NOT_STARTED
502463,NOT_STARTED
502529,NOT_STARTED
502553,NOT_STARTED
502555,NOT_STARTED
502573,NOT_STARTED
502703,NOT_STARTED
502741,NOT_STARTED
502883,NOT_STARTED
502973,NOT_STARTED
503003,NOT_STARTED
503039,NOT_STARTED
503053,NOT_STARTED
503161,NOT_STARTED
503171,NOT_STARTED
503177,NOT_STARTED
503179,NOT_STARTED
503267,NOT_STARTED
503269,NOT_STARTED
503317,NOT_STARTED
503329,NOT_STARTED
503393,NOT_STARTED
503453,NOT_STARTED
503463,NOT_STARTED
503513,NOT_STARTED
503563,NOT_STARTED
503681,NOT_STARTED
503687,NOT_STARTED
503689,NOT_STARTED
503717,NOT_STARTED
503881,NOT_STARTED
503893,NOT_STARTED
504083,NOT_STARTED
504103,NOT_STARTED
504151,NOT_STARTED
504163,NOT_STARTED
504227,NOT_STARTED
504233,NOT_STARTED
504269,NOT_STARTED
504391,NOT_STARTED
504433,NOT_STARTED
504437,NOT_STARTED
504481,NOT_STARTED
504487,NOT_STARTED
504527,NOT_STARTED
504533,NOT_STARTED
504683,NOT_STARTED
504685,NOT_STARTED
504709,NOT_STARTED
504733,NOT_STARTED
504739,NOT_STARTED
504799,NOT_STARTED
504833,NOT_STARTED
505003,NOT_STARTED
505241,NOT_STARTED
505253,NOT_STARTED
505339,NOT_STARTED
505523,NOT_STARTED
505577,NOT_STARTED
505583,NOT_STARTED
505729,NOT_STARTED
505741,NOT_STARTED
505789,NOT_STARTED
505829,NOT_STARTED
505841,NOT_STARTED
505879,NOT_STARTED
505981,NOT_STARTED
506003,NOT_STARTED
506029,NOT_STARTED
506033,NOT_STARTED
506183,NOT_STARTED
506213,NOT_STARTED
506269,NOT_STARTED
506363,NOT_STARTED
506465,NOT_STARTED
506509,NOT_STARTED
506609,NOT_STARTED
506611,NOT_STARTED
506707,NOT_STARTED
506813,NOT_STARTED
506843,NOT_STARTED
507029,NOT_STARTED
507053,NOT_STARTED
507083,NOT_STARTED
507181,NOT_STARTED
507197,NOT_STARTED
507217,NOT_STARTED
507233,NOT_STARTED
507271,NOT_STARTED
507329,NOT_STARTED
507431,NOT_STARTED
507437,NOT_STARTED
507505,NOT_STARTED
507607,NOT_STARTED
507617,NOT_STARTED
507643,NOT_STARTED
507673,NOT_STARTED
507839,NOT_STARTED
507841,NOT_STARTED
507983,NOT_STARTED
508111,NOT_STARTED
508147,NOT_STARTED
508189,NOT_STARTED
508273,NOT_STARTED
508279,NOT_STARTED
508313,NOT_STARTED
508397,NOT_STARTED
508451,NOT_STARTED
508531,NOT_STARTED
508609,NOT_STARTED
508621,NOT_STARTED
508649,NOT_STARTED
508667,NOT_STARTED
508669,NOT_STARTED
508715,NOT_STARTED
508771,NOT_STARTED
508817,NOT_STARTED
508847,NOT_STARTED
508873,NOT_STARTED
509027,NOT_STARTED
509035,NOT_STARTED
509087,NOT_STARTED
509153,NOT_STARTED
509155,NOT_STARTED
509161,NOT_STARTED
509179,NOT_STARTED
509333,NOT_STARTED
509369,NOT_STARTED
509395,NOT_STARTED
509483,NOT_STARTED
509747,NOT_STARTED
509813,NOT_STARTED
509887,NOT_STARTED
509969,NOT_STARTED
510137,NOT_STARTED
510161,NOT_STARTED
510413,NOT_STARTED
510427,NOT_STARTED
510511,NOT_STARTED
510515,NOT_STARTED
510593,NOT_STARTED
510635,NOT_STARTED
510649,NOT_STARTED
510709,NOT_STARTED
510713,NOT_STARTED
510723,NOT_STARTED
510725,NOT_STARTED
510775,NOT_STARTED
510827,NOT_STARTED
510851,NOT_STARTED
510859,NOT_STARTED
510965,NOT_STARTED
510971,NOT_STARTED
511019,NOT_STARTED
511043,NOT_STARTED
511067,NOT_STARTED
511127,NOT_STARTED
511133,NOT_STARTED
511213,NOT_STARTED
511223,NOT_STARTED
511339,NOT_STARTED
511361,NOT_STARTED
511493,NOT_STARTED
511523,NOT_STARTED
511529,NOT_STARTED
511603,NOT_STARTED
511607,NOT_STARTED
511609,NOT_STARTED
511643,NOT_STARTED
511649,NOT_STARTED
511669,NOT_STARTED
511733,NOT_STARTED
511759,NOT_STARTED
511817,NOT_STARTED
511939,NOT_STARTED
511999,NOT_STARTED
512021,NOT_STARTED
512101,NOT_STARTED
512113,NOT_STARTED
512123,NOT_STARTED
512215,NOT_STARTED
512273,NOT_STARTED
512297,NOT_STARTED
512357,NOT_STARTED
512359,NOT_STARTED
512369,NOT_STARTED
512447,NOT_STARTED
512483,NOT_STARTED
512551,NOT_STARTED
512623,NOT_STARTED
512825,NOT_STARTED
513017,NOT_STARTED
513143,NOT_STARTED
513179,NOT_STARTED
513217,NOT_STARTED
513239,NOT_STARTED
513287,NOT_STARTED
513353,NOT_STARTED
513451,NOT_STARTED
513481,NOT_STARTED
513511,NOT_STARTED
513571,NOT_STARTED
513575,NOT_STARTED
513605,NOT_STARTED
513653,NOT_STARTED
513781,NOT_STARTED
513797,NOT_STARTED
513829,NOT_STARTED
513845,NOT_STARTED
513857,NOT_STARTED
513955,NOT_STARTED
513977,NOT_STARTED
513991,NOT_STARTED
514027,NOT_STARTED
514151,NOT_STARTED
514159,NOT_STARTED
514319,NOT_STARTED
514379,NOT_STARTED
514547,NOT_STARTED
514651,NOT_STARTED
514687,NOT_STARTED
514711,NOT_STARTED
514889,NOT_STARTED
514891,NOT_STARTED
514987,NOT_STARTED
514991,NOT_STARTED
515005,NOT_STARTED
515043,NOT_STARTED
515047,NOT_STARTED
515059,NOT_STARTED
515065,NOT_STARTED
515069,NOT_STARTED
515153,NOT_STARTED
515173,NOT_STARTED
515179,NOT_STARTED
515197,NOT_STARTED
515203,NOT_STARTED
515209,NOT_STARTED
515293,NOT_STARTED
515297,NOT_STARTED
515323,NOT_STARTED
515387,NOT_STARTED
515405,NOT_STARTED
515409,NOT_STARTED
515411,NOT_STARTED
515431,NOT_STARTED
515437,NOT_STARTED
515453,NOT_STARTED
515455,NOT_STARTED
515479,NOT_STARTED
515489,NOT_STARTED
515539,NOT_STARTED
515723,NOT_STARTED
515747,NOT_STARTED
515899,NOT_STARTED
516109,NOT_STARTED
516127,NOT_STARTED
516301,NOT_STARTED
516377,NOT_STARTED
516521,NOT_STARTED
516739,NOT_STARTED
516757,NOT_STARTED
516853,NOT_STARTED
516857,NOT_STARTED
517007,NOT_STARTED
517021,NOT_STARTED
517091,NOT_STARTED
517099,NOT_STARTED
517189,NOT_STARTED
517193,NOT_STARTED
517421,NOT_STARTED
517427,NOT_STARTED
517429,NOT_STARTED
517431,NOT_STARTED
517439,NOT_STARTED
517645,NOT_STARTED
517657,NOT_STARTED
517669,NOT_STARTED
517771,NOT_STARTED
517775,NOT_STARTED
517843,NOT_STARTED
517879,NOT_STARTED
517883,NOT_STARTED
517967,NOT_STARTED
518011,NOT_STARTED
518027,NOT_STARTED
518209,NOT_STARTED
518269,NOT_STARTED
518453,NOT_STARTED
518549,NOT_STARTED
518551,NOT_STARTED
518621,NOT_STARTED
518633,NOT_STARTED
518767,NOT_STARTED
518779,NOT_STARTED
518783,NOT_STARTED
518813,NOT_STARTED
518837,NOT_STARTED
518839,NOT_STARTED
518843,NOT_STARTED
518873,NOT_STARTED
518913,NOT_STARTED
518915,NOT_STARTED
518963,NOT_STARTED
519017,NOT_STARTED
519037,NOT_STARTED
519041,NOT_STARTED
519049,NOT_STARTED
519161,NOT_STARTED
519307,NOT_STARTED
519325,NOT_STARTED
519331,NOT_STARTED
519335,NOT_STARTED
519473,NOT_STARTED
519589,NOT_STARTED
519647,NOT_STARTED
519653,NOT_STARTED
519751,NOT_STARTED
519817,NOT_STARTED
519823,NOT_STARTED
519829,NOT_STARTED
519839,NOT_STARTED
519893,NOT_STARTED
520033,NOT_STARTED
520045,NOT_STARTED
520049,NOT_STARTED
520133,NOT_STARTED
520139,NOT_STARTED
520157,NOT_STARTED
520219,NOT_STARTED
520223,NOT_STARTED
520253,NOT_STARTED
520381,NOT_STARTED
520441,NOT_STARTED
520463,NOT_STARTED
520487,NOT_STARTED
520489,NOT_STARTED
520495,NOT_STARTED
520529,NOT_STARTED
520549,NOT_STARTED
520579,NOT_STARTED
520651,NOT_STARTED
520669,NOT_STARTED
520733,NOT_STARTED
520819,NOT_STARTED
520823,NOT_STARTED
520921,NOT_STARTED
521063,NOT_STARTED
521065,NOT_STARTED
521093,NOT_STARTED
521207,NOT_STARTED
521401,NOT_STARTED
521461,NOT_STARTED
521585,NOT_STARTED
521611,NOT_STARTED
521617,NOT_STARTED
521753,NOT_STARTED
521831,NOT_STARTED
521843,NOT_STARTED
521903,NOT_STARTED
521939,NOT_STARTED
521957,NOT_STARTED
522037,NOT_STARTED
522061,NOT_STARTED
522091,NOT_STARTED
522113,NOT_STARTED
522139,NOT_STARTED
522173,NOT_STARTED
522259,NOT_STARTED
522293,NOT_STARTED
522341,NOT_STARTED
522391,NOT_STARTED
522497,NOT_STARTED
522719,NOT_STARTED
522787,NOT_STARTED
522905,NOT_STARTED
522923,NOT_STARTED
522971,NOT_STARTED
523037,NOT_STARTED
523051,NOT_STARTED
523067,NOT_STARTED
523141,NOT_STARTED
523151,NOT_STARTED
523219,NOT_STARTED
523225,NOT_STARTED
523273,NOT_STARTED
523277,NOT_STARTED
523279,NOT_STARTED
523309,NOT_STARTED
523357,NOT_STARTED
523361,NOT_STARTED
523367,NOT_STARTED
523439,NOT_STARTED
523469,NOT_STARTED
523493,NOT_STARTED
523547,NOT_STARTED
523681,NOT_STARTED
523689,NOT_STARTED
523693,NOT_STARTED
523717,NOT_STARTED
523837,NOT_STARTED
523849,NOT_STARTED
523853,NOT_STARTED
523969,NOT_STARTED
524009,NOT_STARTED
524123,NOT_STARTED
524131,NOT_STARTED
524323,NOT_STARTED
524329,NOT_STARTED
524393,NOT_STARTED
524459,NOT_STARTED
524473,NOT_STARTED
524483,NOT_STARTED
524527,NOT_STARTED
524537,NOT_STARTED
524539,NOT_STARTED
524543,NOT_STARTED
524551,NOT_STARTED
524573,NOT_STARTED
524599,NOT_STARTED
524641,NOT_STARTED
524683,NOT_STARTED
524743,NOT_STARTED
524803,NOT_STARTED
524807,NOT_STARTED
525061,NOT_STARTED
525113,NOT_STARTED
525143,NOT_STARTED
525173,NOT_STARTED
525223,NOT_STARTED
525257,NOT_STARTED
525263,NOT_STARTED
525269,NOT_STARTED
525271,NOT_STARTED
525299,NOT_STARTED
525323,NOT_STARTED
525335,NOT_STARTED
525409,NOT_STARTED
525467,NOT_STARTED
525503,NOT_STARTED
525541,NOT_STARTED
525571,NOT_STARTED
525683,NOT_STARTED
525781,NOT_STARTED
525841,NOT_STARTED
525851,NOT_STARTED
525893,NOT_STARTED
525965,NOT_STARTED
525983,NOT_STARTED
525991,NOT_STARTED
526319,NOT_STARTED
526321,NOT_STARTED
526337,NOT_STARTED
526403,NOT_STARTED
526463,NOT_STARTED
526763,NOT_STARTED
526789,NOT_STARTED
526885,NOT_STARTED
526891,NOT_STARTED
526975,NOT_STARTED
527011,NOT_STARTED
527101,NOT_STARTED
527189,NOT_STARTED
527251,NOT_STARTED
527291,NOT_STARTED
527293,NOT_STARTED
527299,NOT_STARTED
527303,NOT_STARTED
527353,NOT_STARTED
527357,NOT_STARTED
527453,NOT_STARTED
527459,NOT_STARTED
527461,NOT_STARTED
527465,NOT_STARTED
527489,NOT_STARTED
527507,NOT_STARTED
527509,NOT_STARTED
527537,NOT_STARTED
527543,NOT_STARTED
527605,NOT_STARTED
527657,NOT_STARTED
527671,NOT_STARTED
527707,NOT_STARTED
527711,NOT_STARTED
527753,NOT_STARTED
527759,NOT_STARTED
528061,NOT_STARTED
528071,NOT_STARTED
528169,NOT_STARTED
528173,NOT_STARTED
528197,NOT_STARTED
528203,NOT_STARTED
528269,NOT_STARTED
528271,NOT_STARTED
528299,NOT_STARTED
528331,NOT_STARTED
528337,NOT_STARTED
528355,NOT_STARTED
528449,NOT_STARTED
528451,NOT_STARTED
528517,NOT_STARTED
528593,NOT_STARTED
528631,NOT_STARTED
528637,NOT_STARTED
528733,NOT_STARTED
528737,NOT_STARTED
528889,NOT_STARTED
528893,NOT_STARTED
528911,NOT_STARTED
528973,NOT_STARTED
529013,NOT_STARTED
529135,NOT_STARTED
529171,NOT_STARTED
529189,NOT_STARTED
529193,NOT_STARTED
529199,NOT_STARTED
529247,NOT_STARTED
529277,NOT_STARTED
529283,NOT_STARTED
529397,NOT_STARTED
529399,NOT_STARTED
529441,NOT_STARTED
529489,NOT_STARTED
529579,NOT_STARTED
529709,NOT_STARTED
529723,NOT_STARTED
529751,NOT_STARTED
529753,NOT_STARTED
529769,NOT_STARTED
529789,NOT_STARTED
529819,NOT_STARTED
529847,NOT_STARTED
529879,NOT_STARTED
529883,NOT_STARTED
529889,NOT_STARTED
529901,NOT_STARTED
529909,NOT_STARTED
529913,NOT_STARTED
529939,NOT_STARTED
530003,NOT_STARTED
530093,NOT_STARTED
530099,NOT_STARTED
530143,NOT_STARTED
530149,NOT_STARTED
530209,NOT_STARTED
530213,NOT_STARTED
530303,NOT_STARTED
530305,NOT_STARTED
530359,NOT_STARTED
530453,NOT_STARTED
530513,NOT_STARTED
530567,NOT_STARTED
530581,NOT_STARTED
530611,NOT_STARTED
530753,NOT_STARTED
530809,NOT_STARTED
530875,NOT_STARTED
530911,NOT_STARTED
530917,NOT_STARTED
530927,NOT_STARTED
530933,NOT_STARTED
530947,NOT_STARTED
531049,NOT_STARTED
531083,NOT_STARTED
531103,NOT_STARTED
531205,NOT_STARTED
531263,NOT_STARTED
531317,NOT_STARTED
531359,NOT_STARTED
531391,NOT_STARTED
531413,NOT_STARTED
531419,NOT_STARTED
531429,NOT_STARTED
531439,NOT_STARTED
531529,NOT_STARTED
531643,NOT_STARTED
531649,NOT_STARTED
531707,NOT_STARTED
531751,NOT_STARTED
531767,NOT_STARTED
531803,NOT_STARTED
531947,NOT_STARTED
532009,NOT_STARTED
532013,NOT_STARTED
532039,NOT_STARTED
532043,NOT_STARTED
532117,NOT_STARTED
532211,NOT_STARTED
532283,NOT_STARTED
532453,NOT_STARTED
532501,NOT_STARTED
532643,NOT_STARTED
532823,NOT_STARTED
532829,NOT_STARTED
532853,NOT_STARTED
532867,NOT_STARTED
532921,NOT_STARTED
532951,NOT_STARTED
533089,NOT_STARTED
533093,NOT_STARTED
533149,NOT_STARTED
533153,NOT_STARTED
533327,NOT_STARTED
533413,NOT_STARTED
533417,NOT_STARTED
533423,NOT_STARTED
533429,NOT_STARTED
533467,NOT_STARTED
533513,NOT_STARTED
533593,NOT_STARTED
533597,NOT_STARTED
533603,NOT_STARTED
533641,NOT_STARTED
533671,NOT_STARTED
533759,NOT_STARTED
533783,NOT_STARTED
533933,NOT_STARTED
534119,NOT_STARTED
534173,NOT_STARTED
534181,NOT_STARTED
534263,NOT_STARTED
534353,NOT_STARTED
534443,NOT_STARTED
534473,NOT_STARTED
534529,NOT_STARTED
534533,NOT_STARTED
534587,NOT_STARTED
534673,NOT_STARTED
534715,NOT_STARTED
534749,NOT_STARTED
534781,NOT_STARTED
534799,NOT_STARTED
534901,NOT_STARTED
534931,NOT_STARTED
534983,NOT_STARTED
534991,NOT_STARTED
535043,NOT_STARTED
535063,NOT_STARTED
535081,NOT_STARTED
535103,NOT_STARTED
535139,NOT_STARTED
535249,NOT_STARTED
535277,NOT_STARTED
535361,NOT_STARTED
535429,NOT_STARTED
535589,NOT_STARTED
535699,NOT_STARTED
535823,NOT_STARTED
535835,NOT_STARTED
535891,NOT_STARTED
535999,NOT_STARTED
536003,NOT_STARTED
536029,NOT_STARTED
536161,NOT_STARTED
536323,NOT_STARTED
536333,NOT_STARTED
536513,NOT_STARTED
536533,NOT_STARTED
536539,NOT_STARTED
536611,NOT_STARTED
536633,NOT_STARTED
536657,NOT_STARTED
536753,NOT_STARTED
536873,NOT_STARTED
536891,NOT_STARTED
537043,NOT_STARTED
537049,NOT_STARTED
537097,NOT_STARTED
537107,NOT_STARTED
537109,NOT_STARTED
537143,NOT_STARTED
537199,NOT_STARTED
537289,NOT_STARTED
537473,NOT_STARTED
537569,NOT_STARTED
537751,NOT_STARTED
537823,NOT_STARTED
537923,NOT_STARTED
537967,NOT_STARTED
538021,NOT_STARTED
538051,NOT_STARTED
538129,NOT_STARTED
538189,NOT_STARTED
538201,NOT_STARTED
538211,NOT_STARTED
538223,NOT_STARTED
538369,NOT_STARTED
538445,NOT_STARTED
538579,NOT_STARTED
538597,NOT_STARTED
538607,NOT_STARTED
538801,NOT_STARTED
538853,NOT_STARTED
538949,NOT_STARTED
538957,NOT_STARTED
538963,NOT_STARTED
539009,NOT_STARTED
539171,NOT_STARTED
539183,NOT_STARTED
539185,NOT_STARTED
539273,NOT_STARTED
539359,NOT_STARTED
539389,NOT_STARTED
539403,NOT_STARTED
539411,NOT_STARTED
539413,NOT_STARTED
539419,NOT_STARTED
539423,NOT_STARTED
539425,NOT_STARTED
539429,NOT_STARTED
539461,NOT_STARTED
539465,NOT_STARTED
539483,NOT_STARTED
539533,NOT_STARTED
539545,NOT_STARTED
539561,NOT_STARTED
539573,NOT_STARTED
539591,NOT_STARTED
539603,NOT_STARTED
539653,NOT_STARTED
539663,NOT_STARTED
539801,NOT_STARTED
539809,NOT_STARTED
539863,NOT_STARTED
539903,NOT_STARTED
539927,NOT_STARTED
539941,NOT_STARTED
539957,NOT_STARTED
540007,NOT_STARTED
540023,NOT_STARTED
540031,NOT_STARTED
540079,NOT_STARTED
540353,NOT_STARTED
540393,NOT_STARTED
540403,NOT_STARTED
540517,NOT_STARTED
540559,NOT_STARTED
540637,NOT_STARTED
540713,NOT_STARTED
540755,NOT_STARTED
540781,NOT_STARTED
540823,NOT_STARTED
540833,NOT_STARTED
540881,NOT_STARTED
540909,NOT_STARTED
540919,NOT_STARTED
540923,NOT_STARTED
540947,NOT_STARTED
540965,NOT_STARTED
541061,NOT_STARTED
541073,NOT_STARTED
541111,NOT_STARTED
541391,NOT_STARTED
541393,NOT_STARTED
541469,NOT_STARTED
541631,NOT_STARTED
541669,NOT_STARTED
541733,NOT_STARTED
541847,NOT_STARTED
541861,NOT_STARTED
541901,NOT_STARTED
541907,NOT_STARTED
541969,NOT_STARTED
541973,NOT_STARTED
542033,NOT_STARTED
542153,NOT_STARTED
542263,NOT_STARTED
542303,NOT_STARTED
542333,NOT_STARTED
542371,NOT_STARTED
542615,NOT_STARTED
542637,NOT_STARTED
542641,NOT_STARTED
542657,NOT_STARTED
542723,NOT_STARTED
542801,NOT_STARTED
542807,NOT_STARTED
542849,NOT_STARTED
542873,NOT_STARTED
542959,NOT_STARTED
542989,NOT_STARTED
543019,NOT_STARTED
543037,NOT_STARTED
543043,NOT_STARTED
543073,NOT_STARTED
543077,NOT_STARTED
543113,NOT_STARTED
543263,NOT_STARTED
543313,NOT_STARTED
543317,NOT_STARTED
543361,NOT_STARTED
543389,NOT_STARTED
543409,NOT_STARTED
543413,NOT_STARTED
543427,NOT_STARTED
543473,NOT_STARTED
543479,NOT_STARTED
543511,NOT_STARTED
543619,NOT_STARTED
543623,NOT_STARTED
543715,NOT_STARTED
543719,NOT_STARTED
543737,NOT_STARTED
543739,NOT_STARTED
543751,NOT_STARTED
543827,NOT_STARTED
543941,NOT_STARTED
543947,NOT_STARTED
543953,NOT_STARTED
544051,NOT_STARTED
544069,NOT_STARTED
544109,NOT_STARTED
544201,NOT_STARTED
544287,NOT_STARTED
544327,NOT_STARTED
544373,NOT_STARTED
544385,NOT_STARTED
544561,NOT_STARTED
544577,NOT_STARTED
544613,NOT_STARTED
544675,NOT_STARTED
544699,NOT_STARTED
544793,NOT_STARTED
544813,NOT_STARTED
544837,NOT_STARTED
544847,NOT_STARTED
545063,NOT_STARTED
545093,NOT_STARTED
545161,NOT_STARTED
545221,NOT_STARTED
545303,NOT_STARTED
545311,NOT_STARTED
545329,NOT_STARTED
545341,NOT_STARTED
545345,NOT_STARTED
545387,NOT_STARTED
545449,NOT_STARTED
545453,NOT_STARTED
545497,NOT_STARTED
545551,NOT_STARTED
545581,NOT_STARTED
545623,NOT_STARTED
545627,NOT_STARTED
545663,NOT_STARTED
545671,NOT_STARTED
545677,NOT_STARTED
545681,NOT_STARTED
545689,NOT_STARTED
545809,NOT_STARTED
545845,NOT_STARTED
545983,NOT_STARTED
546071,NOT_STARTED
546399,NOT_STARTED
546419,NOT_STARTED
546425,NOT_STARTED
546443,NOT_STARTED
546527,NOT_STARTED
546695,NOT_STARTED
546783,NOT_STARTED
546789,NOT_STARTED
546797,NOT_STARTED
546817,NOT_STARTED
546821,NOT_STARTED
546845,NOT_STARTED
546895,NOT_STARTED
546901,NOT_STARTED
546919,NOT_STARTED
546979,NOT_STARTED
547061,NOT_STARTED
547067,NOT_STARTED
547069,NOT_STARTED
547139,NOT_STARTED
547279,NOT_STARTED
547303,NOT_STARTED
547321,NOT_STARTED
547337,NOT_STARTED
547373,NOT_STARTED
547399,NOT_STARTED
547415,NOT_STARTED
547441,NOT_STARTED
547457,NOT_STARTED
547681,NOT_STARTED
547687,NOT_STARTED
547853,NOT_STARTED
547861,NOT_STARTED
547909,NOT_STARTED
547919,NOT_STARTED
547921,NOT_STARTED
547937,NOT_STARTED
547959,NOT_STARTED
547969,NOT_STARTED
548005,NOT_STARTED
548017,NOT_STARTED
548041,NOT_STARTED
548045,NOT_STARTED
548159,NOT_STARTED
548249,NOT_STARTED
548273,NOT_STARTED
548323,NOT_STARTED
548327,NOT_STARTED
548423,NOT_STARTED
548491,NOT_STARTED
548593,NOT_STARTED
548599,NOT_STARTED
548633,NOT_STARTED
548693,NOT_STARTED
548719,NOT_STARTED
548725,NOT_STARTED
548873,NOT_STARTED
548881,NOT_STARTED
548909,NOT_STARTED
548933,NOT_STARTED
548939,NOT_STARTED
548975,NOT_STARTED
549041,NOT_STARTED
549049,NOT_STARTED
549053,NOT_STARTED
549101,NOT_STARTED
549209,NOT_STARTED
549259,NOT_STARTED
549283,NOT_STARTED
549293,NOT_STARTED
549301,NOT_STARTED
549589,NOT_STARTED
549649,NOT_STARTED
549767,NOT_STARTED
549779,NOT_STARTED
549793,NOT_STARTED
549799,NOT_STARTED
549891,NOT_STARTED
549913,NOT_STARTED
549949,NOT_STARTED
549979,NOT_STARTED
550093,NOT_STARTED
550217,NOT_STARTED
550249,NOT_STARTED
550297,NOT_STARTED
550369,NOT_STARTED
550387,NOT_STARTED
550391,NOT_STARTED
550399,NOT_STARTED
550409,NOT_STARTED
550475,NOT_STARTED
550477,NOT_STARTED
550499,NOT_STARTED
550733,NOT_STARTED
550763,NOT_STARTED
550813,NOT_STARTED
550879,NOT_STARTED
550913,NOT_STARTED
551017,NOT_STARTED
551137,NOT_STARTED
551147,NOT_STARTED
551149,NOT_STARTED
551183,NOT_STARTED
551243,NOT_STARTED
551255,NOT_STARTED
551329,NOT_STARTED
551387,NOT_STARTED
551413,NOT_STARTED
551611,NOT_STARTED
551633,NOT_STARTED
551675,NOT_STARTED
551777,NOT_STARTED
551863,NOT_STARTED
551869,NOT_STARTED
551875,NOT_STARTED
552113,NOT_STARTED
552137,NOT_STARTED
552139,NOT_STARTED
552141,NOT_STARTED
552151,NOT_STARTED
552157,NOT_STARTED
552217,NOT_STARTED
552245,NOT_STARTED
552303,NOT_STARTED
552323,NOT_STARTED
552431,NOT_STARTED
552527,NOT_STARTED
552535,NOT_STARTED
552553,NOT_STARTED
552589,NOT_STARTED
552619,NOT_STARTED
552623,NOT_STARTED
552625,NOT_STARTED
552709,NOT_STARTED
552931,NOT_STARTED
553103,NOT_STARTED
553105,NOT_STARTED
553193,NOT_STARTED
553235,NOT_STARTED
553309,NOT_STARTED
553313,NOT_STARTED
553327,NOT_STARTED
553393,NOT_STARTED
553397,NOT_STARTED
553493,NOT_STARTED
553669,NOT_STARTED
553709,NOT_STARTED
553713,NOT_STARTED
553759,NOT_STARTED
553771,NOT_STARTED
553811,NOT_STARTED
553813,NOT_STARTED
553849,NOT_STARTED
553853,NOT_STARTED
553883,NOT_STARTED
554017,NOT_STARTED
554063,NOT_STARTED
554089,NOT_STARTED
554147,NOT_STARTED
554195,NOT_STARTED
554209,NOT_STARTED
554213,NOT_STARTED
554219,NOT_STARTED
554249,NOT_STARTED
554251,NOT_STARTED
554275,NOT_STARTED
554329,NOT_STARTED
554357,NOT_STARTED
554359,NOT_STARTED
554383,NOT_STARTED
554503,NOT_STARTED
554531,NOT_STARTED
554539,NOT_STARTED
554545,NOT_STARTED
554549,NOT_STARTED
554573,NOT_STARTED
554713,NOT_STARTED
554857,NOT_STARTED
554931,NOT_STARTED
554941,NOT_STARTED
554971,NOT_STARTED
554983,NOT_STARTED
555053,NOT_STARTED
555187,NOT_STARTED
555229,NOT_STARTED
555257,NOT_STARTED
555323,NOT_STARTED
555439,NOT_STARTED
555503,NOT_STARTED
555523,NOT_STARTED
555623,NOT_STARTED
555743,NOT_STARTED
555769,NOT_STARTED
555787,NOT_STARTED
555833,NOT_STARTED
555839,NOT_STARTED
555881,NOT_STARTED
555883,NOT_STARTED
555889,NOT_STARTED
555893,NOT_STARTED
555901,NOT_STARTED
555973,NOT_STARTED
556009,NOT_STARTED
556073,NOT_STARTED
556075,NOT_STARTED
556079,NOT_STARTED
556093,NOT_STARTED
556103,NOT_STARTED
556111,NOT_STARTED
556129,NOT_STARTED
556133,NOT_STARTED
556183,NOT_STARTED
556373,NOT_STARTED
556379,NOT_STARTED
556381,NOT_STARTED
556405,NOT_STARTED
556411,NOT_STARTED
556487,NOT_STARTED
556489,NOT_STARTED
556491,NOT_STARTED
556523,NOT_STARTED
556541,NOT_STARTED
556583,NOT_STARTED
556891,NOT_STARTED
556913,NOT_STARTED
556987,NOT_STARTED
557093,NOT_STARTED
557101,NOT_STARTED
557107,NOT_STARTED
557113,NOT_STARTED
557123,NOT_STARTED
557159,NOT_STARTED
557207,NOT_STARTED
557209,NOT_STARTED
557219,NOT_STARTED
557227,NOT_STARTED
557243,NOT_STARTED
557281,NOT_STARTED
557343,NOT_STARTED
557377,NOT_STARTED
557493,NOT_STARTED
557495,NOT_STARTED
557497,NOT_STARTED
557573,NOT_STARTED
557577,NOT_STARTED
557645,NOT_STARTED
557707,NOT_STARTED
557761,NOT_STARTED
557863,NOT_STARTED
557869,NOT_STARTED
557873,NOT_STARTED
557903,NOT_STARTED
557917,NOT_STARTED
557937,NOT_STARTED
557941,NOT_STARTED
557945,NOT_STARTED
557951,NOT_STARTED
557959,NOT_STARTED
557987,NOT_STARTED
558029,NOT_STARTED
558031,NOT_STARTED
558095,NOT_STARTED
558167,NOT_STARTED
558319,NOT_STARTED
558331,NOT_STARTED
558347,NOT_STARTED
558377,NOT_STARTED
558499,NOT_STARTED
558503,NOT_STARTED
558553,NOT_STARTED
558589,NOT_STARTED
558647,NOT_STARTED
558703,NOT_STARTED
558737,NOT_STARTED
558739,NOT_STARTED
558805,NOT_STARTED
558835,NOT_STARTED
558893,NOT_STARTED
558955,NOT_STARTED
558959,NOT_STARTED
558983,NOT_STARTED
559021,NOT_STARTED
559067,NOT_STARTED
559139,NOT_STARTED
559157,NOT_STARTED
559183,NOT_STARTED
559187,NOT_STARTED
559277,NOT_STARTED
559279,NOT_STARTED
559321,NOT_STARTED
559373,NOT_STARTED
559397,NOT_STARTED
559403,NOT_STARTED
559429,NOT_STARTED
559607,NOT_STARTED
559753,NOT_STARTED
559859,NOT_STARTED
559919,NOT_STARTED
559921,NOT_STARTED
559949,NOT_STARTED
559973,NOT_STARTED
559993,NOT_STARTED
560053,NOT_STARTED
560093,NOT_STARTED
560193,NOT_STARTED
560327,NOT_STARTED
560371,NOT_STARTED
560393,NOT_STARTED
560411,NOT_STARTED
560449,NOT_STARTED
560561,NOT_STARTED
560573,NOT_STARTED
560689,NOT_STARTED
560719,NOT_STARTED
560783,NOT_STARTED
560839,NOT_STARTED
560843,NOT_STARTED
560845,NOT_STARTED
560903,NOT_STARTED
560909,NOT_STARTED
560911,NOT_STARTED
560941,NOT_STARTED
561001,NOT_STARTED
561113,NOT_STARTED
561115,NOT_STARTED
561131,NOT_STARTED
561215,NOT_STARTED
561439,NOT_STARTED
561481,NOT_STARTED
561563,NOT_STARTED
561571,NOT_STARTED
561577,NOT_STARTED
561619,NOT_STARTED
561631,NOT_STARTED
561641,NOT_STARTED
561643,NOT_STARTED
561653,NOT_STARTED
561703,NOT_STARTED
561739,NOT_STARTED
561767,NOT_STARTED
561811,NOT_STARTED
561863,NOT_STARTED
561871,NOT_STARTED
561889,NOT_STARTED
561893,NOT_STARTED
562025,NOT_STARTED
562043,NOT_STARTED
562045,NOT_STARTED
562073,NOT_STARTED
562147,NOT_STARTED
562201,NOT_STARTED
562217,NOT_STARTED
562373,NOT_STARTED
562379,NOT_STARTED
562459,NOT_STARTED
562537,NOT_STARTED
562541,NOT_STARTED
562543,NOT_STARTED
562553,NOT_STARTED
562763,NOT_STARTED
562789,NOT_STARTED
562843,NOT_STARTED
562847,NOT_STARTED
562849,NOT_STARTED
562857,NOT_STARTED
562877,NOT_STARTED
562883,NOT_STARTED
562913,NOT_STARTED
563267,NOT_STARTED
563303,NOT_STARTED
563377,NOT_STARTED
563419,NOT_STARTED
563423,NOT_STARTED
563513,NOT_STARTED
563525,NOT_STARTED
563627,NOT_STARTED
563637,NOT_STARTED
563639,NOT_STARTED
563643,NOT_STARTED
563671,NOT_STARTED
563687,NOT_STARTED
563689,NOT_STARTED
563747,NOT_STARTED
563779,NOT_STARTED
563791,NOT_STARTED
563899,NOT_STARTED
563911,NOT_STARTED
563947,NOT_STARTED
563959,NOT_STARTED
564233,NOT_STARTED
564325,NOT_STARTED
564419,NOT_STARTED
564535,NOT_STARTED
564547,NOT_STARTED
564563,NOT_STARTED
564623,NOT_STARTED
564629,NOT_STARTED
564631,NOT_STARTED
564679,NOT_STARTED
564683,NOT_STARTED
564727,NOT_STARTED
564737,NOT_STARTED
564743,NOT_STARTED
564803,NOT_STARTED
564831,NOT_STARTED
564881,NOT_STARTED
564959,NOT_STARTED
564961,NOT_STARTED
565001,NOT_STARTED
565019,NOT_STARTED
565081,NOT_STARTED
565091,NOT_STARTED
565129,NOT_STARTED
565189,NOT_STARTED
565219,NOT_STARTED
565343,NOT_STARTED
565407,NOT_STARTED
565489,NOT_STARTED
565519,NOT_STARTED
565613,NOT_STARTED
565673,NOT_STARTED
565681,NOT_STARTED
565699,NOT_STARTED
565853,NOT_STARTED
565937,NOT_STARTED
565939,NOT_STARTED
565999,NOT_STARTED
566011,NOT_STARTED
566029,NOT_STARTED
566063,NOT_STARTED
566107,NOT_STARTED
566113,NOT_STARTED
566135,NOT_STARTED
566249,NOT_STARTED
566287,NOT_STARTED
566347,NOT_STARTED
566357,NOT_STARTED
566393,NOT_STARTED
566453,NOT_STARTED
566471,NOT_STARTED
566579,NOT_STARTED
566591,NOT_STARTED
566593,NOT_STARTED
566597,NOT_STARTED
566767,NOT_STARTED
566777,NOT_STARTED
566833,NOT_STARTED
566837,NOT_STARTED
566881,NOT_STARTED
566897,NOT_STARTED
566911,NOT_STARTED
566917,NOT_STARTED
567013,NOT_STARTED
567079,NOT_STARTED
567121,NOT_STARTED
567143,NOT_STARTED
567151,NOT_STARTED
567157,NOT_STARTED
567211,NOT_STARTED
567235,NOT_STARTED
567263,NOT_STARTED
567277,NOT_STARTED
567283,NOT_STARTED
567287,NOT_STARTED
567289,NOT_STARTED
567297,NOT_STARTED
567299,NOT_STARTED
567339,NOT_STARTED
567341,NOT_STARTED
567349,NOT_STARTED
567407,NOT_STARTED
567413,NOT_STARTED
567421,NOT_STARTED
567499,NOT_STARTED
567533,NOT_STARTED
567541,NOT_STARTED
567547,NOT_STARTED
567571,NOT_STARTED
567695,NOT_STARTED
567697,NOT_STARTED
567793,NOT_STARTED
567901,NOT_STARTED
567907,NOT_STARTED
567913,NOT_STARTED
567923,NOT_STARTED
568051,NOT_STARTED
568073,NOT_STARTED
568109,NOT_STARTED
568213,NOT_STARTED
568259,NOT_STARTED
568309,NOT_STARTED
568313,NOT_STARTED
568321,NOT_STARTED
568349,NOT_STARTED
568411,NOT_STARTED
568453,NOT_STARTED
568493,NOT_STARTED
568557,NOT_STARTED
568559,NOT_STARTED
568579,NOT_STARTED
568583,NOT_STARTED
568595,NOT_STARTED
568727,NOT_STARTED
568753,NOT_STARTED
568943,NOT_STARTED
568951,NOT_STARTED
569033,NOT_STARTED
569215,NOT_STARTED
569271,NOT_STARTED
569273,NOT_STARTED
569303,NOT_STARTED
569323,NOT_STARTED
569335,NOT_STARTED
569341,NOT_STARTED
569369,NOT_STARTED
569461,NOT_STARTED
569479,NOT_STARTED
569513,NOT_STARTED
569537,NOT_STARTED
569551,NOT_STARTED
569623,NOT_STARTED
569717,NOT_STARTED
569777,NOT_STARTED
569779,NOT_STARTED
569873,NOT_STARTED
569939,NOT_STARTED
569983,NOT_STARTED
570001,NOT_STARTED
570049,NOT_STARTED
570113,NOT_STARTED
570193,NOT_STARTED
570241,NOT_STARTED
570263,NOT_STARTED
570269,NOT_STARTED
570271,NOT_STARTED
570289,NOT_STARTED
570293,NOT_STARTED
570359,NOT_STARTED
570433,NOT_STARTED
570437,NOT_STARTED
570439,NOT_STARTED
570623,NOT_STARTED
570719,NOT_STARTED
570755,NOT_STARTED
570797,NOT_STARTED
570803,NOT_STARTED
570887,NOT_STARTED
570923,NOT_STARTED
570977,NOT_STARTED
571051,NOT_STARTED
571057,NOT_STARTED
571079,NOT_STARTED
571111,NOT_STARTED
571177,NOT_STARTED
571231,NOT_STARTED
571233,NOT_STARTED
571289,NOT_STARTED
571339,NOT_STARTED
571347,NOT_STARTED
571369,NOT_STARTED
571457,NOT_STARTED
571483,NOT_STARTED
571489,NOT_STARTED
571493,NOT_STARTED
571501,NOT_STARTED
571507,NOT_STARTED
571549,NOT_STARTED
571559,NOT_STARTED
571603,NOT_STARTED
571679,NOT_STARTED
571721,NOT_STARTED
571741,NOT_STARTED
571759,NOT_STARTED
571811,NOT_STARTED
571819,NOT_STARTED
571877,NOT_STARTED
571891,NOT_STARTED
571943,NOT_STARTED
572003,NOT_STARTED
572107,NOT_STARTED
572111,NOT_STARTED
572183,NOT_STARTED
572189,NOT_STARTED
572197,NOT_STARTED
572207,NOT_STARTED
572209,NOT_STARTED
572251,NOT_STARTED
572337,NOT_STARTED
572461,NOT_STARTED
572669,NOT_STARTED
572713,NOT_STARTED
573061,NOT_STARTED
573067,NOT_STARTED
573179,NOT_STARTED
573199,NOT_STARTED
573217,NOT_STARTED
573347,NOT_STARTED
573349,NOT_STARTED
573383,NOT_STARTED
573395,NOT_STARTED
573437,NOT_STARTED
573529,NOT_STARTED
573533,NOT_STARTED
573599,NOT_STARTED
573607,NOT_STARTED
573613,NOT_STARTED
573623,NOT_STARTED
573637,NOT_STARTED
573653,NOT_STARTED
573691,NOT_STARTED
573697,NOT_STARTED
573767,NOT_STARTED
573791,NOT_STARTED
573887,NOT_STARTED
573901,NOT_STARTED
573907,NOT_STARTED
573911,NOT_STARTED
573983,NOT_STARTED
574013,NOT_STARTED
574069,NOT_STARTED
574109,NOT_STARTED
574129,NOT_STARTED
574183,NOT_STARTED
574201,NOT_STARTED
574309,NOT_STARTED
574339,NOT_STARTED
574381,NOT_STARTED
574403,NOT_STARTED
574451,NOT_STARTED
574463,NOT_STARTED
574517,NOT_STARTED
574537,NOT_STARTED
574549,NOT_STARTED
574577,NOT_STARTED
574579,NOT_STARTED
574601,NOT_STARTED
574753,NOT_STARTED
574825,NOT_STARTED
574859,NOT_STARTED
574861,NOT_STARTED
574863,NOT_STARTED
574865,NOT_STARTED
574879,NOT_STARTED
574883,NOT_STARTED
574919,NOT_STARTED
574979,NOT_STARTED
575033,NOT_STARTED
575035,NOT_STARTED
575101,NOT_STARTED
575159,NOT_STARTED
575183,NOT_STARTED
575279,NOT_STARTED
575281,NOT_STARTED
575293,NOT_STARTED
575303,NOT_STARTED
575317,NOT_STARTED
575321,NOT_STARTED
575323,NOT_STARTED
575327,NOT_STARTED
575333,NOT_STARTED
575371,NOT_STARTED
575387,NOT_STARTED
575431,NOT_STARTED
575459,NOT_STARTED
575515,NOT_STARTED
575521,NOT_STARTED
575531,NOT_STARTED
575611,NOT_STARTED
575779,NOT_STARTED
575809,NOT_STARTED
575969,NOT_STARTED
576055,NOT_STARTED
576061,NOT_STARTED
576067,NOT_STARTED
576233,NOT_STARTED
576241,NOT_STARTED
576243,NOT_STARTED
576265,NOT_STARTED
576403,NOT_STARTED
576587,NOT_STARTED
576593,NOT_STARTED
576599,NOT_STARTED
576703,NOT_STARTED
576769,NOT_STARTED
576791,NOT_STARTED
576795,NOT_STARTED
576803,NOT_STARTED
576809,NOT_STARTED
576841,NOT_STARTED
576859,NOT_STARTED
576913,NOT_STARTED
576923,NOT_STARTED
576953,NOT_STARTED
576977,NOT_STARTED
576983,NOT_STARTED
577009,NOT_STARTED
577043,NOT_STARTED
577111,NOT_STARTED
577133,NOT_STARTED
577219,NOT_STARTED
577235,NOT_STARTED
577283,NOT_STARTED
577313,NOT_STARTED
577363,NOT_STARTED
577369,NOT_STARTED
577399,NOT_STARTED
577405,NOT_STARTED
577427,NOT_STARTED
577483,NOT_STARTED
577489,NOT_STARTED
577559,NOT_STARTED
577697,NOT_STARTED
577703,NOT_STARTED
577729,NOT_STARTED
577817,NOT_STARTED
577831,NOT_STARTED
577849,NOT_STARTED
577879,NOT_STARTED
577961,NOT_STARTED
577981,NOT_STARTED
577987,NOT_STARTED
578063,NOT_STARTED
578137,NOT_STARTED
578213,NOT_STARTED
578379,NOT_STARTED
578423,NOT_STARTED
578443,NOT_STARTED
578509,NOT_STARTED
578539,NOT_STARTED
578665,NOT_STARTED
578667,NOT_STARTED
578705,NOT_STARTED
578747,NOT_STARTED
578789,NOT_STARTED
578843,NOT_STARTED
578861,NOT_STARTED
578867,NOT_STARTED
578929,NOT_STARTED
578937,NOT_STARTED
578939,NOT_STARTED
578981,NOT_STARTED
579023,NOT_STARTED
579025,NOT_STARTED
579031,NOT_STARTED
579053,NOT_STARTED
579089,NOT_STARTED
579143,NOT_STARTED
579157,NOT_STARTED
579289,NOT_STARTED
579339,NOT_STARTED
579379,NOT_STARTED
579389,NOT_STARTED
579409,NOT_STARTED
579437,NOT_STARTED
579451,NOT_STARTED
579503,NOT_STARTED
579545,NOT_STARTED
579679,NOT_STARTED
579737,NOT_STARTED
579739,NOT_STARTED
579743,NOT_STARTED
579811,NOT_STARTED
579829,NOT_STARTED
579907,NOT_STARTED
579911,NOT_STARTED
579925,NOT_STARTED
579983,NOT_STARTED
580039,NOT_STARTED
580051,NOT_STARTED
580099,NOT_STARTED
580133,NOT_STARTED
580135,NOT_STARTED
580141,NOT_STARTED
580145,NOT_STARTED
580249,NOT_STARTED
580267,NOT_STARTED
580303,NOT_STARTED
580313,NOT_STARTED
580391,NOT_STARTED
580403,NOT_STARTED
580421,NOT_STARTED
580441,NOT_STARTED
580491,NOT_STARTED
580499,NOT_STARTED
580501,NOT_STARTED
580531,NOT_STARTED
580673,NOT_STARTED
580697,NOT_STARTED
580733,NOT_STARTED
580763,NOT_STARTED
580813,NOT_STARTED
580823,NOT_STARTED
581003,NOT_STARTED
581101,NOT_STARTED
581107,NOT_STARTED
581393,NOT_STARTED
581491,NOT_STARTED
581501,NOT_STARTED
581507,NOT_STARTED
581603,NOT_STARTED
581767,NOT_STARTED
581843,NOT_STARTED
581873,NOT_STARTED
581923,NOT_STARTED
581929,NOT_STARTED
581957,NOT_STARTED
581989,NOT_STARTED
582089,NOT_STARTED
582097,NOT_STARTED
582251,NOT_STARTED
582257,NOT_STARTED
582259,NOT_STARTED
582269,NOT_STARTED
582271,NOT_STARTED
582319,NOT_STARTED
582323,NOT_STARTED
582337,NOT_STARTED
582371,NOT_STARTED
582373,NOT_STARTED
582409,NOT_STARTED
582439,NOT_STARTED
582473,NOT_STARTED
582475,NOT_STARTED
582511,NOT_STARTED
582563,NOT_STARTED
582567,NOT_STARTED
582653,NOT_STARTED
582781,NOT_STARTED
582823,NOT_STARTED
582827,NOT_STARTED
582865,NOT_STARTED
582901,NOT_STARTED
582913,NOT_STARTED
583039,NOT_STARTED
583041,NOT_STARTED
583103,NOT_STARTED
583193,NOT_STARTED
583303,NOT_STARTED
583547,NOT_STARTED
583549,NOT_STARTED
583583,NOT_STARTED
583673,NOT_STARTED
583705,NOT_STARTED
583735,NOT_STARTED
583739,NOT_STARTED
583805,NOT_STARTED
583807,NOT_STARTED
583813,NOT_STARTED
583823,NOT_STARTED
583883,NOT_STARTED
583919,NOT_STARTED
583945,NOT_STARTED
583955,NOT_STARTED
584039,NOT_STARTED
584099,NOT_STARTED
584203,NOT_STARTED
584219,NOT_STARTED
584231,NOT_STARTED
584261,NOT_STARTED
584285,NOT_STARTED
584307,NOT_STARTED
584393,NOT_STARTED
584447,NOT_STARTED
584483,NOT_STARTED
584513,NOT_STARTED
584539,NOT_STARTED
584749,NOT_STARTED
584809,NOT_STARTED
584811,NOT_STARTED
584825,NOT_STARTED
584849,NOT_STARTED
585083,NOT_STARTED
585169,NOT_STARTED
585173,NOT_STARTED
585175,NOT_STARTED
585187,NOT_STARTED
585293,NOT_STARTED
585319,NOT_STARTED
585391,NOT_STARTED
585413,NOT_STARTED
585473,NOT_STARTED
585521,NOT_STARTED
585523,NOT_STARTED
585631,NOT_STARTED
585677,NOT_STARTED
585691,NOT_STARTED
585703,NOT_STARTED
585773,NOT_STARTED
585781,NOT_STARTED
585801,NOT_STARTED
585811,NOT_STARTED
585929,NOT_STARTED
586009,NOT_STARTED
586017,NOT_STARTED
586037,NOT_STARTED
586073,NOT_STARTED
586087,NOT_STARTED
586193,NOT_STARTED
586199,NOT_STARTED
586213,NOT_STARTED
586219,NOT_STARTED
586389,NOT_STARTED
586475,NOT_STARTED
586507,NOT_STARTED
586549,NOT_STARTED
586613,NOT_STARTED
586645,NOT_STARTED
586649,NOT_STARTED
586669,NOT_STARTED
586697,NOT_STARTED
586819,NOT_STARTED
586823,NOT_STARTED
586879,NOT_STARTED
586883,NOT_STARTED
586939,NOT_STARTED
586981,NOT_STARTED
586993,NOT_STARTED
587303,NOT_STARTED
587305,NOT_STARTED
587311,NOT_STARTED
587327,NOT_STARTED
587387,NOT_STARTED
587399,NOT_STARTED
587419,NOT_STARTED
587473,NOT_STARTED
587603,NOT_STARTED
587791,NOT_STARTED
587867,NOT_STARTED
587903,NOT_STARTED
587909,NOT_STARTED
588131,NOT_STARTED
588203,NOT_STARTED
588263,NOT_STARTED
588293,NOT_STARTED
588361,NOT_STARTED
588437,NOT_STARTED
588439,NOT_STARTED
588467,NOT_STARTED
588589,NOT_STARTED
588593,NOT_STARTED
588703,NOT_STARTED
588713,NOT_STARTED
588743,NOT_STARTED
588745,NOT_STARTED
588959,NOT_STARTED
588983,NOT_STARTED
589067,NOT_STARTED
589081,NOT_STARTED
589087,NOT_STARTED
589111,NOT_STARTED
589249,NOT_STARTED
589307,NOT_STARTED
589357,NOT_STARTED
589367,NOT_STARTED
589397,NOT_STARTED
589417,NOT_STARTED
589453,NOT_STARTED
589535,NOT_STARTED
589565,NOT_STARTED
589651,NOT_STARTED
589681,NOT_STARTED
589687,NOT_STARTED
589693,NOT_STARTED
589723,NOT_STARTED
589733,NOT_STARTED
589763,NOT_STARTED
589769,NOT_STARTED
589793,NOT_STARTED
589867,NOT_STARTED
589963,NOT_STARTED
589973,NOT_STARTED
590047,NOT_STARTED
590101,NOT_STARTED
590173,NOT_STARTED
590225,NOT_STARTED
590389,NOT_STARTED
590413,NOT_STARTED
590417,NOT_STARTED
590449,NOT_STARTED
590489,NOT_STARTED
590503,NOT_STARTED
590509,NOT_STARTED
590575,NOT_STARTED
590599,NOT_STARTED
590777,NOT_STARTED
590845,NOT_STARTED
590849,NOT_STARTED
590879,NOT_STARTED
590939,NOT_STARTED
590945,NOT_STARTED
591001,NOT_STARTED
591091,NOT_STARTED
591167,NOT_STARTED
591197,NOT_STARTED
591199,NOT_STARTED
591203,NOT_STARTED
591205,NOT_STARTED
591209,NOT_STARTED
591215,NOT_STARTED
591233,NOT_STARTED
591235,NOT_STARTED
591241,NOT_STARTED
591323,NOT_STARTED
591355,NOT_STARTED
591377,NOT_STARTED
591443,NOT_STARTED
591475,NOT_STARTED
591511,NOT_STARTED
591559,NOT_STARTED
591561,NOT_STARTED
591581,NOT_STARTED
591623,NOT_STARTED
591629,NOT_STARTED
591691,NOT_STARTED
591721,NOT_STARTED
591761,NOT_STARTED
591791,NOT_STARTED
591853,NOT_STARTED
591907,NOT_STARTED
591923,NOT_STARTED
591937,NOT_STARTED
591977,NOT_STARTED
592073,NOT_STARTED
592139,NOT_STARTED
592147,NOT_STARTED
592171,NOT_STARTED
592411,NOT_STARTED
592429,NOT_STARTED
592469,NOT_STARTED
592625,NOT_STARTED
592703,NOT_STARTED
592793,NOT_STARTED
592799,NOT_STARTED
592879,NOT_STARTED
592883,NOT_STARTED
592939,NOT_STARTED
592973,NOT_STARTED
593123,NOT_STARTED
593149,NOT_STARTED
593273,NOT_STARTED
593329,NOT_STARTED
593339,NOT_STARTED
593407,NOT_STARTED
593449,NOT_STARTED
593521,NOT_STARTED
593549,NOT_STARTED
593605,NOT_STARTED
593669,NOT_STARTED
593689,NOT_STARTED
593717,NOT_STARTED
593719,NOT_STARTED
593723,NOT_STARTED
593725,NOT_STARTED
593729,NOT_STARTED
593731,NOT_STARTED
593753,NOT_STARTED
593783,NOT_STARTED
593785,NOT_STARTED
593801,NOT_STARTED
593875,NOT_STARTED
593881,NOT_STARTED
593885,NOT_STARTED
593911,NOT_STARTED
593999,NOT_STARTED
594023,NOT_STARTED
594037,NOT_STARTED
594059,NOT_STARTED
594061,NOT_STARTED
594067,NOT_STARTED
594077,NOT_STARTED
594329,NOT_STARTED
594427,NOT_STARTED
594439,NOT_STARTED
594481,NOT_STARTED
594583,NOT_STARTED
594599,NOT_STARTED
594623,NOT_STARTED
594679,NOT_STARTED
594683,NOT_STARTED
594725,NOT_STARTED
594755,NOT_STARTED
594773,NOT_STARTED
594799,NOT_STARTED
594843,NOT_STARTED
594863,NOT_STARTED
594869,NOT_STARTED
594931,NOT_STARTED
594933,NOT_STARTED
594989,NOT_STARTED
595097,NOT_STARTED
595099,NOT_STARTED
595103,NOT_STARTED
595159,NOT_STARTED
595183,NOT_STARTED
595291,NOT_STARTED
595321,NOT_STARTED
595385,NOT_STARTED
595397,NOT_STARTED
595415,NOT_STARTED
595433,NOT_STARTED
595495,NOT_STARTED
595551,NOT_STARTED
595553,NOT_STARTED
595613,NOT_STARTED
595649,NOT_STARTED
595657,NOT_STARTED
595661,NOT_STARTED
595663,NOT_STARTED
595667,NOT_STARTED
595719,NOT_STARTED
595721,NOT_STARTED
595771,NOT_STARTED
595783,NOT_STARTED
595823,NOT_STARTED
595829,NOT_STARTED
595853,NOT_STARTED
595855,NOT_STARTED
595879,NOT_STARTED
595901,NOT_STARTED
595913,NOT_STARTED
596029,NOT_STARTED
596159,NOT_STARTED
596185,NOT_STARTED
596213,NOT_STARTED
596299,NOT_STARTED
596317,NOT_STARTED
596341,NOT_STARTED
596381,NOT_STARTED
596431,NOT_STARTED
596441,NOT_STARTED
596469,NOT_STARTED
596509,NOT_STARTED
596549,NOT_STARTED
596633,NOT_STARTED
596711,NOT_STARTED
596723,NOT_STARTED
596749,NOT_STARTED
596941,NOT_STARTED
596997,NOT_STARTED
597001,NOT_STARTED
597007,NOT_STARTED
597031,NOT_STARTED
597035,NOT_STARTED
597073,NOT_STARTED
597085,NOT_STARTED
597139,NOT_STARTED
597151,NOT_STARTED
597169,NOT_STARTED
597179,NOT_STARTED
597277,NOT_STARTED
597283,NOT_STARTED
597313,NOT_STARTED
597437,NOT_STARTED
597451,NOT_STARTED
597503,NOT_STARTED
597559,NOT_STARTED
597599,NOT_STARTED
597613,NOT_STARTED
597617,NOT_STARTED
597623,NOT_STARTED
597709,NOT_STARTED
597733,NOT_STARTED
597803,NOT_STARTED
597901,NOT_STARTED
597941,NOT_STARTED
597947,NOT_STARTED
597967,NOT_STARTED
598057,NOT_STARTED
598079,NOT_STARTED
598099,NOT_STARTED
598103,NOT_STARTED
598105,NOT_STARTED
598205,NOT_STARTED
598233,NOT_STARTED
598237,NOT_STARTED
598243,NOT_STARTED
598271,NOT_STARTED
598277,NOT_STARTED
598333,NOT_STARTED
598343,NOT_STARTED
598345,NOT_STARTED
598519,NOT_STARTED
598541,NOT_STARTED
598577,NOT_STARTED
598589,NOT_STARTED
598613,NOT_STARTED
598693,NOT_STARTED
598741,NOT_STARTED
598743,NOT_STARTED
598747,NOT_STARTED
598799,NOT_STARTED
598817,NOT_STARTED
598933,NOT_STARTED
599041,NOT_STARTED
599101,NOT_STARTED
599119,NOT_STARTED
599167,NOT_STARTED
599173,NOT_STARTED
599255,NOT_STARTED
599281,NOT_STARTED
599321,NOT_STARTED
599329,NOT_STARTED
599429,NOT_STARTED
599441,NOT_STARTED
599453,NOT_STARTED
599479,NOT_STARTED
599537,NOT_STARTED
599563,NOT_STARTED
599573,NOT_STARTED
599629,NOT_STARTED
599633,NOT_STARTED
599663,NOT_STARTED
599783,NOT_STARTED
599785,NOT_STARTED
599905,NOT_STARTED
599909,NOT_STARTED
599963,NOT_STARTED
600023,NOT_STARTED
600073,NOT_STARTED
600109,NOT_STARTED
600115,NOT_STARTED
600125,NOT_STARTED
600127,NOT_STARTED
600131,NOT_STARTED
600143,NOT_STARTED
600173,NOT_STARTED
600319,NOT_STARTED
600373,NOT_STARTED
600383,NOT_STARTED
600473,NOT_STARTED
600499,NOT_STARTED
600529,NOT_STARTED
600533,NOT_STARTED
600583,NOT_STARTED
600589,NOT_STARTED
600703,NOT_STARTED
600761,NOT_STARTED
600767,NOT_STARTED
600773,NOT_STARTED
600803,NOT_STARTED
600805,NOT_STARTED
600901,NOT_STARTED
600983,NOT_STARTED
600989,NOT_STARTED
600995,NOT_STARTED
601001,NOT_STARTED
601043,NOT_STARTED
601103,NOT_STARTED
601129,NOT_STARTED
601153,NOT_STARTED
601361,NOT_STARTED
601487,NOT_STARTED
601507,NOT_STARTED
601523,NOT_STARTED
601565,NOT_STARTED
601571,NOT_STARTED
601609,NOT_STARTED
601633,NOT_STARTED
601699,NOT_STARTED
601703,NOT_STARTED
601729,NOT_STARTED
601835,NOT_STARTED
601855,NOT_STARTED
601903,NOT_STARTED
601925,NOT_STARTED
601991,NOT_STARTED
602003,NOT_STARTED
602057,NOT_STARTED
602117,NOT_STARTED
602119,NOT_STARTED
602153,NOT_STARTED
602179,NOT_STARTED
602243,NOT_STARTED
602389,NOT_STARTED
602411,NOT_STARTED
602551,NOT_STARTED
602567,NOT_STARTED
602573,NOT_STARTED
602729,NOT_STARTED
602957,NOT_STARTED
603077,NOT_STARTED
603265,NOT_STARTED
603269,NOT_STARTED
603319,NOT_STARTED
603349,NOT_STARTED
603355,NOT_STARTED
603401,NOT_STARTED
603413,NOT_STARTED
603503,NOT_STARTED
603569,NOT_STARTED
603571,NOT_STARTED
603627,NOT_STARTED
604017,NOT_STARTED
604033,NOT_STARTED
604097,NOT_STARTED
604111,NOT_STARTED
604119,NOT_STARTED
604135,NOT_STARTED
604137,NOT_STARTED
604147,NOT_STARTED
604151,NOT_STARTED
604171,NOT_STARTED
604277,NOT_STARTED
604459,NOT_STARTED
604493,NOT_STARTED
604529,NOT_STARTED
604537,NOT_STARTED
604559,NOT_STARTED
604561,NOT_STARTED
604621,NOT_STARTED
604661,NOT_STARTED
604667,NOT_STARTED
604801,NOT_STARTED
604837,NOT_STARTED
604983,NOT_STARTED
605027,NOT_STARTED
605051,NOT_STARTED
605099,NOT_STARTED
605137,NOT_STARTED
605147,NOT_STARTED
605177,NOT_STARTED
605203,NOT_STARTED
605263,NOT_STARTED
605269,NOT_STARTED
605273,NOT_STARTED
605279,NOT_STARTED
605281,NOT_STARTED
605419,NOT_STARTED
605509,NOT_STARTED
605551,NOT_STARTED
605573,NOT_STARTED
605659,NOT_STARTED
605687,NOT_STARTED
605693,NOT_STARTED
605719,NOT_STARTED
605737,NOT_STARTED
605755,NOT_STARTED
605761,NOT_STARTED
605789,NOT_STARTED
605963,NOT_STARTED
606133,NOT_STARTED
606155,NOT_STARTED
606185,NOT_STARTED
606199,NOT_STARTED
606251,NOT_STARTED
606349,NOT_STARTED
606353,NOT_STARTED
606355,NOT_STARTED
606391,NOT_STARTED
606473,NOT_STARTED
606547,NOT_STARTED
606589,NOT_STARTED
606593,NOT_STARTED
606607,NOT_STARTED
606623,NOT_STARTED
606659,NOT_STARTED
606683,NOT_STARTED
606695,NOT_STARTED
606707,NOT_STARTED
606757,NOT_STARTED
606797,NOT_STARTED
606901,NOT_STARTED
606919,NOT_STARTED
607109,NOT_STARTED
607219,NOT_STARTED
607363,NOT_STARTED
607387,NOT_STARTED
607423,NOT_STARTED
607471,NOT_STARTED
607493,NOT_STARTED
607549,NOT_STARTED
607553,NOT_STARTED
607645,NOT_STARTED
607703,NOT_STARTED
607747,NOT_STARTED
607751,NOT_STARTED
607757,NOT_STARTED
607771,NOT_STARTED
607795,NOT_STARTED
607847,NOT_STARTED
607973,NOT_STARTED
607993,NOT_STARTED
607997,NOT_STARTED
608039,NOT_STARTED
608047,NOT_STARTED
608063,NOT_STARTED
608099,NOT_STARTED
608147,NOT_STARTED
608163,NOT_STARTED
608219,NOT_STARTED
608227,NOT_STARTED
608245,NOT_STARTED
608251,NOT_STARTED
608317,NOT_STARTED
608431,NOT_STARTED
608483,NOT_STARTED
608537,NOT_STARTED
608553,NOT_STARTED
608639,NOT_STARTED
608701,NOT_STARTED
608717,NOT_STARTED
608723,NOT_STARTED
608771,NOT_STARTED
608789,NOT_STARTED
608807,NOT_STARTED
608905,NOT_STARTED
608927,NOT_STARTED
608963,NOT_STARTED
609005,NOT_STARTED
609013,NOT_STARTED
609125,NOT_STARTED
609129,NOT_STARTED
609173,NOT_STARTED
609179,NOT_STARTED
609181,NOT_STARTED
609293,NOT_STARTED
609317,NOT_STARTED
609407,NOT_STARTED
609443,NOT_STARTED
609451,NOT_STARTED
609547,NOT_STARTED
609643,NOT_STARTED
609653,NOT_STARTED
609823,NOT_STARTED
609833,NOT_STARTED
609835,NOT_STARTED
609943,NOT_STARTED
609997,NOT_STARTED
610003,NOT_STARTED
610043,NOT_STARTED
610069,NOT_STARTED
610081,NOT_STARTED
610087,NOT_STARTED
610097,NOT_STARTED
610099,NOT_STARTED
610101,NOT_STARTED
610105,NOT_STARTED
610109,NOT_STARTED
610127,NOT_STARTED
610129,NOT_STARTED
610133,NOT_STARTED
610231,NOT_STARTED
610249,NOT_STARTED
610251,NOT_STARTED
610363,NOT_STARTED
610475,NOT_STARTED
610477,NOT_STARTED
610483,NOT_STARTED
610487,NOT_STARTED
610513,NOT_STARTED
610591,NOT_STARTED
610595,NOT_STARTED
610601,NOT_STARTED
610891,NOT_STARTED
610973,NOT_STARTED
611153,NOT_STARTED
611171,NOT_STARTED
611297,NOT_STARTED
611333,NOT_STARTED
611341,NOT_STARTED
611343,NOT_STARTED
611349,NOT_STARTED
611357,NOT_STARTED
611359,NOT_STARTED
611497,NOT_STARTED
611509,NOT_STARTED
611561,NOT_STARTED
611567,NOT_STARTED
611603,NOT_STARTED
611671,NOT_STARTED
611693,NOT_STARTED
611729,NOT_STARTED
611731,NOT_STARTED
611809,NOT_STARTED
611843,NOT_STARTED
612083,NOT_STARTED
612115,NOT_STARTED
612119,NOT_STARTED
612271,NOT_STARTED
612283,NOT_STARTED
612349,NOT_STARTED
612445,NOT_STARTED
612451,NOT_STARTED
612455,NOT_STARTED
612463,NOT_STARTED
612511,NOT_STARTED
612527,NOT_STARTED
612533,NOT_STARTED
612535,NOT_STARTED
612539,NOT_STARTED
612559,NOT_STARTED
612613,NOT_STARTED
612685,NOT_STARTED
612739,NOT_STARTED
612773,NOT_STARTED
612901,NOT_STARTED
612905,NOT_STARTED
612929,NOT_STARTED
612953,NOT_STARTED
613073,NOT_STARTED
613099,NOT_STARTED
613127,NOT_STARTED
613253,NOT_STARTED
613319,NOT_STARTED
613339,NOT_STARTED
613343,NOT_STARTED
613367,NOT_STARTED
613385,NOT_STARTED
613471,NOT_STARTED
613531,NOT_STARTED
613579,NOT_STARTED
613615,NOT_STARTED
613637,NOT_STARTED
613675,NOT_STARTED
613699,NOT_STARTED
613707,NOT_STARTED
613771,NOT_STARTED
613783,NOT_STARTED
613789,NOT_STARTED
613849,NOT_STARTED
613869,NOT_STARTED
613907,NOT_STARTED
613909,NOT_STARTED
613913,NOT_STARTED
613933,NOT_STARTED
613957,NOT_STARTED
613969,NOT_STARTED
614003,NOT_STARTED
614005,NOT_STARTED
614013,NOT_STARTED
614015,NOT_STARTED
614021,NOT_STARTED
614041,NOT_STARTED
614129,NOT_STARTED
614153,NOT_STARTED
614183,NOT_STARTED
614189,NOT_STARTED
614201,NOT_STARTED
614219,NOT_STARTED
614237,NOT_STARTED
614241,NOT_STARTED
614267,NOT_STARTED
614297,NOT_STARTED
614299,NOT_STARTED
614303,NOT_STARTED
614339,NOT_STARTED
614363,NOT_STARTED
614393,NOT_STARTED
614443,NOT_STARTED
614447,NOT_STARTED
614453,NOT_STARTED
614633,NOT_STARTED
614761,NOT_STARTED
614777,NOT_STARTED
614807,NOT_STARTED
614831,NOT_STARTED
614863,NOT_STARTED
614881,NOT_STARTED
614927,NOT_STARTED
614933,NOT_STARTED
615007,NOT_STARTED
615109,NOT_STARTED
615119,NOT_STARTED
615139,NOT_STARTED
615161,NOT_STARTED
615167,NOT_STARTED
615169,NOT_STARTED
615173,NOT_STARTED
615203,NOT_STARTED
615233,NOT_STARTED
615269,NOT_STARTED
615275,NOT_STARTED
615317,NOT_STARTED
615323,NOT_STARTED
615413,NOT_STARTED
615449,NOT_STARTED
615473,NOT_STARTED
615559,NOT_STARTED
615563,NOT_STARTED
615577,NOT_STARTED
615581,NOT_STARTED
615631,NOT_STARTED
615637,NOT_STARTED
615775,NOT_STARTED
615799,NOT_STARTED
615803,NOT_STARTED
615835,NOT_STARTED
615839,NOT_STARTED
615851,NOT_STARTED
615857,NOT_STARTED
615887,NOT_STARTED
615973,NOT_STARTED
615977,NOT_STARTED
615983,NOT_STARTED
616027,NOT_STARTED
616031,NOT_STARTED
616033,NOT_STARTED
616327,NOT_STARTED
616333,NOT_STARTED
616339,NOT_STARTED
616341,NOT_STARTED
616343,NOT_STARTED
616367,NOT_STARTED
616445,NOT_STARTED
616463,NOT_STARTED
616537,NOT_STARTED
616559,NOT_STARTED
616619,NOT_STARTED
616645,NOT_STARTED
616673,NOT_STARTED
616801,NOT_STARTED
616853,NOT_STARTED
616913,NOT_STARTED
617063,NOT_STARTED
617197,NOT_STARTED
617213,NOT_STARTED
617341,NOT_STARTED
617387,NOT_STARTED
617453,NOT_STARTED
617487,NOT_STARTED
617537,NOT_STARTED
617539,NOT_STARTED
617543,NOT_STARTED
617627,NOT_STARTED
617741,NOT_STARTED
617821,NOT_STARTED
617887,NOT_STARTED
617893,NOT_STARTED
617903,NOT_STARTED
617923,NOT_STARTED
617933,NOT_STARTED
617983,NOT_STARTED
617987,NOT_STARTED
617993,NOT_STARTED
617999,NOT_STARTED
618001,NOT_STARTED
618139,NOT_STARTED
618143,NOT_STARTED
618173,NOT_STARTED
618179,NOT_STARTED
618209,NOT_STARTED
618379,NOT_STARTED
618487,NOT_STARTED
618523,NOT_STARTED
618593,NOT_STARTED
618601,NOT_STARTED
618643,NOT_STARTED
618653,NOT_STARTED
618679,NOT_STARTED
618685,NOT_STARTED
618725,NOT_STARTED
618727,NOT_STARTED
618745,NOT_STARTED
618747,NOT_STARTED
618767,NOT_STARTED
618769,NOT_STARTED
618773,NOT_STARTED
618787,NOT_STARTED
618809,NOT_STARTED
618869,NOT_STARTED
618883,NOT_STARTED
618893,NOT_STARTED
618895,NOT_STARTED
619069,NOT_STARTED
619099,NOT_STARTED
619147,NOT_STARTED
619193,NOT_STARTED
619279,NOT_STARTED
619283,NOT_STARTED
619313,NOT_STARTED
619343,NOT_STARTED
619349,NOT_STARTED
619397,NOT_STARTED
619411,NOT_STARTED
619417,NOT_STARTED
619435,NOT_STARTED
619441,NOT_STARTED
619483,NOT_STARTED
619489,NOT_STARTED
619523,NOT_STARTED
619627,NOT_STARTED
619639,NOT_STARTED
619715,NOT_STARTED
619793,NOT_STARTED
619883,NOT_STARTED
619931,NOT_STARTED
619957,NOT_STARTED
620015,NOT_STARTED
620041,NOT_STARTED
620051,NOT_STARTED
620059,NOT_STARTED
620077,NOT_STARTED
620119,NOT_STARTED
620131,NOT_STARTED
620141,NOT_STARTED
620449,NOT_STARTED
620469,NOT_STARTED
620581,NOT_STARTED
620671,NOT_STARTED
620793,NOT_STARTED
620795,NOT_STARTED
620869,NOT_STARTED
620933,NOT_STARTED
620957,NOT_STARTED
621031,NOT_STARTED
621113,NOT_STARTED
621143,NOT_STARTED
621151,NOT_STARTED
621157,NOT_STARTED
621167,NOT_STARTED
621181,NOT_STARTED
621187,NOT_STARTED
621259,NOT_STARTED
621263,NOT_STARTED
621265,NOT_STARTED
621317,NOT_STARTED
621433,NOT_STARTED
621491,NOT_STARTED
621545,NOT_STARTED
621547,NOT_STARTED
621559,NOT_STARTED
621583,NOT_STARTED
621593,NOT_STARTED
621641,NOT_STARTED
621679,NOT_STARTED
621833,NOT_STARTED
621923,NOT_STARTED
621953,NOT_STARTED
622021,NOT_STARTED
622133,NOT_STARTED
622159,NOT_STARTED
622189,NOT_STARTED
622219,NOT_STARTED
622279,NOT_STARTED
622375,NOT_STARTED
622409,NOT_STARTED
622411,NOT_STARTED
622429,NOT_STARTED
622433,NOT_STARTED
622441,NOT_STARTED
622459,NOT_STARTED
622493,NOT_STARTED
622583,NOT_STARTED
622673,NOT_STARTED
622729,NOT_STARTED
622757,NOT_STARTED
622799,NOT_STARTED
622823,NOT_STARTED
622829,NOT_STARTED
622907,NOT_STARTED
622913,NOT_STARTED
622973,NOT_STARTED
623029,NOT_STARTED
623081,NOT_STARTED
623111,NOT_STARTED
623117,NOT_STARTED
623119,NOT_STARTED
623137,NOT_STARTED
623143,NOT_STARTED
623149,NOT_STARTED
623153,NOT_STARTED
623187,NOT_STARTED
623191,NOT_STARTED
623303,NOT_STARTED
623453,NOT_STARTED
623491,NOT_STARTED
623495,NOT_STARTED
623497,NOT_STARTED
623545,NOT_STARTED
623591,NOT_STARTED
623593,NOT_STARTED
623597,NOT_STARTED
623599,NOT_STARTED
623699,NOT_STARTED
623749,NOT_STARTED
623773,NOT_STARTED
623779,NOT_STARTED
623785,NOT_STARTED
623791,NOT_STARTED
623811,NOT_STARTED
623815,NOT_STARTED
623933,NOT_STARTED
623963,NOT_STARTED
623993,NOT_STARTED
624011,NOT_STARTED
624149,NOT_STARTED
624163,NOT_STARTED
624215,NOT_STARTED
624277,NOT_STARTED
624283,NOT_STARTED
624293,NOT_STARTED
624371,NOT_STARTED
624607,NOT_STARTED
624623,NOT_STARTED
624865,NOT_STARTED
624869,NOT_STARTED
624875,NOT_STARTED
624877,NOT_STARTED
624881,NOT_STARTED
624899,NOT_STARTED
624903,NOT_STARTED
624917,NOT_STARTED
624923,NOT_STARTED
624931,NOT_STARTED
624947,NOT_STARTED
625007,NOT_STARTED
625067,NOT_STARTED
625115,NOT_STARTED
625133,NOT_STARTED
625321,NOT_STARTED
625383,NOT_STARTED
625429,NOT_STARTED
625433,NOT_STARTED
625463,NOT_STARTED
625489,NOT_STARTED
625493,NOT_STARTED
625529,NOT_STARTED
625553,NOT_STARTED
625567,NOT_STARTED
625669,NOT_STARTED
625699,NOT_STARTED
625717,NOT_STARTED
625727,NOT_STARTED
625763,NOT_STARTED
625837,NOT_STARTED
625843,NOT_STARTED
626013,NOT_STARTED
626015,NOT_STARTED
626063,NOT_STARTED
626065,NOT_STARTED
626071,NOT_STARTED
626077,NOT_STARTED
626083,NOT_STARTED
626215,NOT_STARTED
626261,NOT_STARTED
626269,NOT_STARTED
626273,NOT_STARTED
626293,NOT_STARTED
626299,NOT_STARTED
626393,NOT_STARTED
626401,NOT_STARTED
626403,NOT_STARTED
626443,NOT_STARTED
626497,NOT_STARTED
626509,NOT_STARTED
626551,NOT_STARTED
626723,NOT_STARTED
626839,NOT_STARTED
626873,NOT_STARTED
626999,NOT_STARTED
627139,NOT_STARTED
627145,NOT_STARTED
627217,NOT_STARTED
627271,NOT_STARTED
627331,NOT_STARTED
627391,NOT_STARTED
627407,NOT_STARTED
627409,NOT_STARTED
627443,NOT_STARTED
627457,NOT_STARTED
627461,NOT_STARTED
627491,NOT_STARTED
627511,NOT_STARTED
627521,NOT_STARTED
627569,NOT_STARTED
627571,NOT_STARTED
627679,NOT_STARTED
627811,NOT_STARTED
627815,NOT_STARTED
627817,NOT_STARTED
627821,NOT_STARTED
627829,NOT_STARTED
627859,NOT_STARTED
627863,NOT_STARTED
627919,NOT_STARTED
627977,NOT_STARTED
627991,NOT_STARTED
628067,NOT_STARTED
628069,NOT_STARTED
628097,NOT_STARTED
628141,NOT_STARTED
628147,NOT_STARTED
628271,NOT_STARTED
628321,NOT_STARTED
628327,NOT_STARTED
628337,NOT_STARTED
628339,NOT_STARTED
628343,NOT_STARTED
628399,NOT_STARTED
628409,NOT_STARTED
628441,NOT_STARTED
628499,NOT_STARTED
628505,NOT_STARTED
628533,NOT_STARTED
628569,NOT_STARTED
628619,NOT_STARTED
628739,NOT_STARTED
628763,NOT_STARTED
628819,NOT_STARTED
628883,NOT_STARTED
628943,NOT_STARTED
628951,NOT_STARTED
629029,NOT_STARTED
629031,NOT_STARTED
629061,NOT_STARTED
629063,NOT_STARTED
629093,NOT_STARTED
629117,NOT_STARTED
629143,NOT_STARTED
629149,NOT_STARTED
629153,NOT_STARTED
629183,NOT_STARTED
629213,NOT_STARTED
629215,NOT_STARTED
629219,NOT_STARTED
629225,NOT_STARTED
629267,NOT_STARTED
629315,NOT_STARTED
629351,NOT_STARTED
629353,NOT_STARTED
629429,NOT_STARTED
629569,NOT_STARTED
629623,NOT_STARTED
629629,NOT_STARTED
629633,NOT_STARTED
629635,NOT_STARTED
629639,NOT_STARTED
629821,NOT_STARTED
629843,NOT_STARTED
629939,NOT_STARTED
629989,NOT_STARTED
630029,NOT_STARTED
630043,NOT_STARTED
630047,NOT_STARTED
630049,NOT_STARTED
630053,NOT_STARTED
630067,NOT_STARTED
630073,NOT_STARTED
630079,NOT_STARTED
630109,NOT_STARTED
630199,NOT_STARTED
630201,NOT_STARTED
630209,NOT_STARTED
630233,NOT_STARTED
630271,NOT_STARTED
630329,NOT_STARTED
630361,NOT_STARTED
630363,NOT_STARTED
630415,NOT_STARTED
630437,NOT_STARTED
630493,NOT_STARTED
630533,NOT_STARTED
630541,NOT_STARTED
630613,NOT_STARTED
630623,NOT_STARTED
630635,NOT_STARTED
630659,NOT_STARTED
630691,NOT_STARTED
630739,NOT_STARTED
630743,NOT_STARTED
630749,NOT_STARTED
630761,NOT_STARTED
630763,NOT_STARTED
630803,NOT_STARTED
630841,NOT_STARTED
630845,NOT_STARTED
630923,NOT_STARTED
630941,NOT_STARTED
630947,NOT_STARTED
630969,NOT_STARTED
630977,NOT_STARTED
631021,NOT_STARTED
631043,NOT_STARTED
631103,NOT_STARTED
631157,NOT_STARTED
631205,NOT_STARTED
631273,NOT_STARTED
631315,NOT_STARTED
631343,NOT_STARTED
631361,NOT_STARTED
631367,NOT_STARTED
631369,NOT_STARTED
631411,NOT_STARTED
631415,NOT_STARTED
631429,NOT_STARTED
631435,NOT_STARTED
631537,NOT_STARTED
631559,NOT_STARTED
631583,NOT_STARTED
631645,NOT_STARTED
631693,NOT_STARTED
631763,NOT_STARTED
631767,NOT_STARTED
631771,NOT_STARTED
631793,NOT_STARTED
631823,NOT_STARTED
631829,NOT_STARTED
631945,NOT_STARTED
631957,NOT_STARTED
631999,NOT_STARTED
632047,NOT_STARTED
632059,NOT_STARTED
632123,NOT_STARTED
632153,NOT_STARTED
632155,NOT_STARTED
632167,NOT_STARTED
632273,NOT_STARTED
632299,NOT_STARTED
632425,NOT_STARTED
632503,NOT_STARTED
632507,NOT_STARTED
632531,NOT_STARTED
632537,NOT_STARTED
632543,NOT_STARTED
632573,NOT_STARTED
632633,NOT_STARTED
632677,NOT_STARTED
632717,NOT_STARTED
632721,NOT_STARTED
632725,NOT_STARTED
632749,NOT_STARTED
632791,NOT_STARTED
632813,NOT_STARTED
632821,NOT_STARTED
632857,NOT_STARTED
632861,NOT_STARTED
632869,NOT_STARTED
633053,NOT_STARTED
633097,NOT_STARTED
633169,NOT_STARTED
633323,NOT_STARTED
633341,NOT_STARTED
633407,NOT_STARTED
633413,NOT_STARTED
633427,NOT_STARTED
633511,NOT_STARTED
633533,NOT_STARTED
633541,NOT_STARTED
633571,NOT_STARTED
633599,NOT_STARTED
633601,NOT_STARTED
633691,NOT_STARTED
633835,NOT_STARTED
633841,NOT_STARTED
633859,NOT_STARTED
633863,NOT_STARTED
633893,NOT_STARTED
633971,NOT_STARTED
634037,NOT_STARTED
634111,NOT_STARTED
634115,NOT_STARTED
634123,NOT_STARTED
634279,NOT_STARTED
634313,NOT_STARTED
634421,NOT_STARTED
634423,NOT_STARTED
634427,NOT_STARTED
634457,NOT_STARTED
634621,NOT_STARTED
634651,NOT_STARTED
634659,NOT_STARTED
634747,NOT_STARTED
634759,NOT_STARTED
634769,NOT_STARTED
634771,NOT_STARTED
634823,NOT_STARTED
634903,NOT_STARTED
634979,NOT_STARTED
635003,NOT_STARTED
635057,NOT_STARTED
635063,NOT_STARTED
635087,NOT_STARTED
635149,NOT_STARTED
635153,NOT_STARTED
635167,NOT_STARTED
635173,NOT_STARTED
635177,NOT_STARTED
635179,NOT_STARTED
635365,NOT_STARTED
635389,NOT_STARTED
635395,NOT_STARTED
635533,NOT_STARTED
635543,NOT_STARTED
635549,NOT_STARTED
635567,NOT_STARTED
635569,NOT_STARTED
635573,NOT_STARTED
635579,NOT_STARTED
635603,NOT_STARTED
635629,NOT_STARTED
635659,NOT_STARTED
635693,NOT_STARTED
635719,NOT_STARTED
635741,NOT_STARTED
635749,NOT_STARTED
635759,NOT_STARTED
635791,NOT_STARTED
635983,NOT_STARTED
635989,NOT_STARTED
636003,NOT_STARTED
636025,NOT_STARTED
636077,NOT_STARTED
636079,NOT_STARTED
636149,NOT_STARTED
636155,NOT_STARTED
636157,NOT_STARTED
636181,NOT_STARTED
636221,NOT_STARTED
636227,NOT_STARTED
636373,NOT_STARTED
636421,NOT_STARTED
636427,NOT_STARTED
636437,NOT_STARTED
636439,NOT_STARTED
636479,NOT_STARTED
636503,NOT_STARTED
636511,NOT_STARTED
636571,NOT_STARTED
636577,NOT_STARTED
636631,NOT_STARTED
636653,NOT_STARTED
636655,NOT_STARTED
636781,NOT_STARTED
636829,NOT_STARTED
636833,NOT_STARTED
636863,NOT_STARTED
636881,NOT_STARTED
636893,NOT_STARTED
636895,NOT_STARTED
636967,NOT_STARTED
637003,NOT_STARTED
637013,NOT_STARTED
637015,NOT_STARTED
637017,NOT_STARTED
637019,NOT_STARTED
637037,NOT_STARTED
637045,NOT_STARTED
637099,NOT_STARTED
637201,NOT_STARTED
637351,NOT_STARTED
637411,NOT_STARTED
637429,NOT_STARTED
637547,NOT_STARTED
637583,NOT_STARTED
637607,NOT_STARTED
637613,NOT_STARTED
637643,NOT_STARTED
637799,NOT_STARTED
637859,NOT_STARTED
637887,NOT_STARTED
637891,NOT_STARTED
637961,NOT_STARTED
637963,NOT_STARTED
637969,NOT_STARTED
637975,NOT_STARTED
637997,NOT_STARTED
637999,NOT_STARTED
638023,NOT_STARTED
638027,NOT_STARTED
638089,NOT_STARTED
638123,NOT_STARTED
638179,NOT_STARTED
638209,NOT_STARTED
638221,NOT_STARTED
638233,NOT_STARTED
638243,NOT_STARTED
638251,NOT_STARTED
638279,NOT_STARTED
638281,NOT_STARTED
638327,NOT_STARTED
638329,NOT_STARTED
638371,NOT_STARTED
638377,NOT_STARTED
638483,NOT_STARTED
638501,NOT_STARTED
638509,NOT_STARTED
638527,NOT_STARTED
638531,NOT_STARTED
638537,NOT_STARTED
638587,NOT_STARTED
638597,NOT_STARTED
638603,NOT_STARTED
638633,NOT_STARTED
638645,NOT_STARTED
638675,NOT_STARTED
638731,NOT_STARTED
638753,NOT_STARTED
638767,NOT_STARTED
638773,NOT_STARTED
638779,NOT_STARTED
638783,NOT_STARTED
638791,NOT_STARTED
638801,NOT_STARTED
638821,NOT_STARTED
638911,NOT_STARTED
639013,NOT_STARTED
639053,NOT_STARTED
639055,NOT_STARTED
639099,NOT_STARTED
639113,NOT_STARTED
639181,NOT_STARTED
639197,NOT_STARTED
639211,NOT_STARTED
639213,NOT_STARTED
639227,NOT_STARTED
639229,NOT_STARTED
639233,NOT_STARTED
639239,NOT_STARTED
639277,NOT_STARTED
639311,NOT_STARTED
639377,NOT_STARTED
639395,NOT_STARTED
639413,NOT_STARTED
639457,NOT_STARTED
639463,NOT_STARTED
639473,NOT_STARTED
639649,NOT_STARTED
639739,NOT_STARTED
639757,NOT_STARTED
639763,NOT_STARTED
639773,NOT_STARTED
639793,NOT_STARTED
639867,NOT_STARTED
639871,NOT_STARTED
639881,NOT_STARTED
639889,NOT_STARTED
639923,NOT_STARTED
639961,NOT_STARTED
640081,NOT_STARTED
640171,NOT_STARTED
640175,NOT_STARTED
640283,NOT_STARTED
640309,NOT_STARTED
640333,NOT_STARTED
640343,NOT_STARTED
640393,NOT_STARTED
640397,NOT_STARTED
640423,NOT_STARTED
640427,NOT_STARTED
640439,NOT_STARTED
640537,NOT_STARTED
640547,NOT_STARTED
640561,NOT_STARTED
640631,NOT_STARTED
640703,NOT_STARTED
640705,NOT_STARTED
640709,NOT_STARTED
640753,NOT_STARTED
640819,NOT_STARTED
640861,NOT_STARTED
640867,NOT_STARTED
640921,NOT_STARTED
640993,NOT_STARTED
641003,NOT_STARTED
641031,NOT_STARTED
641059,NOT_STARTED
641131,NOT_STARTED
641179,NOT_STARTED
641243,NOT_STARTED
641261,NOT_STARTED
641299,NOT_STARTED
641303,NOT_STARTED
641329,NOT_STARTED
641345,NOT_STARTED
641351,NOT_STARTED
641393,NOT_STARTED
641399,NOT_STARTED
641441,NOT_STARTED
641499,NOT_STARTED
641551,NOT_STARTED
641561,NOT_STARTED
641583,NOT_STARTED
641587,NOT_STARTED
641593,NOT_STARTED
641599,NOT_STARTED
641723,NOT_STARTED
641909,NOT_STARTED
641941,NOT_STARTED
641983,NOT_STARTED
641989,NOT_STARTED
641993,NOT_STARTED
642023,NOT_STARTED
642031,NOT_STARTED
642083,NOT_STARTED
642085,NOT_STARTED
642091,NOT_STARTED
642095,NOT_STARTED
642163,NOT_STARTED
642167,NOT_STARTED
642267,NOT_STARTED
642301,NOT_STARTED
642389,NOT_STARTED
642427,NOT_STARTED
642457,NOT_STARTED
642461,NOT_STARTED
642473,NOT_STARTED
642503,NOT_STARTED
642563,NOT_STARTED
642583,NOT_STARTED
642593,NOT_STARTED
642595,NOT_STARTED
642601,NOT_STARTED
642625,NOT_STARTED
642713,NOT_STARTED
642743,NOT_STARTED
642755,NOT_STARTED
642809,NOT_STARTED
642907,NOT_STARTED
642917,NOT_STARTED
642953,NOT_STARTED
642977,NOT_STARTED
642979,NOT_STARTED
643141,NOT_STARTED
643147,NOT_STARTED
643153,NOT_STARTED
643157,NOT_STARTED
643243,NOT_STARTED
643249,NOT_STARTED
643253,NOT_STARTED
643259,NOT_STARTED
643273,NOT_STARTED
643277,NOT_STARTED
643313,NOT_STARTED
643319,NOT_STARTED
643321,NOT_STARTED
643379,NOT_STARTED
643439,NOT_STARTED
643493,NOT_STARTED
643703,NOT_STARTED
643731,NOT_STARTED
643733,NOT_STARTED
643737,NOT_STARTED
643751,NOT_STARTED
643757,NOT_STARTED
643759,NOT_STARTED
643787,NOT_STARTED
643803,NOT_STARTED
643807,NOT_STARTED
643819,NOT_STARTED
643823,NOT_STARTED
643889,NOT_STARTED
643901,NOT_STARTED
643991,NOT_STARTED
644203,NOT_STARTED
644209,NOT_STARTED
644227,NOT_STARTED
644243,NOT_STARTED
644297,NOT_STARTED
644413,NOT_STARTED
644453,NOT_STARTED
644465,NOT_STARTED
644803,NOT_STARTED
644807,NOT_STARTED
644881,NOT_STARTED
644951,NOT_STARTED
644953,NOT_STARTED
644957,NOT_STARTED
644963,NOT_STARTED
645053,NOT_STARTED
645109,NOT_STARTED
645113,NOT_STARTED
645191,NOT_STARTED
645211,NOT_STARTED
645235,NOT_STARTED
645259,NOT_STARTED
645269,NOT_STARTED
645289,NOT_STARTED
645299,NOT_STARTED
645443,NOT_STARTED
645451,NOT_STARTED
645529,NOT_STARTED
645665,NOT_STARTED
645863,NOT_STARTED
645923,NOT_STARTED
645953,NOT_STARTED
646045,NOT_STARTED
646049,NOT_STARTED
646075,NOT_STARTED
646079,NOT_STARTED
646111,NOT_STARTED
646129,NOT_STARTED
646201,NOT_STARTED
646207,NOT_STARTED
646313,NOT_STARTED
646321,NOT_STARTED
646353,NOT_STARTED
646379,NOT_STARTED
646439,NOT_STARTED
646483,NOT_STARTED
646489,NOT_STARTED
646497,NOT_STARTED
646501,NOT_STARTED
646595,NOT_STARTED
646643,NOT_STARTED
646651,NOT_STARTED
646687,NOT_STARTED
646699,NOT_STARTED
646703,NOT_STARTED
646739,NOT_STARTED
646757,NOT_STARTED
646793,NOT_STARTED
646801,NOT_STARTED
646805,NOT_STARTED
646937,NOT_STARTED
646957,NOT_STARTED
647161,NOT_STARTED
647167,NOT_STARTED
647171,NOT_STARTED
647209,NOT_STARTED
647233,NOT_STARTED
647239,NOT_STARTED
647243,NOT_STARTED
647273,NOT_STARTED
647303,NOT_STARTED
647371,NOT_STARTED
647453,NOT_STARTED
647509,NOT_STARTED
647537,NOT_STARTED
647665,NOT_STARTED
647873,NOT_STARTED
647933,NOT_STARTED
647965,NOT_STARTED
648083,NOT_STARTED
648119,NOT_STARTED
648409,NOT_STARTED
648413,NOT_STARTED
648443,NOT_STARTED
648449,NOT_STARTED
648481,NOT_STARTED
648511,NOT_STARTED
648571,NOT_STARTED
648581,NOT_STARTED
648631,NOT_STARTED
648635,NOT_STARTED
648741,NOT_STARTED
648749,NOT_STARTED
648811,NOT_STARTED
648821,NOT_STARTED
648971,NOT_STARTED
649013,NOT_STARTED
649021,NOT_STARTED
649043,NOT_STARTED
649045,NOT_STARTED
649111,NOT_STARTED
649165,NOT_STARTED
649171,NOT_STARTED
649183,NOT_STARTED
649193,NOT_STARTED
649195,NOT_STARTED
649199,NOT_STARTED
649225,NOT_STARTED
649339,NOT_STARTED
649351,NOT_STARTED
649427,NOT_STARTED
649433,NOT_STARTED
649439,NOT_STARTED
649531,NOT_STARTED
649585,NOT_STARTED
649591,NOT_STARTED
649721,NOT_STARTED
649943,NOT_STARTED
649993,NOT_STARTED
650033,NOT_STARTED
650037,NOT_STARTED
650123,NOT_STARTED
650141,NOT_STARTED
650191,NOT_STARTED
650231,NOT_STARTED
650237,NOT_STARTED
650281,NOT_STARTED
650359,NOT_STARTED
650363,NOT_STARTED
650423,NOT_STARTED
650495,NOT_STARTED
650629,NOT_STARTED
650647,NOT_STARTED
650659,NOT_STARTED
650677,NOT_STARTED
650679,NOT_STARTED
650683,NOT_STARTED
650713,NOT_STARTED
650785,NOT_STARTED
650791,NOT_STARTED
650833,NOT_STARTED
650873,NOT_STARTED
650989,NOT_STARTED
650993,NOT_STARTED
650995,NOT_STARTED
651047,NOT_STARTED
651109,NOT_STARTED
651301,NOT_STARTED
651377,NOT_STARTED
651383,NOT_STARTED
651401,NOT_STARTED
651413,NOT_STARTED
651523,NOT_STARTED
651531,NOT_STARTED
651545,NOT_STARTED
651547,NOT_STARTED
651551,NOT_STARTED
651559,NOT_STARTED
651593,NOT_STARTED
651621,NOT_STARTED
651697,NOT_STARTED
651703,NOT_STARTED
651733,NOT_STARTED
651743,NOT_STARTED
651883,NOT_STARTED
651907,NOT_STARTED
651913,NOT_STARTED
651919,NOT_STARTED
651923,NOT_STARTED
651947,NOT_STARTED
651949,NOT_STARTED
651971,NOT_STARTED
651973,NOT_STARTED
651997,NOT_STARTED
652087,NOT_STARTED
652091,NOT_STARTED
652099,NOT_STARTED
652103,NOT_STARTED
652133,NOT_STARTED
652139,NOT_STARTED
652159,NOT_STARTED
652163,NOT_STARTED
652171,NOT_STARTED
652343,NOT_STARTED
652391,NOT_STARTED
652457,NOT_STARTED
652459,NOT_STARTED
652517,NOT_STARTED
652669,NOT_STARTED
652703,NOT_STARTED
652765,NOT_STARTED
652789,NOT_STARTED
652797,NOT_STARTED
652813,NOT_STARTED
652817,NOT_STARTED
652853,NOT_STARTED
652883,NOT_STARTED
653009,NOT_STARTED
653083,NOT_STARTED
653087,NOT_STARTED
653117,NOT_STARTED
653119,NOT_STARTED
653159,NOT_STARTED
653221,NOT_STARTED
653243,NOT_STARTED
653245,NOT_STARTED
653287,NOT_STARTED
653321,NOT_STARTED
653327,NOT_STARTED
653377,NOT_STARTED
653381,NOT_STARTED
653395,NOT_STARTED
653405,NOT_STARTED
653413,NOT_STARTED
653417,NOT_STARTED
653431,NOT_STARTED
653435,NOT_STARTED
653447,NOT_STARTED
653473,NOT_STARTED
653477,NOT_STARTED
653719,NOT_STARTED
653831,NOT_STARTED
653839,NOT_STARTED
653903,NOT_STARTED
654089,NOT_STARTED
654113,NOT_STARTED
654127,NOT_STARTED
654233,NOT_STARTED
654269,NOT_STARTED
654275,NOT_STARTED
654309,NOT_STARTED
654371,NOT_STARTED
654557,NOT_STARTED
654679,NOT_STARTED
654683,NOT_STARTED
654713,NOT_STARTED
654749,NOT_STARTED
654781,NOT_STARTED
654803,NOT_STARTED
654839,NOT_STARTED
654863,NOT_STARTED
654943,NOT_STARTED
654967,NOT_STARTED
654977,NOT_STARTED
655051,NOT_STARTED
655069,NOT_STARTED
655073,NOT_STARTED
655127,NOT_STARTED
655133,NOT_STARTED
655163,NOT_STARTED
655181,NOT_STARTED
655189,NOT_STARTED
655243,NOT_STARTED
655301,NOT_STARTED
655309,NOT_STARTED
655409,NOT_STARTED
655517,NOT_STARTED
655583,NOT_STARTED
655609,NOT_STARTED
655663,NOT_STARTED
655667,NOT_STARTED
655699,NOT_STARTED
655703,NOT_STARTED
655737,NOT_STARTED
655757,NOT_STARTED
655759,NOT_STARTED
655771,NOT_STARTED
655783,NOT_STARTED
655861,NOT_STARTED
655913,NOT_STARTED
655961,NOT_STARTED
655999,NOT_STARTED
656063,NOT_STARTED
656077,NOT_STARTED
656153,NOT_STARTED
656179,NOT_STARTED
656191,NOT_STARTED
656197,NOT_STARTED
656203,NOT_STARTED
656333,NOT_STARTED
656349,NOT_STARTED
656351,NOT_STARTED
656353,NOT_STARTED
656393,NOT_STARTED
656483,NOT_STARTED
656485,NOT_STARTED
656531,NOT_STARTED
656573,NOT_STARTED
656603,NOT_STARTED
656615,NOT_STARTED
656687,NOT_STARTED
656723,NOT_STARTED
656753,NOT_STARTED
656857,NOT_STARTED
656861,NOT_STARTED
656867,NOT_STARTED
656899,NOT_STARTED
656903,NOT_STARTED
657029,NOT_STARTED
657093,NOT_STARTED
657131,NOT_STARTED
657137,NOT_STARTED
657139,NOT_STARTED
657143,NOT_STARTED
657169,NOT_STARTED
657239,NOT_STARTED
657361,NOT_STARTED
657455,NOT_STARTED
657563,NOT_STARTED
657623,NOT_STARTED
657629,NOT_STARTED
657673,NOT_STARTED
657679,NOT_STARTED
657683,NOT_STARTED
657721,NOT_STARTED
657743,NOT_STARTED
657851,NOT_STARTED
657863,NOT_STARTED
657875,NOT_STARTED
657911,NOT_STARTED
657959,NOT_STARTED
657983,NOT_STARTED
658007,NOT_STARTED
658019,NOT_STARTED
658021,NOT_STARTED
658025,NOT_STARTED
658069,NOT_STARTED
658139,NOT_STARTED
658279,NOT_STARTED
658367,NOT_STARTED
658463,NOT_STARTED
658489,NOT_STARTED
658555,NOT_STARTED
658615,NOT_STARTED
658643,NOT_STARTED
658703,NOT_STARTED
658705,NOT_STARTED
658717,NOT_STARTED
658729,NOT_STARTED
658769,NOT_STARTED
658793,NOT_STARTED
658841,NOT_STARTED
658919,NOT_STARTED
658921,NOT_STARTED
658997,NOT_STARTED
659033,NOT_STARTED
659081,NOT_STARTED
659191,NOT_STARTED
659195,NOT_STARTED
659197,NOT_STARTED
659201,NOT_STARTED
659237,NOT_STARTED
659303,NOT_STARTED
659335,NOT_STARTED
659521,NOT_STARTED
659543,NOT_STARTED
659671,NOT_STARTED
659693,NOT_STARTED
659761,NOT_STARTED
659769,NOT_STARTED
659791,NOT_STARTED
659849,NOT_STARTED
659881,NOT_STARTED
660083,NOT_STARTED
660227,NOT_STARTED
660253,NOT_STARTED
660257,NOT_STARTED
660349,NOT_STARTED
660409,NOT_STARTED
660431,NOT_STARTED
660449,NOT_STARTED
660503,NOT_STARTED
660625,NOT_STARTED
660649,NOT_STARTED
660683,NOT_STARTED
660697,NOT_STARTED
660739,NOT_STARTED
660769,NOT_STARTED
660773,NOT_STARTED
660857,NOT_STARTED
660953,NOT_STARTED
660959,NOT_STARTED
660995,NOT_STARTED
661027,NOT_STARTED
661069,NOT_STARTED
661073,NOT_STARTED
661141,NOT_STARTED
661147,NOT_STARTED
661153,NOT_STARTED
661163,NOT_STARTED
661207,NOT_STARTED
661279,NOT_STARTED
661291,NOT_STARTED
661307,NOT_STARTED
661441,NOT_STARTED
661493,NOT_STARTED
661495,NOT_STARTED
661561,NOT_STARTED
661579,NOT_STARTED
661583,NOT_STARTED
661623,NOT_STARTED
661633,NOT_STARTED
661651,NOT_STARTED
661703,NOT_STARTED
661747,NOT_STARTED
661789,NOT_STARTED
661913,NOT_STARTED
662029,NOT_STARTED
662069,NOT_STARTED
662087,NOT_STARTED
662089,NOT_STARTED
662121,NOT_STARTED
662153,NOT_STARTED
662177,NOT_STARTED
662183,NOT_STARTED
662203,NOT_STARTED
662237,NOT_STARTED
662357,NOT_STARTED
662383,NOT_STARTED
662387,NOT_STARTED
662423,NOT_STARTED
662719,NOT_STARTED
662723,NOT_STARTED
662743,NOT_STARTED
662747,NOT_STARTED
662753,NOT_STARTED
662821,NOT_STARTED
662869,NOT_STARTED
662879,NOT_STARTED
662899,NOT_STARTED
662965,NOT_STARTED
663073,NOT_STARTED
663109,NOT_STARTED
663227,NOT_STARTED
663245,NOT_STARTED
663283,NOT_STARTED
663287,NOT_STARTED
663337,NOT_STARTED
663373,NOT_STARTED
663413,NOT_STARTED
663415,NOT_STARTED
663443,NOT_STARTED
663467,NOT_STARTED
663469,NOT_STARTED
663479,NOT_STARTED
663493,NOT_STARTED
663689,NOT_STARTED
663691,NOT_STARTED
663713,NOT_STARTED
663719,NOT_STARTED
663739,NOT_STARTED
663763,NOT_STARTED
663767,NOT_STARTED
663799,NOT_STARTED
663829,NOT_STARTED
663919,NOT_STARTED
663937,NOT_STARTED
664151,NOT_STARTED
664225,NOT_STARTED
664309,NOT_STARTED
664337,NOT_STARTED
664429,NOT_STARTED
664441,NOT_STARTED
664481,NOT_STARTED
664549,NOT_STARTED
664697,NOT_STARTED
664721,NOT_STARTED
664771,NOT_STARTED
664813,NOT_STARTED
664823,NOT_STARTED
664855,NOT_STARTED
664891,NOT_STARTED
664907,NOT_STARTED
665153,NOT_STARTED
665327,NOT_STARTED
665329,NOT_STARTED
665395,NOT_STARTED
665453,NOT_STARTED
665513,NOT_STARTED
665603,NOT_STARTED
665635,NOT_STARTED
665659,NOT_STARTED
665677,NOT_STARTED
665693,NOT_STARTED
665747,NOT_STARTED
665813,NOT_STARTED
665823,NOT_STARTED
665843,NOT_STARTED
665863,NOT_STARTED
665867,NOT_STARTED
665871,NOT_STARTED
665873,NOT_STARTED
665923,NOT_STARTED
665927,NOT_STARTED
665953,NOT_STARTED
665993,NOT_STARTED
666001,NOT_STARTED
666053,NOT_STARTED
666121,NOT_STARTED
666125,NOT_STARTED
666207,NOT_STARTED
666233,NOT_STARTED
666239,NOT_STARTED
666241,NOT_STARTED
666277,NOT_STARTED
666353,NOT_STARTED
666379,NOT_STARTED
666581,NOT_STARTED
666653,NOT_STARTED
666755,NOT_STARTED
666773,NOT_STARTED
666835,NOT_STARTED
666839,NOT_STARTED
666991,NOT_STARTED
667001,NOT_STARTED
667025,NOT_STARTED
667061,NOT_STARTED
667067,NOT_STARTED
667141,NOT_STARTED
667145,NOT_STARTED
667151,NOT_STARTED
667183,NOT_STARTED
667211,NOT_STARTED
667217,NOT_STARTED
667291,NOT_STARTED
667381,NOT_STARTED
667453,NOT_STARTED
667581,NOT_STARTED
667585,NOT_STARTED
667607,NOT_STARTED
667621,NOT_STARTED
667673,NOT_STARTED
667699,NOT_STARTED
667707,NOT_STARTED
667759,NOT_STARTED
667781,NOT_STARTED
667921,NOT_STARTED
667951,NOT_STARTED
667969,NOT_STARTED
668011,NOT_STARTED
668119,NOT_STARTED
668183,NOT_STARTED
668209,NOT_STARTED
668243,NOT_STARTED
668275,NOT_STARTED
668291,NOT_STARTED
668317,NOT_STARTED
668323,NOT_STARTED
668327,NOT_STARTED
668341,NOT_STARTED
668363,NOT_STARTED
668365,NOT_STARTED
668371,NOT_STARTED
668381,NOT_STARTED
668419,NOT_STARTED
668449,NOT_STARTED
668453,NOT_STARTED
668483,NOT_STARTED
668699,NOT_STARTED
668719,NOT_STARTED
668765,NOT_STARTED
668777,NOT_STARTED
668903,NOT_STARTED
669035,NOT_STARTED
669077,NOT_STARTED
669137,NOT_STARTED
669145,NOT_STARTED
669147,NOT_STARTED
669149,NOT_STARTED
669187,NOT_STARTED
669203,NOT_STARTED
669205,NOT_STARTED
669259,NOT_STARTED
669317,NOT_STARTED
669331,NOT_STARTED
669419,NOT_STARTED
669497,NOT_STARTED
669509,NOT_STARTED
669533,NOT_STARTED
669563,NOT_STARTED
669587,NOT_STARTED
669589,NOT_STARTED
669611,NOT_STARTED
669739,NOT_STARTED
669749,NOT_STARTED
669763,NOT_STARTED
669769,NOT_STARTED
669773,NOT_STARTED
669793,NOT_STARTED
669805,NOT_STARTED
669813,NOT_STARTED
669817,NOT_STARTED
669947,NOT_STARTED
669971,NOT_STARTED
670009,NOT_STARTED
670099,NOT_STARTED
670157,NOT_STARTED
670261,NOT_STARTED
670267,NOT_STARTED
670349,NOT_STARTED
670403,NOT_STARTED
670417,NOT_STARTED
670639,NOT_STARTED
670645,NOT_STARTED
670651,NOT_STARTED
670739,NOT_STARTED
670783,NOT_STARTED
670789,NOT_STARTED
670879,NOT_STARTED
670921,NOT_STARTED
670937,NOT_STARTED
670963,NOT_STARTED
670967,NOT_STARTED
670993,NOT_STARTED
671041,NOT_STARTED
671063,NOT_STARTED
671105,NOT_STARTED
671161,NOT_STARTED
671165,NOT_STARTED
671191,NOT_STARTED
671269,NOT_STARTED
671273,NOT_STARTED
671339,NOT_STARTED
671417,NOT_STARTED
671453,NOT_STARTED
671479,NOT_STARTED
671609,NOT_STARTED
671683,NOT_STARTED
671753,NOT_STARTED
671809,NOT_STARTED
671837,NOT_STARTED
671857,NOT_STARTED
671863,NOT_STARTED
671981,NOT_STARTED
672083,NOT_STARTED
672113,NOT_STARTED
672233,NOT_STARTED
672293,NOT_STARTED
672323,NOT_STARTED
672355,NOT_STARTED
672383,NOT_STARTED
672473,NOT_STARTED
672475,NOT_STARTED
672479,NOT_STARTED
672535,NOT_STARTED
672537,NOT_STARTED
672557,NOT_STARTED
672559,NOT_STARTED
672683,NOT_STARTED
672707,NOT_STARTED
672719,NOT_STARTED
672839,NOT_STARTED
672841,NOT_STARTED
672919,NOT_STARTED
672923,NOT_STARTED
673009,NOT_STARTED
673043,NOT_STARTED
673133,NOT_STARTED
673139,NOT_STARTED
673249,NOT_STARTED
673273,NOT_STARTED
673277,NOT_STARTED
673361,NOT_STARTED
673367,NOT_STARTED
673589,NOT_STARTED
673721,NOT_STARTED
673727,NOT_STARTED
673729,NOT_STARTED
673837,NOT_STARTED
673849,NOT_STARTED
673895,NOT_STARTED
674003,NOT_STARTED
674029,NOT_STARTED
674033,NOT_STARTED
674089,NOT_STARTED
674099,NOT_STARTED
674137,NOT_STARTED
674189,NOT_STARTED
674197,NOT_STARTED
674213,NOT_STARTED
674249,NOT_STARTED
674263,NOT_STARTED
674275,NOT_STARTED
674277,NOT_STARTED
674279,NOT_STARTED
674303,NOT_STARTED
674333,NOT_STARTED
674371,NOT_STARTED
674375,NOT_STARTED
674393,NOT_STARTED
674465,NOT_STARTED
674483,NOT_STARTED
674489,NOT_STARTED
674513,NOT_STARTED
674563,NOT_STARTED
674575,NOT_STARTED
674837,NOT_STARTED
674857,NOT_STARTED
674903,NOT_STARTED
674911,NOT_STARTED
674959,NOT_STARTED
674995,NOT_STARTED
675001,NOT_STARTED
675007,NOT_STARTED
675029,NOT_STARTED
675053,NOT_STARTED
675355,NOT_STARTED
675419,NOT_STARTED
675481,NOT_STARTED
675491,NOT_STARTED
675517,NOT_STARTED
675673,NOT_STARTED
675677,NOT_STARTED
675725,NOT_STARTED
675757,NOT_STARTED
675763,NOT_STARTED
675863,NOT_STARTED
676013,NOT_STARTED
676069,NOT_STARTED
676077,NOT_STARTED
676151,NOT_STARTED
676189,NOT_STARTED
676219,NOT_STARTED
676223,NOT_STARTED
676433,NOT_STARTED
676443,NOT_STARTED
676469,NOT_STARTED
676471,NOT_STARTED
676493,NOT_STARTED
676495,NOT_STARTED
676531,NOT_STARTED
676603,NOT_STARTED
676611,NOT_STARTED
676681,NOT_STARTED
676703,NOT_STARTED
676789,NOT_STARTED
676831,NOT_STARTED
676861,NOT_STARTED
676943,NOT_STARTED
677059,NOT_STARTED
677083,NOT_STARTED
677125,NOT_STARTED
677147,NOT_STARTED
677149,NOT_STARTED
677179,NOT_STARTED
677183,NOT_STARTED
677185,NOT_STARTED
677239,NOT_STARTED
677249,NOT_STARTED
677251,NOT_STARTED
677275,NOT_STARTED
677279,NOT_STARTED
677287,NOT_STARTED
677357,NOT_STARTED
677381,NOT_STARTED
677401,NOT_STARTED
677483,NOT_STARTED
677489,NOT_STARTED
677495,NOT_STARTED
677507,NOT_STARTED
677509,NOT_STARTED
677543,NOT_STARTED
677549,NOT_STARTED
677587,NOT_STARTED
677593,NOT_STARTED
677621,NOT_STARTED
677657,NOT_STARTED
677659,NOT_STARTED
677687,NOT_STARTED
677699,NOT_STARTED
677717,NOT_STARTED
677743,NOT_STARTED
677749,NOT_STARTED
677801,NOT_STARTED
677827,NOT_STARTED
677843,NOT_STARTED
677861,NOT_STARTED
677899,NOT_STARTED
677909,NOT_STARTED
677961,NOT_STARTED
677965,NOT_STARTED
677971,NOT_STARTED
677999,NOT_STARTED
678023,NOT_STARTED
678047,NOT_STARTED
678081,NOT_STARTED
678103,NOT_STARTED
678133,NOT_STARTED
678143,NOT_STARTED
678239,NOT_STARTED
678263,NOT_STARTED
678299,NOT_STARTED
678301,NOT_STARTED
678307,NOT_STARTED
678563,NOT_STARTED
678659,NOT_STARTED
678663,NOT_STARTED
678671,NOT_STARTED
678673,NOT_STARTED
678677,NOT_STARTED
678679,NOT_STARTED
678787,NOT_STARTED
678833,NOT_STARTED
678859,NOT_STARTED
678871,NOT_STARTED
678913,NOT_STARTED
678919,NOT_STARTED
678923,NOT_STARTED
678971,NOT_STARTED
678991,NOT_STARTED
678995,NOT_STARTED
679157,NOT_STARTED
679189,NOT_STARTED
679231,NOT_STARTED
679235,NOT_STARTED
679283,NOT_STARTED
679333,NOT_STARTED
679343,NOT_STARTED
679451,NOT_STARTED
679577,NOT_STARTED
679607,NOT_STARTED
679613,NOT_STARTED
679615,NOT_STARTED
679621,NOT_STARTED
679639,NOT_STARTED
679759,NOT_STARTED
680003,NOT_STARTED
680041,NOT_STARTED
680059,NOT_STARTED
680213,NOT_STARTED
680263,NOT_STARTED
680353,NOT_STARTED
680363,NOT_STARTED
680453,NOT_STARTED
680541,NOT_STARTED
680687,NOT_STARTED
680693,NOT_STARTED
680711,NOT_STARTED
680717,NOT_STARTED
680731,NOT_STARTED
680783,NOT_STARTED
680839,NOT_STARTED
680861,NOT_STARTED
680893,NOT_STARTED
680899,NOT_STARTED
680903,NOT_STARTED
680929,NOT_STARTED
680941,NOT_STARTED
681023,NOT_STARTED
681181,NOT_STARTED
681271,NOT_STARTED
681293,NOT_STARTED
681373,NOT_STARTED
681383,NOT_STARTED
681451,NOT_STARTED
681463,NOT_STARTED
681589,NOT_STARTED
681649,NOT_STARTED
681691,NOT_STARTED
681739,NOT_STARTED
681787,NOT_STARTED
681841,NOT_STARTED
681847,NOT_STARTED
681859,NOT_STARTED
681983,NOT_STARTED
682049,NOT_STARTED
682079,NOT_STARTED
682091,NOT_STARTED
682093,NOT_STARTED
682097,NOT_STARTED
682127,NOT_STARTED
682157,NOT_STARTED
682169,NOT_STARTED
682183,NOT_STARTED
682337,NOT_STARTED
682339,NOT_STARTED
682391,NOT_STARTED
682397,NOT_STARTED
682491,NOT_STARTED
682493,NOT_STARTED
682549,NOT_STARTED
682553,NOT_STARTED
682559,NOT_STARTED
682571,NOT_STARTED
682639,NOT_STARTED
682643,NOT_STARTED
682699,NOT_STARTED
682709,NOT_STARTED
682763,NOT_STARTED
682789,NOT_STARTED
682793,NOT_STARTED
682797,NOT_STARTED
682819,NOT_STARTED
682843,NOT_STARTED
682845,NOT_STARTED
682861,NOT_STARTED
682877,NOT_STARTED
682913,NOT_STARTED
682973,NOT_STARTED
682975,NOT_STARTED
682979,NOT_STARTED
682981,NOT_STARTED
683003,NOT_STARTED
683029,NOT_STARTED
683057,NOT_STARTED
683059,NOT_STARTED
683101,NOT_STARTED
683167,NOT_STARTED
683177,NOT_STARTED
683179,NOT_STARTED
683203,NOT_STARTED
683207,NOT_STARTED
683303,NOT_STARTED
683323,NOT_STARTED
683359,NOT_STARTED
683363,NOT_STARTED
683407,NOT_STARTED
683545,NOT_STARTED
683549,NOT_STARTED
683569,NOT_STARTED
683611,NOT_STARTED
683807,NOT_STARTED
683983,NOT_STARTED
683989,NOT_STARTED
684019,NOT_STARTED
684023,NOT_STARTED
684061,NOT_STARTED
684127,NOT_STARTED
684133,NOT_STARTED
684167,NOT_STARTED
684169,NOT_STARTED
684197,NOT_STARTED
684349,NOT_STARTED
684353,NOT_STARTED
684379,NOT_STARTED
684479,NOT_STARTED
684529,NOT_STARTED
684655,NOT_STARTED
684689,NOT_STARTED
684905,NOT_STARTED
684923,NOT_STARTED
684931,NOT_STARTED
684977,NOT_STARTED
685129,NOT_STARTED
685141,NOT_STARTED
685147,NOT_STARTED
685149,NOT_STARTED
685151,NOT_STARTED
685177,NOT_STARTED
685201,NOT_STARTED
685231,NOT_STARTED
685253,NOT_STARTED
685271,NOT_STARTED
685279,NOT_STARTED
685341,NOT_STARTED
685387,NOT_STARTED
685403,NOT_STARTED
685459,NOT_STARTED
685471,NOT_STARTED
685549,NOT_STARTED
685555,NOT_STARTED
685571,NOT_STARTED
685591,NOT_STARTED
685595,NOT_STARTED
685655,NOT_STARTED
685657,NOT_STARTED
685699,NOT_STARTED
685805,NOT_STARTED
685819,NOT_STARTED
685823,NOT_STARTED
685825,NOT_STARTED
685829,NOT_STARTED
685835,NOT_STARTED
685861,NOT_STARTED
685871,NOT_STARTED
685883,NOT_STARTED
685907,NOT_STARTED
685915,NOT_STARTED
685921,NOT_STARTED
685945,NOT_STARTED
685949,NOT_STARTED
685973,NOT_STARTED
686063,NOT_STARTED
686065,NOT_STARTED
686153,NOT_STARTED
686155,NOT_STARTED
686159,NOT_STARTED
686177,NOT_STARTED
686179,NOT_STARTED
686221,NOT_STARTED
686225,NOT_STARTED
686239,NOT_STARTED
686243,NOT_STARTED
686249,NOT_STARTED
686297,NOT_STARTED
686339,NOT_STARTED
686363,NOT_STARTED
686371,NOT_STARTED
686383,NOT_STARTED
686387,NOT_STARTED
686423,NOT_STARTED
686483,NOT_STARTED
686485,NOT_STARTED
686491,NOT_STARTED
686527,NOT_STARTED
686621,NOT_STARTED
686639,NOT_STARTED
686641,NOT_STARTED
686689,NOT_STARTED
686743,NOT_STARTED
686747,NOT_STARTED
686801,NOT_STARTED
686807,NOT_STARTED
686813,NOT_STARTED
686845,NOT_STARTED
686849,NOT_STARTED
686869,NOT_STARTED
686917,NOT_STARTED
686929,NOT_STARTED
686993,NOT_STARTED
687047,NOT_STARTED
687083,NOT_STARTED
687185,NOT_STARTED
687187,NOT_STARTED
687241,NOT_STARTED
687249,NOT_STARTED
687499,NOT_STARTED
687503,NOT_STARTED
687563,NOT_STARTED
687593,NOT_STARTED
687665,NOT_STARTED
687787,NOT_STARTED
687847,NOT_STARTED
687851,NOT_STARTED
687853,NOT_STARTED
687859,NOT_STARTED
687865,NOT_STARTED
687979,NOT_STARTED
687983,NOT_STARTED
688037,NOT_STARTED
688097,NOT_STARTED
688161,NOT_STARTED
688167,NOT_STARTED
688225,NOT_STARTED
688253,NOT_STARTED
688343,NOT_STARTED
688457,NOT_STARTED
688459,NOT_STARTED
688463,NOT_STARTED
688531,NOT_STARTED
688543,NOT_STARTED
688577,NOT_STARTED
688601,NOT_STARTED
688603,NOT_STARTED
688607,NOT_STARTED
688639,NOT_STARTED
688643,NOT_STARTED
688679,NOT_STARTED
688697,NOT_STARTED
688703,NOT_STARTED
688813,NOT_STARTED
688831,NOT_STARTED
688843,NOT_STARTED
688909,NOT_STARTED
688913,NOT_STARTED
688917,NOT_STARTED
689003,NOT_STARTED
689119,NOT_STARTED
689183,NOT_STARTED
689411,NOT_STARTED
689417,NOT_STARTED
689441,NOT_STARTED
689449,NOT_STARTED
689467,NOT_STARTED
689473,NOT_STARTED
689491,NOT_STARTED
689603,NOT_STARTED
689663,NOT_STARTED
689699,NOT_STARTED
689807,NOT_STARTED
689809,NOT_STARTED
689833,NOT_STARTED
689837,NOT_STARTED
689839,NOT_STARTED
689903,NOT_STARTED
689939,NOT_STARTED
690059,NOT_STARTED
690143,NOT_STARTED
690163,NOT_STARTED
690173,NOT_STARTED
690181,NOT_STARTED
690197,NOT_STARTED
690199,NOT_STARTED
690203,NOT_STARTED
690295,NOT_STARTED
690307,NOT_STARTED
690317,NOT_STARTED
690347,NOT_STARTED
690349,NOT_STARTED
690353,NOT_STARTED
690453,NOT_STARTED
690481,NOT_STARTED
690511,NOT_STARTED
690559,NOT_STARTED
690569,NOT_STARTED
690593,NOT_STARTED
690631,NOT_STARTED
690637,NOT_STARTED
690649,NOT_STARTED
690691,NOT_STARTED
690695,NOT_STARTED
690697,NOT_STARTED
690701,NOT_STARTED
690721,NOT_STARTED
690737,NOT_STARTED
690763,NOT_STARTED
690773,NOT_STARTED
690787,NOT_STARTED
690803,NOT_STARTED
690821,NOT_STARTED
690847,NOT_STARTED
690851,NOT_STARTED
690893,NOT_STARTED
690899,NOT_STARTED
690929,NOT_STARTED
690955,NOT_STARTED
690957,NOT_STARTED
691007,NOT_STARTED
691207,NOT_STARTED
691241,NOT_STARTED
691247,NOT_STARTED
691267,NOT_STARTED
691271,NOT_STARTED
691313,NOT_STARTED
691363,NOT_STARTED
691399,NOT_STARTED
691499,NOT_STARTED
691501,NOT_STARTED
691507,NOT_STARTED
691531,NOT_STARTED
691535,NOT_STARTED
691539,NOT_STARTED
691601,NOT_STARTED
691609,NOT_STARTED
691611,NOT_STARTED
691613,NOT_STARTED
691667,NOT_STARTED
691669,NOT_STARTED
691769,NOT_STARTED
691777,NOT_STARTED
691801,NOT_STARTED
691847,NOT_STARTED
691949,NOT_STARTED
691997,NOT_STARTED
692071,NOT_STARTED
692107,NOT_STARTED
692119,NOT_STARTED
692123,NOT_STARTED
692165,NOT_STARTED
692167,NOT_STARTED
692177,NOT_STARTED
692207,NOT_STARTED
692221,NOT_STARTED
692251,NOT_STARTED
692453,NOT_STARTED
692473,NOT_STARTED
692479,NOT_STARTED
692491,NOT_STARTED
692545,NOT_STARTED
692567,NOT_STARTED
692593,NOT_STARTED
692761,NOT_STARTED
692807,NOT_STARTED
692827,NOT_STARTED
692837,NOT_STARTED
692875,NOT_STARTED
692897,NOT_STARTED
692935,NOT_STARTED
692963,NOT_STARTED
692983,NOT_STARTED
693041,NOT_STARTED
693043,NOT_STARTED
693109,NOT_STARTED
693179,NOT_STARTED
693183,NOT_STARTED
693187,NOT_STARTED
693233,NOT_STARTED
693257,NOT_STARTED
693265,NOT_STARTED
693359,NOT_STARTED
693409,NOT_STARTED
693437,NOT_STARTED
693469,NOT_STARTED
693509,NOT_STARTED
693545,NOT_STARTED
693559,NOT_STARTED
693583,NOT_STARTED
693757,NOT_STARTED
693759,NOT_STARTED
693781,NOT_STARTED
693907,NOT_STARTED
693919,NOT_STARTED
693943,NOT_STARTED
693967,NOT_STARTED
693971,NOT_STARTED
693995,NOT_STARTED
693997,NOT_STARTED
694103,NOT_STARTED
694109,NOT_STARTED
694147,NOT_STARTED
694163,NOT_STARTED
694165,NOT_STARTED
694235,NOT_STARTED
694289,NOT_STARTED
694429,NOT_STARTED
694457,NOT_STARTED
694487,NOT_STARTED
694523,NOT_STARTED
694549,NOT_STARTED
694655,NOT_STARTED
694661,NOT_STARTED
694667,NOT_STARTED
694673,NOT_STARTED
694727,NOT_STARTED
694729,NOT_STARTED
694753,NOT_STARTED
694763,NOT_STARTED
694807,NOT_STARTED
694811,NOT_STARTED
694901,NOT_STARTED
694961,NOT_STARTED
695153,NOT_STARTED
695173,NOT_STARTED
695177,NOT_STARTED
695183,NOT_STARTED
695209,NOT_STARTED
695213,NOT_STARTED
695219,NOT_STARTED
695269,NOT_STARTED
695309,NOT_STARTED
695351,NOT_STARTED
695389,NOT_STARTED
695423,NOT_STARTED
695449,NOT_STARTED
695531,NOT_STARTED
695543,NOT_STARTED
695663,NOT_STARTED
695719,NOT_STARTED
695753,NOT_STARTED
695819,NOT_STARTED
695821,NOT_STARTED
696005,NOT_STARTED
696083,NOT_STARTED
696119,NOT_STARTED
696125,NOT_STARTED
696127,NOT_STARTED
696137,NOT_STARTED
696157,NOT_STARTED
696181,NOT_STARTED
696217,NOT_STARTED
696287,NOT_STARTED
696325,NOT_STARTED
696503,NOT_STARTED
696533,NOT_STARTED
696547,NOT_STARTED
696577,NOT_STARTED
696593,NOT_STARTED
696659,NOT_STARTED
696661,NOT_STARTED
696665,NOT_STARTED
696701,NOT_STARTED
696775,NOT_STARTED
696893,NOT_STARTED
696907,NOT_STARTED
696919,NOT_STARTED
696931,NOT_STARTED
696937,NOT_STARTED
697019,NOT_STARTED
697049,NOT_STARTED
697157,NOT_STARTED
697183,NOT_STARTED
697187,NOT_STARTED
697219,NOT_STARTED
697223,NOT_STARTED
697273,NOT_STARTED
697283,NOT_STARTED
697309,NOT_STARTED
697331,NOT_STARTED
697337,NOT_STARTED
697457,NOT_STARTED
697463,NOT_STARTED
697483,NOT_STARTED
697523,NOT_STARTED
697525,NOT_STARTED
697533,NOT_STARTED
697559,NOT_STARTED
697561,NOT_STARTED
697603,NOT_STARTED
697703,NOT_STARTED
697707,NOT_STARTED
697793,NOT_STARTED
697801,NOT_STARTED
697841,NOT_STARTED
697843,NOT_STARTED
697849,NOT_STARTED
697877,NOT_STARTED
697913,NOT_STARTED
697915,NOT_STARTED
697939,NOT_STARTED
698059,NOT_STARTED
698111,NOT_STARTED
698117,NOT_STARTED
698123,NOT_STARTED
698147,NOT_STARTED
698189,NOT_STARTED
698197,NOT_STARTED
698317,NOT_STARTED
698449,NOT_STARTED
698507,NOT_STARTED
698509,NOT_STARTED
698571,NOT_STARTED
698593,NOT_STARTED
698613,NOT_STARTED
698615,NOT_STARTED
698773,NOT_STARTED
698791,NOT_STARTED
698797,NOT_STARTED
698827,NOT_STARTED
698849,NOT_STARTED
698863,NOT_STARTED
698911,NOT_STARTED
698963,NOT_STARTED
699017,NOT_STARTED
699089,NOT_STARTED
699091,NOT_STARTED
699137,NOT_STARTED
699173,NOT_STARTED
699253,NOT_STARTED
699343,NOT_STARTED
699349,NOT_STARTED
699473,NOT_STARTED
699581,NOT_STARTED
699587,NOT_STARTED
699589,NOT_STARTED
699671,NOT_STARTED
699767,NOT_STARTED
699769,NOT_STARTED
699875,NOT_STARTED
699877,NOT_STARTED
699887,NOT_STARTED
699901,NOT_STARTED
699967,NOT_STARTED
700001,NOT_STARTED
700003,NOT_STARTED
700013,NOT_STARTED
700043,NOT_STARTED
700109,NOT_STARTED
700279,NOT_STARTED
700343,NOT_STARTED
700369,NOT_STARTED
700397,NOT_STARTED
700477,NOT_STARTED
700481,NOT_STARTED
700499,NOT_STARTED
700541,NOT_STARTED
700601,NOT_STARTED
700633,NOT_STARTED
700681,NOT_STARTED
700717,NOT_STARTED
700721,NOT_STARTED
700723,NOT_STARTED
700741,NOT_STARTED
700759,NOT_STARTED
700813,NOT_STARTED
700849,NOT_STARTED
700919,NOT_STARTED
700969,NOT_STARTED
701011,NOT_STARTED
701063,NOT_STARTED
701075,NOT_STARTED
701125,NOT_STARTED
701133,NOT_STARTED
701183,NOT_STARTED
701185,NOT_STARTED
701299,NOT_STARTED
701311,NOT_STARTED
701363,NOT_STARTED
701423,NOT_STARTED
701509,NOT_STARTED
701513,NOT_STARTED
701769,NOT_STARTED
701801,NOT_STARTED
701839,NOT_STARTED
701885,NOT_STARTED
701911,NOT_STARTED
701915,NOT_STARTED
701933,NOT_STARTED
701981,NOT_STARTED
702025,NOT_STARTED
702031,NOT_STARTED
702037,NOT_STARTED
702047,NOT_STARTED
702083,NOT_STARTED
702181,NOT_STARTED
702359,NOT_STARTED
702451,NOT_STARTED
702473,NOT_STARTED
702565,NOT_STARTED
702623,NOT_STARTED
702627,NOT_STARTED
702637,NOT_STARTED
702649,NOT_STARTED
702773,NOT_STARTED
702869,NOT_STARTED
702913,NOT_STARTED
702937,NOT_STARTED
702953,NOT_STARTED
702961,NOT_STARTED
703043,NOT_STARTED
703141,NOT_STARTED
703163,NOT_STARTED
703171,NOT_STARTED
703249,NOT_STARTED
703281,NOT_STARTED
703283,NOT_STARTED
703399,NOT_STARTED
703489,NOT_STARTED
703505,NOT_STARTED
703567,NOT_STARTED
703571,NOT_STARTED
703589,NOT_STARTED
703643,NOT_STARTED
703765,NOT_STARTED
703771,NOT_STARTED
703789,NOT_STARTED
703799,NOT_STARTED
703801,NOT_STARTED
703823,NOT_STARTED
703883,NOT_STARTED
703957,NOT_STARTED
704041,NOT_STARTED
704047,NOT_STARTED
704323,NOT_STARTED
704333,NOT_STARTED
704335,NOT_STARTED
704365,NOT_STARTED
704369,NOT_STARTED
704371,NOT_STARTED
704689,NOT_STARTED
704897,NOT_STARTED
704903,NOT_STARTED
704911,NOT_STARTED
705139,NOT_STARTED
705221,NOT_STARTED
705279,NOT_STARTED
705307,NOT_STARTED
705319,NOT_STARTED
705329,NOT_STARTED
705331,NOT_STARTED
705335,NOT_STARTED
705349,NOT_STARTED
705361,NOT_STARTED
705409,NOT_STARTED
705447,NOT_STARTED
705473,NOT_STARTED
705499,NOT_STARTED
705533,NOT_STARTED
705563,NOT_STARTED
705581,NOT_STARTED
705587,NOT_STARTED
705593,NOT_STARTED
705595,NOT_STARTED
705647,NOT_STARTED
705671,NOT_STARTED
705691,NOT_STARTED
705841,NOT_STARTED
705901,NOT_STARTED
706073,NOT_STARTED
706317,NOT_STARTED
706381,NOT_STARTED
706389,NOT_STARTED
706403,NOT_STARTED
706427,NOT_STARTED
706525,NOT_STARTED
706529,NOT_STARTED
706547,NOT_STARTED
706643,NOT_STARTED
706801,NOT_STARTED
706807,NOT_STARTED
707033,NOT_STARTED
707177,NOT_STARTED
707225,NOT_STARTED
707227,NOT_STARTED
707303,NOT_STARTED
707323,NOT_STARTED
707383,NOT_STARTED
707387,NOT_STARTED
707389,NOT_STARTED
707393,NOT_STARTED
707437,NOT_STARTED
707467,NOT_STARTED
707483,NOT_STARTED
707501,NOT_STARTED
707573,NOT_STARTED
707575,NOT_STARTED
707577,NOT_STARTED
707579,NOT_STARTED
707587,NOT_STARTED
707689,NOT_STARTED
707771,NOT_STARTED
707813,NOT_STARTED
707873,NOT_STARTED
708065,NOT_STARTED
708067,NOT_STARTED
708091,NOT_STARTED
708095,NOT_STARTED
708139,NOT_STARTED
708257,NOT_STARTED
708373,NOT_STARTED
708377,NOT_STARTED
708383,NOT_STARTED
708407,NOT_STARTED
708413,NOT_STARTED
708439,NOT_STARTED
708503,NOT_STARTED
708541,NOT_STARTED
708545,NOT_STARTED
708607,NOT_STARTED
708617,NOT_STARTED
708619,NOT_STARTED
708707,NOT_STARTED
708757,NOT_STARTED
708767,NOT_STARTED
708781,NOT_STARTED
708961,NOT_STARTED
709003,NOT_STARTED
709007,NOT_STARTED
709009,NOT_STARTED
709013,NOT_STARTED
709057,NOT_STARTED
709157,NOT_STARTED
709163,NOT_STARTED
709253,NOT_STARTED
709357,NOT_STARTED
709363,NOT_STARTED
709469,NOT_STARTED
709547,NOT_STARTED
709609,NOT_STARTED
709615,NOT_STARTED
709621,NOT_STARTED
709627,NOT_STARTED
709747,NOT_STARTED
709799,NOT_STARTED
709803,NOT_STARTED
709879,NOT_STARTED
709939,NOT_STARTED
709943,NOT_STARTED
710029,NOT_STARTED
710033,NOT_STARTED
710059,NOT_STARTED
710099,NOT_STARTED
710105,NOT_STARTED
710167,NOT_STARTED
710223,NOT_STARTED
710233,NOT_STARTED
710239,NOT_STARTED
710303,NOT_STARTED
710357,NOT_STARTED
710399,NOT_STARTED
710405,NOT_STARTED
710413,NOT_STARTED
710419,NOT_STARTED
710539,NOT_STARTED
710543,NOT_STARTED
710579,NOT_STARTED
710641,NOT_STARTED
710707,NOT_STARTED
710713,NOT_STARTED
710717,NOT_STARTED
710753,NOT_STARTED
710755,NOT_STARTED
710757,NOT_STARTED
710815,NOT_STARTED
711053,NOT_STARTED
711071,NOT_STARTED
711083,NOT_STARTED
711143,NOT_STARTED
711151,NOT_STARTED
711227,NOT_STARTED
711317,NOT_STARTED
711329,NOT_STARTED
711335,NOT_STARTED
711379,NOT_STARTED
711409,NOT_STARTED
711563,NOT_STARTED
711629,NOT_STARTED
711631,NOT_STARTED
711653,NOT_STARTED
711793,NOT_STARTED
711799,NOT_STARTED
711863,NOT_STARTED
712009,NOT_STARTED
712023,NOT_STARTED
712025,NOT_STARTED
712027,NOT_STARTED
712031,NOT_STARTED
712033,NOT_STARTED
712037,NOT_STARTED
712053,NOT_STARTED
712127,NOT_STARTED
712133,NOT_STARTED
712147,NOT_STARTED
712249,NOT_STARTED
712339,NOT_STARTED
712379,NOT_STARTED
712447,NOT_STARTED
712535,NOT_STARTED
712577,NOT_STARTED
712579,NOT_STARTED
712603,NOT_STARTED
712609,NOT_STARTED
712721,NOT_STARTED
712741,NOT_STARTED
712771,NOT_STARTED
712787,NOT_STARTED
712793,NOT_STARTED
712849,NOT_STARTED
712913,NOT_STARTED
712997,NOT_STARTED
713003,NOT_STARTED
713059,NOT_STARTED
713063,NOT_STARTED
713089,NOT_STARTED
713197,NOT_STARTED
713199,NOT_STARTED
713357,NOT_STARTED
713359,NOT_STARTED
713361,NOT_STARTED
713417,NOT_STARTED
713419,NOT_STARTED
713425,NOT_STARTED
713431,NOT_STARTED
713513,NOT_STARTED
713527,NOT_STARTED
713533,NOT_STARTED
713537,NOT_STARTED
713613,NOT_STARTED
713627,NOT_STARTED
713663,NOT_STARTED
713689,NOT_STARTED
713719,NOT_STARTED
713809,NOT_STARTED
713837,NOT_STARTED
713873,NOT_STARTED
713963,NOT_STARTED
714001,NOT_STARTED
714003,NOT_STARTED
714005,NOT_STARTED
714007,NOT_STARTED
714037,NOT_STARTED
714061,NOT_STARTED
714073,NOT_STARTED
714079,NOT_STARTED
714089,NOT_STARTED
714113,NOT_STARTED
714121,NOT_STARTED
714125,NOT_STARTED
714201,NOT_STARTED
714227,NOT_STARTED
714257,NOT_STARTED
714259,NOT_STARTED
714263,NOT_STARTED
714283,NOT_STARTED
714289,NOT_STARTED
714299,NOT_STARTED
714301,NOT_STARTED
714391,NOT_STARTED
714401,NOT_STARTED
714421,NOT_STARTED
714451,NOT_STARTED
714533,NOT_STARTED
714577,NOT_STARTED
714579,NOT_STARTED
714589,NOT_STARTED
714635,NOT_STARTED
714637,NOT_STARTED
714643,NOT_STARTED
714691,NOT_STARTED
714697,NOT_STARTED
714701,NOT_STARTED
714739,NOT_STARTED
714923,NOT_STARTED
714949,NOT_STARTED
714953,NOT_STARTED
714977,NOT_STARTED
714991,NOT_STARTED
715171,NOT_STARTED
715339,NOT_STARTED
715463,NOT_STARTED
715475,NOT_STARTED
715501,NOT_STARTED
715553,NOT_STARTED
715583,NOT_STARTED
715703,NOT_STARTED
715823,NOT_STARTED
716003,NOT_STARTED
716005,NOT_STARTED
716039,NOT_STARTED
716087,NOT_STARTED
716093,NOT_STARTED
716195,NOT_STARTED
716203,NOT_STARTED
716227,NOT_STARTED
716231,NOT_STARTED
716269,NOT_STARTED
716321,NOT_STARTED
716363,NOT_STARTED
716413,NOT_STARTED
716423,NOT_STARTED
716503,NOT_STARTED
716509,NOT_STARTED
716713,NOT_STARTED
716831,NOT_STARTED
716879,NOT_STARTED
716899,NOT_STARTED
716917,NOT_STARTED
717011,NOT_STARTED
717013,NOT_STARTED
717019,NOT_STARTED
717053,NOT_STARTED
717065,NOT_STARTED
717067,NOT_STARTED
717113,NOT_STARTED
717271,NOT_STARTED
717275,NOT_STARTED
717295,NOT_STARTED
717297,NOT_STARTED
717343,NOT_STARTED
717347,NOT_STARTED
717359,NOT_STARTED
717361,NOT_STARTED
717473,NOT_STARTED
717559,NOT_STARTED
717571,NOT_STARTED
717613,NOT_STARTED
717631,NOT_STARTED
717721,NOT_STARTED
717755,NOT_STARTED
717757,NOT_STARTED
717827,NOT_STARTED
717863,NOT_STARTED
717887,NOT_STARTED
717893,NOT_STARTED
717937,NOT_STARTED
717989,NOT_STARTED
718007,NOT_STARTED
718015,NOT_STARTED
718141,NOT_STARTED
718219,NOT_STARTED
718303,NOT_STARTED
718307,NOT_STARTED
718469,NOT_STARTED
718517,NOT_STARTED
718703,NOT_STARTED
718723,NOT_STARTED
718787,NOT_STARTED
718817,NOT_STARTED
718871,NOT_STARTED
718877,NOT_STARTED
718883,NOT_STARTED
718953,NOT_STARTED
719123,NOT_STARTED
719207,NOT_STARTED
719213,NOT_STARTED
719227,NOT_STARTED
719239,NOT_STARTED
719297,NOT_STARTED
719333,NOT_STARTED
719357,NOT_STARTED
719359,NOT_STARTED
719463,NOT_STARTED
719533,NOT_STARTED
719543,NOT_STARTED
719603,NOT_STARTED
719609,NOT_STARTED
719641,NOT_STARTED
719839,NOT_STARTED
719843,NOT_STARTED
719867,NOT_STARTED
719875,NOT_STARTED
719911,NOT_STARTED
719917,NOT_STARTED
720023,NOT_STARTED
720035,NOT_STARTED
720137,NOT_STARTED
720373,NOT_STARTED
720377,NOT_STARTED
720383,NOT_STARTED
720419,NOT_STARTED
720443,NOT_STARTED
720527,NOT_STARTED
720593,NOT_STARTED
720619,NOT_STARTED
720623,NOT_STARTED
720719,NOT_STARTED
720749,NOT_STARTED
720829,NOT_STARTED
721087,NOT_STARTED
721091,NOT_STARTED
721229,NOT_STARTED
721243,NOT_STARTED
721397,NOT_STARTED
721399,NOT_STARTED
721403,NOT_STARTED
721457,NOT_STARTED
721459,NOT_STARTED
721461,NOT_STARTED
721499,NOT_STARTED
721507,NOT_STARTED
721519,NOT_STARTED
721637,NOT_STARTED
721663,NOT_STARTED
721709,NOT_STARTED
721745,NOT_STARTED
721747,NOT_STARTED
721751,NOT_STARTED
721763,NOT_STARTED
721793,NOT_STARTED
721801,NOT_STARTED
721813,NOT_STARTED
721823,NOT_STARTED
721825,NOT_STARTED
721861,NOT_STARTED
721891,NOT_STARTED
721921,NOT_STARTED
721997,NOT_STARTED
722027,NOT_STARTED
722033,NOT_STARTED
722125,NOT_STARTED
722129,NOT_STARTED
722173,NOT_STARTED
722183,NOT_STARTED
722185,NOT_STARTED
722213,NOT_STARTED
722389,NOT_STARTED
722433,NOT_STARTED
722437,NOT_STARTED
722539,NOT_STARTED
722599,NOT_STARTED
722611,NOT_STARTED
722677,NOT_STARTED
722683,NOT_STARTED
722687,NOT_STARTED
722723,NOT_STARTED
722749,NOT_STARTED
722863,NOT_STARTED
722933,NOT_STARTED
722935,NOT_STARTED
722993,NOT_STARTED
723005,NOT_STARTED
723293,NOT_STARTED
723497,NOT_STARTED
723499,NOT_STARTED
723505,NOT_STARTED
723507,NOT_STARTED
723563,NOT_STARTED
723683,NOT_STARTED
723701,NOT_STARTED
723769,NOT_STARTED
723863,NOT_STARTED
723865,NOT_STARTED
723871,NOT_STARTED
723923,NOT_STARTED
723925,NOT_STARTED
723979,NOT_STARTED
724027,NOT_STARTED
724057,NOT_STARTED
724123,NOT_STARTED
724129,NOT_STARTED
724139,NOT_STARTED
724153,NOT_STARTED
724159,NOT_STARTED
724219,NOT_STARTED
724225,NOT_STARTED
724231,NOT_STARTED
724331,NOT_STARTED
724339,NOT_STARTED
724343,NOT_STARTED
724351,NOT_STARTED
724369,NOT_STARTED
724375,NOT_STARTED
724403,NOT_STARTED
724669,NOT_STARTED
724823,NOT_STARTED
724853,NOT_STARTED
724855,NOT_STARTED
724861,NOT_STARTED
724879,NOT_STARTED
724883,NOT_STARTED
724915,NOT_STARTED
725009,NOT_STARTED
725011,NOT_STARTED
725077,NOT_STARTED
725165,NOT_STARTED
725171,NOT_STARTED
725213,NOT_STARTED
725221,NOT_STARTED
725223,NOT_STARTED
725227,NOT_STARTED
725255,NOT_STARTED
725273,NOT_STARTED
725281,NOT_STARTED
725489,NOT_STARTED
725543,NOT_STARTED
725603,NOT_STARTED
725609,NOT_STARTED
725639,NOT_STARTED
725753,NOT_STARTED
725761,NOT_STARTED
725765,NOT_STARTED
725807,NOT_STARTED
725813,NOT_STARTED
725873,NOT_STARTED
725939,NOT_STARTED
726047,NOT_STARTED
726049,NOT_STARTED
726109,NOT_STARTED
726241,NOT_STARTED
726259,NOT_STARTED
726263,NOT_STARTED
726265,NOT_STARTED
726347,NOT_STARTED
726395,NOT_STARTED
726437,NOT_STARTED
726539,NOT_STARTED
726571,NOT_STARTED
726661,NOT_STARTED
726709,NOT_STARTED
726871,NOT_STARTED
726953,NOT_STARTED
727023,NOT_STARTED
727081,NOT_STARTED
727099,NOT_STARTED
727123,NOT_STARTED
727213,NOT_STARTED
727219,NOT_STARTED
727223,NOT_STARTED
727313,NOT_STARTED
727373,NOT_STARTED
727501,NOT_STARTED
727517,NOT_STARTED
727519,NOT_STARTED
727637,NOT_STARTED
727639,NOT_STARTED
727643,NOT_STARTED
727645,NOT_STARTED
727763,NOT_STARTED
727781,NOT_STARTED
727825,NOT_STARTED
727897,NOT_STARTED
727909,NOT_STARTED
727955,NOT_STARTED
727967,NOT_STARTED
728027,NOT_STARTED
728033,NOT_STARTED
728041,NOT_STARTED
728057,NOT_STARTED
728087,NOT_STARTED
728095,NOT_STARTED
728101,NOT_STARTED
728131,NOT_STARTED
728143,NOT_STARTED
728149,NOT_STARTED
728153,NOT_STARTED
728173,NOT_STARTED
728177,NOT_STARTED
728213,NOT_STARTED
728219,NOT_STARTED
728243,NOT_STARTED
728341,NOT_STARTED
728437,NOT_STARTED
728443,NOT_STARTED
728491,NOT_STARTED
728507,NOT_STARTED
728587,NOT_STARTED
728663,NOT_STARTED
728783,NOT_STARTED
728789,NOT_STARTED
728813,NOT_STARTED
728997,NOT_STARTED
728999,NOT_STARTED
729001,NOT_STARTED
729077,NOT_STARTED
729087,NOT_STARTED
729089,NOT_STARTED
729103,NOT_STARTED
729113,NOT_STARTED
729203,NOT_STARTED
729227,NOT_STARTED
729233,NOT_STARTED
729301,NOT_STARTED
729311,NOT_STARTED
729331,NOT_STARTED
729335,NOT_STARTED
729413,NOT_STARTED
729613,NOT_STARTED
729689,NOT_STARTED
729695,NOT_STARTED
729791,NOT_STARTED
729793,NOT_STARTED
729797,NOT_STARTED
729799,NOT_STARTED
729881,NOT_STARTED
729889,NOT_STARTED
730007,NOT_STARTED
730073,NOT_STARTED
730097,NOT_STARTED
730157,NOT_STARTED
730163,NOT_STARTED
730169,NOT_STARTED
730217,NOT_STARTED
730321,NOT_STARTED
730339,NOT_STARTED
730363,NOT_STARTED
730373,NOT_STARTED
730423,NOT_STARTED
730429,NOT_STARTED
730487,NOT_STARTED
730639,NOT_STARTED
730679,NOT_STARTED
730687,NOT_STARTED
730697,NOT_STARTED
730699,NOT_STARTED
730727,NOT_STARTED
730733,NOT_STARTED
730949,NOT_STARTED
731005,NOT_STARTED
731071,NOT_STARTED
731099,NOT_STARTED
731117,NOT_STARTED
731141,NOT_STARTED
731153,NOT_STARTED
731273,NOT_STARTED
731333,NOT_STARTED
731335,NOT_STARTED
731339,NOT_STARTED
731345,NOT_STARTED
731413,NOT_STARTED
731417,NOT_STARTED
731449,NOT_STARTED
731455,NOT_STARTED
731459,NOT_STARTED
731461,NOT_STARTED
731483,NOT_STARTED
731543,NOT_STARTED
731651,NOT_STARTED
731653,NOT_STARTED
731683,NOT_STARTED
731693,NOT_STARTED
731741,NOT_STARTED
731783,NOT_STARTED
731933,NOT_STARTED
732043,NOT_STARTED
732053,NOT_STARTED
732059,NOT_STARTED
732119,NOT_STARTED
732257,NOT_STARTED
732343,NOT_STARTED
732359,NOT_STARTED
732387,NOT_STARTED
732391,NOT_STARTED
732401,NOT_STARTED
732409,NOT_STARTED
732425,NOT_STARTED
732469,NOT_STARTED
732545,NOT_STARTED
732547,NOT_STARTED
732563,NOT_STARTED
732587,NOT_STARTED
732619,NOT_STARTED
732643,NOT_STARTED
732653,NOT_STARTED
732779,NOT_STARTED
732799,NOT_STARTED
732863,NOT_STARTED
732949,NOT_STARTED
732983,NOT_STARTED
733013,NOT_STARTED
733015,NOT_STARTED
733021,NOT_STARTED
733039,NOT_STARTED
733043,NOT_STARTED
733045,NOT_STARTED
733073,NOT_STARTED
733207,NOT_STARTED
733223,NOT_STARTED
733259,NOT_STARTED
733307,NOT_STARTED
733351,NOT_STARTED
733373,NOT_STARTED
733477,NOT_STARTED
733519,NOT_STARTED
733521,NOT_STARTED
733669,NOT_STARTED
733853,NOT_STARTED
733883,NOT_STARTED
733897,NOT_STARTED
734023,NOT_STARTED
734033,NOT_STARTED
734113,NOT_STARTED
734117,NOT_STARTED
734245,NOT_STARTED
734249,NOT_STARTED
734303,NOT_STARTED
734333,NOT_STARTED
734353,NOT_STARTED
734449,NOT_STARTED
734519,NOT_STARTED
734573,NOT_STARTED
734585,NOT_STARTED
734593,NOT_STARTED
734603,NOT_STARTED
734605,NOT_STARTED
734663,NOT_STARTED
734777,NOT_STARTED
734779,NOT_STARTED
734897,NOT_STARTED
734987,NOT_STARTED
734989,NOT_STARTED
735005,NOT_STARTED
735083,NOT_STARTED
735115,NOT_STARTED
735151,NOT_STARTED
735313,NOT_STARTED
735391,NOT_STARTED
735491,NOT_STARTED
735499,NOT_STARTED
735505,NOT_STARTED
735593,NOT_STARTED
735623,NOT_STARTED
735629,NOT_STARTED
735659,NOT_STARTED
735757,NOT_STARTED
735781,NOT_STARTED
735785,NOT_STARTED
735787,NOT_STARTED
735811,NOT_STARTED
735823,NOT_STARTED
735829,NOT_STARTED
735831,NOT_STARTED
735835,NOT_STARTED
735907,NOT_STARTED
735923,NOT_STARTED
735959,NOT_STARTED
735983,NOT_STARTED
736067,NOT_STARTED
736073,NOT_STARTED
736129,NOT_STARTED
736297,NOT_STARTED
736307,NOT_STARTED
736331,NOT_STARTED
736333,NOT_STARTED
736343,NOT_STARTED
736471,NOT_STARTED
736473,NOT_STARTED
736477,NOT_STARTED
736481,NOT_STARTED
736483,NOT_STARTED
736487,NOT_STARTED
736501,NOT_STARTED
736531,NOT_STARTED
736549,NOT_STARTED
736553,NOT_STARTED
736559,NOT_STARTED
736565,NOT_STARTED
736583,NOT_STARTED
736597,NOT_STARTED
736609,NOT_STARTED
736657,NOT_STARTED
736721,NOT_STARTED
736723,NOT_STARTED
736727,NOT_STARTED
736745,NOT_STARTED
736753,NOT_STARTED
736757,NOT_STARTED
736763,NOT_STARTED
736853,NOT_STARTED
736993,NOT_STARTED
737003,NOT_STARTED
737069,NOT_STARTED
737089,NOT_STARTED
737093,NOT_STARTED
737209,NOT_STARTED
737227,NOT_STARTED
737237,NOT_STARTED
737333,NOT_STARTED
737363,NOT_STARTED
737383,NOT_STARTED
737389,NOT_STARTED
737447,NOT_STARTED
737449,NOT_STARTED
737461,NOT_STARTED
737549,NOT_STARTED
737663,NOT_STARTED
737777,NOT_STARTED
737831,NOT_STARTED
737873,NOT_STARTED
737931,NOT_STARTED
737959,NOT_STARTED
738053,NOT_STARTED
738175,NOT_STARTED
738265,NOT_STARTED
738323,NOT_STARTED
738329,NOT_STARTED
738403,NOT_STARTED
738443,NOT_STARTED
738457,NOT_STARTED
738469,NOT_STARTED
738473,NOT_STARTED
738553,NOT_STARTED
738589,NOT_STARTED
738623,NOT_STARTED
738637,NOT_STARTED
738643,NOT_STARTED
738647,NOT_STARTED
738653,NOT_STARTED
738659,NOT_STARTED
738721,NOT_STARTED
738757,NOT_STARTED
738923,NOT_STARTED
738989,NOT_STARTED
739121,NOT_STARTED
739123,NOT_STARTED
739231,NOT_STARTED
739411,NOT_STARTED
739527,NOT_STARTED
739553,NOT_STARTED
739579,NOT_STARTED
739603,NOT_STARTED
739703,NOT_STARTED
739705,NOT_STARTED
739727,NOT_STARTED
739733,NOT_STARTED
739861,NOT_STARTED
739867,NOT_STARTED
739879,NOT_STARTED
739973,NOT_STARTED
739975,NOT_STARTED
739981,NOT_STARTED
739983,NOT_STARTED
740105,NOT_STARTED
740203,NOT_STARTED
740213,NOT_STARTED
740251,NOT_STARTED
740261,NOT_STARTED
740269,NOT_STARTED
740329,NOT_STARTED
740387,NOT_STARTED
740401,NOT_STARTED
740403,NOT_STARTED
740483,NOT_STARTED
740561,NOT_STARTED
740753,NOT_STARTED
740827,NOT_STARTED
740851,NOT_STARTED
740869,NOT_STARTED
740939,NOT_STARTED
741083,NOT_STARTED
741143,NOT_STARTED
741197,NOT_STARTED
741209,NOT_STARTED
741233,NOT_STARTED
741241,NOT_STARTED
741293,NOT_STARTED
741317,NOT_STARTED
741323,NOT_STARTED
741349,NOT_STARTED
741413,NOT_STARTED
741431,NOT_STARTED
741479,NOT_STARTED
741521,NOT_STARTED
741523,NOT_STARTED
741569,NOT_STARTED
741601,NOT_STARTED
741613,NOT_STARTED
741617,NOT_STARTED
741619,NOT_STARTED
741641,NOT_STARTED
741643,NOT_STARTED
741721,NOT_STARTED
741727,NOT_STARTED
741737,NOT_STARTED
741767,NOT_STARTED
741901,NOT_STARTED
741943,NOT_STARTED
741977,NOT_STARTED
742009,NOT_STARTED
742039,NOT_STARTED
742043,NOT_STARTED
742079,NOT_STARTED
742159,NOT_STARTED
742171,NOT_STARTED
742259,NOT_STARTED
742439,NOT_STARTED
742477,NOT_STARTED
742729,NOT_STARTED
742739,NOT_STARTED
742759,NOT_STARTED
742761,NOT_STARTED
742837,NOT_STARTED
742851,NOT_STARTED
742853,NOT_STARTED
742861,NOT_STARTED
742913,NOT_STARTED
743029,NOT_STARTED
743179,NOT_STARTED
743183,NOT_STARTED
743233,NOT_STARTED
743239,NOT_STARTED
743287,NOT_STARTED
743299,NOT_STARTED
743303,NOT_STARTED
743339,NOT_STARTED
743341,NOT_STARTED
743349,NOT_STARTED
743363,NOT_STARTED
743377,NOT_STARTED
743447,NOT_STARTED
743449,NOT_STARTED
743457,NOT_STARTED
743467,NOT_STARTED
743473,NOT_STARTED
743477,NOT_STARTED
743483,NOT_STARTED
743497,NOT_STARTED
743509,NOT_STARTED
743623,NOT_STARTED
743633,NOT_STARTED
743947,NOT_STARTED
743965,NOT_STARTED
744005,NOT_STARTED
744019,NOT_STARTED
744029,NOT_STARTED
744113,NOT_STARTED
744127,NOT_STARTED
744151,NOT_STARTED
744157,NOT_STARTED
744203,NOT_STARTED
744253,NOT_STARTED
744265,NOT_STARTED
744335,NOT_STARTED
744409,NOT_STARTED
744433,NOT_STARTED
744437,NOT_STARTED
744467,NOT_STARTED
744469,NOT_STARTED
744619,NOT_STARTED
744649,NOT_STARTED
744677,NOT_STARTED
744739,NOT_STARTED
744791,NOT_STARTED
744833,NOT_STARTED
744835,NOT_STARTED
744869,NOT_STARTED
744923,NOT_STARTED
744929,NOT_STARTED
744959,NOT_STARTED
744979,NOT_STARTED
745027,NOT_STARTED
745067,NOT_STARTED
745083,NOT_STARTED
745143,NOT_STARTED
745145,NOT_STARTED
745147,NOT_STARTED
745253,NOT_STARTED
745277,NOT_STARTED
745283,NOT_STARTED
745313,NOT_STARTED
745343,NOT_STARTED
745409,NOT_STARTED
745417,NOT_STARTED
745441,NOT_STARTED
745451,NOT_STARTED
745457,NOT_STARTED
745543,NOT_STARTED
745573,NOT_STARTED
745583,NOT_STARTED
745631,NOT_STARTED
745643,NOT_STARTED
745673,NOT_STARTED
745767,NOT_STARTED
745771,NOT_STARTED
745777,NOT_STARTED
745793,NOT_STARTED
745799,NOT_STARTED
745819,NOT_STARTED
745823,NOT_STARTED
745849,NOT_STARTED
745889,NOT_STARTED
745907,NOT_STARTED
745909,NOT_STARTED
745999,NOT_STARTED
746003,NOT_STARTED
746051,NOT_STARTED
746071,NOT_STARTED
746267,NOT_STARTED
746269,NOT_STARTED
746303,NOT_STARTED
746371,NOT_STARTED
746387,NOT_STARTED
746389,NOT_STARTED
746441,NOT_STARTED
746449,NOT_STARTED
746567,NOT_STARTED
746569,NOT_STARTED
746573,NOT_STARTED
746605,NOT_STARTED
746633,NOT_STARTED
746635,NOT_STARTED
746641,NOT_STARTED
746681,NOT_STARTED
746693,NOT_STARTED
746819,NOT_STARTED
746845,NOT_STARTED
746849,NOT_STARTED
746851,NOT_STARTED
746903,NOT_STARTED
746917,NOT_STARTED
746995,NOT_STARTED
747007,NOT_STARTED
747019,NOT_STARTED
747023,NOT_STARTED
747053,NOT_STARTED
747059,NOT_STARTED
747077,NOT_STARTED
747079,NOT_STARTED
747083,NOT_STARTED
747127,NOT_STARTED
747173,NOT_STARTED
747203,NOT_STARTED
747299,NOT_STARTED
747325,NOT_STARTED
747473,NOT_STARTED
747475,NOT_STARTED
747503,NOT_STARTED
747533,NOT_STARTED
747563,NOT_STARTED
747649,NOT_STARTED
747651,NOT_STARTED
747659,NOT_STARTED
747689,NOT_STARTED
747701,NOT_STARTED
747781,NOT_STARTED
747785,NOT_STARTED
747787,NOT_STARTED
747919,NOT_STARTED
747953,NOT_STARTED
748169,NOT_STARTED
748171,NOT_STARTED
748313,NOT_STARTED
748361,NOT_STARTED
748397,NOT_STARTED
748399,NOT_STARTED
748403,NOT_STARTED
748547,NOT_STARTED
748639,NOT_STARTED
748643,NOT_STARTED
748669,NOT_STARTED
748735,NOT_STARTED
748741,NOT_STARTED
748903,NOT_STARTED
748937,NOT_STARTED
748981,NOT_STARTED
748993,NOT_STARTED
749013,NOT_STARTED
749027,NOT_STARTED
749029,NOT_STARTED
749033,NOT_STARTED
749059,NOT_STARTED
749095,NOT_STARTED
749363,NOT_STARTED
749401,NOT_STARTED
749405,NOT_STARTED
749471,NOT_STARTED
749497,NOT_STARTED
749519,NOT_STARTED
749561,NOT_STARTED
749569,NOT_STARTED
749591,NOT_STARTED
749605,NOT_STARTED
749641,NOT_STARTED
749813,NOT_STARTED
749947,NOT_STARTED
749953,NOT_STARTED
749971,NOT_STARTED
749981,NOT_STARTED
749993,NOT_STARTED
750063,NOT_STARTED
750209,NOT_STARTED
750245,NOT_STARTED
750259,NOT_STARTED
750265,NOT_STARTED
750293,NOT_STARTED
750331,NOT_STARTED
750335,NOT_STARTED
750473,NOT_STARTED
750539,NOT_STARTED
750571,NOT_STARTED
750667,NOT_STARTED
750749,NOT_STARTED
750833,NOT_STARTED
750863,NOT_STARTED
750877,NOT_STARTED
750881,NOT_STARTED
750883,NOT_STARTED
751063,NOT_STARTED
751103,NOT_STARTED
751105,NOT_STARTED
751217,NOT_STARTED
751223,NOT_STARTED
751277,NOT_STARTED
751385,NOT_STARTED
751423,NOT_STARTED
751483,NOT_STARTED
751493,NOT_STARTED
751529,NOT_STARTED
751553,NOT_STARTED
751579,NOT_STARTED
751583,NOT_STARTED
751613,NOT_STARTED
751643,NOT_STARTED
751763,NOT_STARTED
751799,NOT_STARTED
751883,NOT_STARTED
751973,NOT_STARTED
752041,NOT_STARTED
752057,NOT_STARTED
752059,NOT_STARTED
752117,NOT_STARTED
752149,NOT_STARTED
752155,NOT_STARTED
752207,NOT_STARTED
752209,NOT_STARTED
752213,NOT_STARTED
752303,NOT_STARTED
752307,NOT_STARTED
752323,NOT_STARTED
752327,NOT_STARTED
752369,NOT_STARTED
752393,NOT_STARTED
752483,NOT_STARTED
752539,NOT_STARTED
752581,NOT_STARTED
752613,NOT_STARTED
752711,NOT_STARTED
752721,NOT_STARTED
752729,NOT_STARTED
752753,NOT_STARTED
752833,NOT_STARTED
753041,NOT_STARTED
753049,NOT_STARTED
753053,NOT_STARTED
753059,NOT_STARTED
753061,NOT_STARTED
753103,NOT_STARTED
753113,NOT_STARTED
753203,NOT_STARTED
753209,NOT_STARTED
753235,NOT_STARTED
753281,NOT_STARTED
753287,NOT_STARTED
753293,NOT_STARTED
753343,NOT_STARTED
753439,NOT_STARTED
753463,NOT_STARTED
753469,NOT_STARTED
753527,NOT_STARTED
753529,NOT_STARTED
753569,NOT_STARTED
753751,NOT_STARTED
753773,NOT_STARTED
753889,NOT_STARTED
753913,NOT_STARTED
753959,NOT_STARTED
753961,NOT_STARTED
753983,NOT_STARTED
753985,NOT_STARTED
754157,NOT_STARTED
754189,NOT_STARTED
754193,NOT_STARTED
754303,NOT_STARTED
754343,NOT_STARTED
754381,NOT_STARTED
754403,NOT_STARTED
754427,NOT_STARTED
754429,NOT_STARTED
754489,NOT_STARTED
754537,NOT_STARTED
754549,NOT_STARTED
754609,NOT_STARTED
754661,NOT_STARTED
754787,NOT_STARTED
754789,NOT_STARTED
754997,NOT_STARTED
755177,NOT_STARTED
755183,NOT_STARTED
755289,NOT_STARTED
755423,NOT_STARTED
755459,NOT_STARTED
755483,NOT_STARTED
755491,NOT_STARTED
755509,NOT_STARTED
755525,NOT_STARTED
755569,NOT_STARTED
755575,NOT_STARTED
755579,NOT_STARTED
755597,NOT_STARTED
755627,NOT_STARTED
755635,NOT_STARTED
755641,NOT_STARTED
755689,NOT_STARTED
755693,NOT_STARTED
755813,NOT_STARTED
755819,NOT_STARTED
755831,NOT_STARTED
755833,NOT_STARTED
755837,NOT_STARTED
755839,NOT_STARTED
755903,NOT_STARTED
755907,NOT_STARTED
755909,NOT_STARTED
755917,NOT_STARTED
755923,NOT_STARTED
755941,NOT_STARTED
755989,NOT_STARTED
755993,NOT_STARTED
756023,NOT_STARTED
756073,NOT_STARTED
756083,NOT_STARTED
756107,NOT_STARTED
756203,NOT_STARTED
756209,NOT_STARTED
756233,NOT_STARTED
756299,NOT_STARTED
756379,NOT_STARTED
756381,NOT_STARTED
756421,NOT_STARTED
756467,NOT_STARTED
756497,NOT_STARTED
756499,NOT_STARTED
756503,NOT_STARTED
756541,NOT_STARTED
756549,NOT_STARTED
756607,NOT_STARTED
756631,NOT_STARTED
756653,NOT_STARTED
756689,NOT_STARTED
756743,NOT_STARTED
756793,NOT_STARTED
756799,NOT_STARTED
756811,NOT_STARTED
756889,NOT_STARTED
756893,NOT_STARTED
756931,NOT_STARTED
756971,NOT_STARTED
756973,NOT_STARTED
756977,NOT_STARTED
756983,NOT_STARTED
756991,NOT_STARTED
757027,NOT_STARTED
757075,NOT_STARTED
757121,NOT_STARTED
757127,NOT_STARTED
757181,NOT_STARTED
757201,NOT_STARTED
757273,NOT_STARTED
757277,NOT_STARTED
757343,NOT_STARTED
757457,NOT_STARTED
757523,NOT_STARTED
757583,NOT_STARTED
757607,NOT_STARTED
757609,NOT_STARTED
757621,NOT_STARTED
757633,NOT_STARTED
757671,NOT_STARTED
757733,NOT_STARTED
757833,NOT_STARTED
757835,NOT_STARTED
757861,NOT_STARTED
757865,NOT_STARTED
757883,NOT_STARTED
757963,NOT_STARTED
757969,NOT_STARTED
757979,NOT_STARTED
758015,NOT_STARTED
758071,NOT_STARTED
758113,NOT_STARTED
758123,NOT_STARTED
758165,NOT_STARTED
758209,NOT_STARTED
758363,NOT_STARTED
758393,NOT_STARTED
758453,NOT_STARTED
758467,NOT_STARTED
758521,NOT_STARTED
758587,NOT_STARTED
758599,NOT_STARTED
758641,NOT_STARTED
758801,NOT_STARTED
758899,NOT_STARTED
758915,NOT_STARTED
759001,NOT_STARTED
759113,NOT_STARTED
759193,NOT_STARTED
759229,NOT_STARTED
759239,NOT_STARTED
759269,NOT_STARTED
759341,NOT_STARTED
759377,NOT_STARTED
759383,NOT_STARTED
759473,NOT_STARTED
759503,NOT_STARTED
759509,NOT_STARTED
759529,NOT_STARTED
759673,NOT_STARTED
759779,NOT_STARTED
759799,NOT_STARTED
759821,NOT_STARTED
759853,NOT_STARTED
759859,NOT_STARTED
759867,NOT_STARTED
759893,NOT_STARTED
759961,NOT_STARTED
759977,NOT_STARTED
759993,NOT_STARTED
760013,NOT_STARTED
760019,NOT_STARTED
760051,NOT_STARTED
760079,NOT_STARTED
760081,NOT_STARTED
760171,NOT_STARTED
760189,NOT_STARTED
760309,NOT_STARTED
760343,NOT_STARTED
760381,NOT_STARTED
760459,NOT_STARTED
760463,NOT_STARTED
760663,NOT_STARTED
760671,NOT_STARTED
760675,NOT_STARTED
760699,NOT_STARTED
760711,NOT_STARTED
760729,NOT_STARTED
760745,NOT_STARTED
760783,NOT_STARTED
760789,NOT_STARTED
760819,NOT_STARTED
760969,NOT_STARTED
760973,NOT_STARTED
760975,NOT_STARTED
761023,NOT_STARTED
761027,NOT_STARTED
761033,NOT_STARTED
761077,NOT_STARTED
761087,NOT_STARTED
761093,NOT_STARTED
761095,NOT_STARTED
761131,NOT_STARTED
761135,NOT_STARTED
761183,NOT_STARTED
761213,NOT_STARTED
761227,NOT_STARTED
761237,NOT_STARTED
761263,NOT_STARTED
761493,NOT_STARTED
761503,NOT_STARTED
761543,NOT_STARTED
761597,NOT_STARTED
761731,NOT_STARTED
761741,NOT_STARTED
761749,NOT_STARTED
761753,NOT_STARTED
761759,NOT_STARTED
761783,NOT_STARTED
761897,NOT_STARTED
761903,NOT_STARTED
762061,NOT_STARTED
762065,NOT_STARTED
762083,NOT_STARTED
762109,NOT_STARTED
762121,NOT_STARTED
762139,NOT_STARTED
762145,NOT_STARTED
762157,NOT_STARTED
762173,NOT_STARTED
762197,NOT_STARTED
762259,NOT_STARTED
762271,NOT_STARTED
762409,NOT_STARTED
762417,NOT_STARTED
762423,NOT_STARTED
762437,NOT_STARTED
762443,NOT_STARTED
762451,NOT_STARTED
762457,NOT_STARTED
762503,NOT_STARTED
762509,NOT_STARTED
762677,NOT_STARTED
762679,NOT_STARTED
762683,NOT_STARTED
762697,NOT_STARTED
762761,NOT_STARTED
762851,NOT_STARTED
763187,NOT_STARTED
763223,NOT_STARTED
763237,NOT_STARTED
763321,NOT_STARTED
763433,NOT_STARTED
763559,NOT_STARTED
763583,NOT_STARTED
763627,NOT_STARTED
763677,NOT_STARTED
763679,NOT_STARTED
763705,NOT_STARTED
763757,NOT_STARTED
763823,NOT_STARTED
763825,NOT_STARTED
763861,NOT_STARTED
763883,NOT_STARTED
764059,NOT_STARTED
764089,NOT_STARTED
764153,NOT_STARTED
764179,NOT_STARTED
764191,NOT_STARTED
764213,NOT_STARTED
764275,NOT_STARTED
764303,NOT_STARTED
764399,NOT_STARTED
764407,NOT_STARTED
764409,NOT_STARTED
764413,NOT_STARTED
764419,NOT_STARTED
764449,NOT_STARTED
764509,NOT_STARTED
764629,NOT_STARTED
764663,NOT_STARTED
764669,NOT_STARTED
764689,NOT_STARTED
764693,NOT_STARTED
764699,NOT_STARTED
764733,NOT_STARTED
764737,NOT_STARTED
764743,NOT_STARTED
764761,NOT_STARTED
764795,NOT_STARTED
764809,NOT_STARTED
764815,NOT_STARTED
764869,NOT_STARTED
764873,NOT_STARTED
764909,NOT_STARTED
764917,NOT_STARTED
764927,NOT_STARTED
764933,NOT_STARTED
765017,NOT_STARTED
765073,NOT_STARTED
765077,NOT_STARTED
765181,NOT_STARTED
765259,NOT_STARTED
765331,NOT_STARTED
765353,NOT_STARTED
765355,NOT_STARTED
765391,NOT_STARTED
765443,NOT_STARTED
765473,NOT_STARTED
765503,NOT_STARTED
765539,NOT_STARTED
765553,NOT_STARTED
765587,NOT_STARTED
765589,NOT_STARTED
765599,NOT_STARTED
765631,NOT_STARTED
765659,NOT_STARTED
765683,NOT_STARTED
765689,NOT_STARTED
765709,NOT_STARTED
765797,NOT_STARTED
765863,NOT_STARTED
766001,NOT_STARTED
766021,NOT_STARTED
766049,NOT_STARTED
766067,NOT_STARTED
766193,NOT_STARTED
766303,NOT_STARTED
766343,NOT_STARTED
766401,NOT_STARTED
766403,NOT_STARTED
766591,NOT_STARTED
766609,NOT_STARTED
766651,NOT_STARTED
766701,NOT_STARTED
766703,NOT_STARTED
766823,NOT_STARTED
766825,NOT_STARTED
766831,NOT_STARTED
766841,NOT_STARTED
766877,NOT_STARTED
766879,NOT_STARTED
766913,NOT_STARTED
766957,NOT_STARTED
767003,NOT_STARTED
767029,NOT_STARTED
767051,NOT_STARTED
767101,NOT_STARTED
767117,NOT_STARTED
767177,NOT_STARTED
767185,NOT_STARTED
767203,NOT_STARTED
767213,NOT_STARTED
767219,NOT_STARTED
767243,NOT_STARTED
767363,NOT_STARTED
767369,NOT_STARTED
767371,NOT_STARTED
767381,NOT_STARTED
767443,NOT_STARTED
767447,NOT_STARTED
767551,NOT_STARTED
767647,NOT_STARTED
767651,NOT_STARTED
767653,NOT_STARTED
767657,NOT_STARTED
767687,NOT_STARTED
767783,NOT_STARTED
767911,NOT_STARTED
767915,NOT_STARTED
767917,NOT_STARTED
767927,NOT_STARTED
767969,NOT_STARTED
767971,NOT_STARTED
768073,NOT_STARTED
768077,NOT_STARTED
768143,NOT_STARTED
768203,NOT_STARTED
768241,NOT_STARTED
768245,NOT_STARTED
768329,NOT_STARTED
768527,NOT_STARTED
768599,NOT_STARTED
768689,NOT_STARTED
768701,NOT_STARTED
768709,NOT_STARTED
768773,NOT_STARTED
768811,NOT_STARTED
768815,NOT_STARTED
768827,NOT_STARTED
768961,NOT_STARTED
769043,NOT_STARTED
769061,NOT_STARTED
769123,NOT_STARTED
769171,NOT_STARTED
769187,NOT_STARTED
769207,NOT_STARTED
769213,NOT_STARTED
769261,NOT_STARTED
769319,NOT_STARTED
769339,NOT_STARTED
769357,NOT_STARTED
769469,NOT_STARTED
769487,NOT_STARTED
769505,NOT_STARTED
769513,NOT_STARTED
769639,NOT_STARTED
769673,NOT_STARTED
769699,NOT_STARTED
769705,NOT_STARTED
769709,NOT_STARTED
769759,NOT_STARTED
769763,NOT_STARTED
769853,NOT_STARTED
769883,NOT_STARTED
769885,NOT_STARTED
769889,NOT_STARTED
769999,NOT_STARTED
770003,NOT_STARTED
770081,NOT_STARTED
770083,NOT_STARTED
770123,NOT_STARTED
770129,NOT_STARTED
770153,NOT_STARTED
770261,NOT_STARTED
770291,NOT_STARTED
770323,NOT_STARTED
770335,NOT_STARTED
770339,NOT_STARTED
770387,NOT_STARTED
770389,NOT_STARTED
770467,NOT_STARTED
770611,NOT_STARTED
770675,NOT_STARTED
770677,NOT_STARTED
770713,NOT_STARTED
770813,NOT_STARTED
770815,NOT_STARTED
770941,NOT_STARTED
770993,NOT_STARTED
771109,NOT_STARTED
771121,NOT_STARTED
771123,NOT_STARTED
771143,NOT_STARTED
771185,NOT_STARTED
771245,NOT_STARTED
771301,NOT_STARTED
771307,NOT_STARTED
771331,NOT_STARTED
771403,NOT_STARTED
771413,NOT_STARTED
771541,NOT_STARTED
771659,NOT_STARTED
771739,NOT_STARTED
771743,NOT_STARTED
771781,NOT_STARTED
771787,NOT_STARTED
771943,NOT_STARTED
771973,NOT_STARTED
772105,NOT_STARTED
772181,NOT_STARTED
772183,NOT_STARTED
772207,NOT_STARTED
772211,NOT_STARTED
772231,NOT_STARTED
772283,NOT_STARTED
772463,NOT_STARTED
772523,NOT_STARTED
772547,NOT_STARTED
772729,NOT_STARTED
772747,NOT_STARTED
772805,NOT_STARTED
772819,NOT_STARTED
772867,NOT_STARTED
772885,NOT_STARTED
772921,NOT_STARTED
772993,NOT_STARTED
773063,NOT_STARTED
773093,NOT_STARTED
773119,NOT_STARTED
773125,NOT_STARTED
773161,NOT_STARTED
773167,NOT_STARTED
773179,NOT_STARTED
773213,NOT_STARTED
773261,NOT_STARTED
773299,NOT_STARTED
773341,NOT_STARTED
773419,NOT_STARTED
773423,NOT_STARTED
773459,NOT_STARTED
773543,NOT_STARTED
773615,NOT_STARTED
773627,NOT_STARTED
773639,NOT_STARTED
773663,NOT_STARTED
773695,NOT_STARTED
773723,NOT_STARTED
773725,NOT_STARTED
773729,NOT_STARTED
773749,NOT_STARTED
773753,NOT_STARTED
773779,NOT_STARTED
773783,NOT_STARTED
773909,NOT_STARTED
773911,NOT_STARTED
774023,NOT_STARTED
774049,NOT_STARTED
774053,NOT_STARTED
774187,NOT_STARTED
774211,NOT_STARTED
774247,NOT_STARTED
774259,NOT_STARTED
774263,NOT_STARTED
774269,NOT_STARTED
774355,NOT_STARTED
774379,NOT_STARTED
774381,NOT_STARTED
774383,NOT_STARTED
774413,NOT_STARTED
774443,NOT_STARTED
774445,NOT_STARTED
774457,NOT_STARTED
774607,NOT_STARTED
774609,NOT_STARTED
774713,NOT_STARTED
774719,NOT_STARTED
774737,NOT_STARTED
774739,NOT_STARTED
774881,NOT_STARTED
774883,NOT_STARTED
774931,NOT_STARTED
774973,NOT_STARTED
774983,NOT_STARTED
774997,NOT_STARTED
775175,NOT_STARTED
775193,NOT_STARTED
775213,NOT_STARTED
775217,NOT_STARTED
775223,NOT_STARTED
775289,NOT_STARTED
775321,NOT_STARTED
775367,NOT_STARTED
775381,NOT_STARTED
775403,NOT_STARTED
775451,NOT_STARTED
775459,NOT_STARTED
775519,NOT_STARTED
775613,NOT_STARTED
775641,NOT_STARTED
775787,NOT_STARTED
775837,NOT_STARTED
775843,NOT_STARTED
775893,NOT_STARTED
775895,NOT_STARTED
775897,NOT_STARTED
775949,NOT_STARTED
775969,NOT_STARTED
776011,NOT_STARTED
776033,NOT_STARTED
776063,NOT_STARTED
776123,NOT_STARTED
776269,NOT_STARTED
776291,NOT_STARTED
776299,NOT_STARTED
776359,NOT_STARTED
776367,NOT_STARTED
776401,NOT_STARTED
776407,NOT_STARTED
776409,NOT_STARTED
776483,NOT_STARTED
776531,NOT_STARTED
776533,NOT_STARTED
776573,NOT_STARTED
776587,NOT_STARTED
776599,NOT_STARTED
776605,NOT_STARTED
776613,NOT_STARTED
776627,NOT_STARTED
776629,NOT_STARTED
776639,NOT_STARTED
776653,NOT_STARTED
776663,NOT_STARTED
776665,NOT_STARTED
776759,NOT_STARTED
776771,NOT_STARTED
776893,NOT_STARTED
776921,NOT_STARTED
776927,NOT_STARTED
777017,NOT_STARTED
777019,NOT_STARTED
777031,NOT_STARTED
777041,NOT_STARTED
777049,NOT_STARTED
777083,NOT_STARTED
777115,NOT_STARTED
777221,NOT_STARTED
777317,NOT_STARTED
777319,NOT_STARTED
777323,NOT_STARTED
777331,NOT_STARTED
777353,NOT_STARTED
777397,NOT_STARTED
777487,NOT_STARTED
777497,NOT_STARTED
777505,NOT_STARTED
777515,NOT_STARTED
777647,NOT_STARTED
777683,NOT_STARTED
777787,NOT_STARTED
777797,NOT_STARTED
777817,NOT_STARTED
777883,NOT_STARTED
777923,NOT_STARTED
777931,NOT_STARTED
778031,NOT_STARTED
778129,NOT_STARTED
778249,NOT_STARTED
778271,NOT_STARTED
778273,NOT_STARTED
778337,NOT_STARTED
778339,NOT_STARTED
778343,NOT_STARTED
778363,NOT_STARTED
778441,NOT_STARTED
778447,NOT_STARTED
778583,NOT_STARTED
778609,NOT_STARTED
778741,NOT_STARTED
778819,NOT_STARTED
778933,NOT_STARTED
778937,NOT_STARTED
778951,NOT_STARTED
779021,NOT_STARTED
779041,NOT_STARTED
779159,NOT_STARTED
779197,NOT_STARTED
779201,NOT_STARTED
779279,NOT_STARTED
779305,NOT_STARTED
779359,NOT_STARTED
779393,NOT_STARTED
779439,NOT_STARTED
779489,NOT_STARTED
779673,NOT_STARTED
779707,NOT_STARTED
779717,NOT_STARTED
779771,NOT_STARTED
779797,NOT_STARTED
779851,NOT_STARTED
779903,NOT_STARTED
779953,NOT_STARTED
779995,NOT_STARTED
779999,NOT_STARTED
780001,NOT_STARTED
780011,NOT_STARTED
780067,NOT_STARTED
780073,NOT_STARTED
780091,NOT_STARTED
780097,NOT_STARTED
780107,NOT_STARTED
780133,NOT_STARTED
780239,NOT_STARTED
780259,NOT_STARTED
780287,NOT_STARTED
780329,NOT_STARTED
780349,NOT_STARTED
780353,NOT_STARTED
780403,NOT_STARTED
780481,NOT_STARTED
780523,NOT_STARTED
780553,NOT_STARTED
780613,NOT_STARTED
780649,NOT_STARTED
780757,NOT_STARTED
780763,NOT_STARTED
780779,NOT_STARTED
780895,NOT_STARTED
780917,NOT_STARTED
780931,NOT_STARTED
781021,NOT_STARTED
781025,NOT_STARTED
781091,NOT_STARTED
781189,NOT_STARTED
781247,NOT_STARTED
781433,NOT_STARTED
781441,NOT_STARTED
781453,NOT_STARTED
781493,NOT_STARTED
781531,NOT_STARTED
781567,NOT_STARTED
781685,NOT_STARTED
781687,NOT_STARTED
781693,NOT_STARTED
781699,NOT_STARTED
781723,NOT_STARTED
781741,NOT_STARTED
781757,NOT_STARTED
781771,NOT_STARTED
781777,NOT_STARTED
781901,NOT_STARTED
782011,NOT_STARTED
782071,NOT_STARTED
782087,NOT_STARTED
782153,NOT_STARTED
782239,NOT_STARTED
782345,NOT_STARTED
782351,NOT_STARTED
782357,NOT_STARTED
782443,NOT_STARTED
782521,NOT_STARTED
782545,NOT_STARTED
782551,NOT_STARTED
782567,NOT_STARTED
782593,NOT_STARTED
782627,NOT_STARTED
782725,NOT_STARTED
782741,NOT_STARTED
782797,NOT_STARTED
782801,NOT_STARTED
782807,NOT_STARTED
782809,NOT_STARTED
782819,NOT_STARTED
782821,NOT_STARTED
782849,NOT_STARTED
782863,NOT_STARTED
782893,NOT_STARTED
782945,NOT_STARTED
783047,NOT_STARTED
783053,NOT_STARTED
783091,NOT_STARTED
783095,NOT_STARTED
783199,NOT_STARTED
783209,NOT_STARTED
783229,NOT_STARTED
783287,NOT_STARTED
783379,NOT_STARTED
783577,NOT_STARTED
783619,NOT_STARTED
783807,NOT_STARTED
783829,NOT_STARTED
783879,NOT_STARTED
783893,NOT_STARTED
783895,NOT_STARTED
783911,NOT_STARTED
783933,NOT_STARTED
783961,NOT_STARTED
783967,NOT_STARTED
783979,NOT_STARTED
783989,NOT_STARTED
784015,NOT_STARTED
784051,NOT_STARTED
784129,NOT_STARTED
784187,NOT_STARTED
784265,NOT_STARTED
784321,NOT_STARTED
784429,NOT_STARTED
784547,NOT_STARTED
784583,NOT_STARTED
784699,NOT_STARTED
784727,NOT_STARTED
784729,NOT_STARTED
784757,NOT_STARTED
784765,NOT_STARTED
784801,NOT_STARTED
784871,NOT_STARTED
784879,NOT_STARTED
784913,NOT_STARTED
784919,NOT_STARTED
784961,NOT_STARTED
785033,NOT_STARTED
785153,NOT_STARTED
785173,NOT_STARTED
785269,NOT_STARTED
785381,NOT_STARTED
785461,NOT_STARTED
785489,NOT_STARTED
785503,NOT_STARTED
785551,NOT_STARTED
785603,NOT_STARTED
785609,NOT_STARTED
785717,NOT_STARTED
785813,NOT_STARTED
785819,NOT_STARTED
785881,NOT_STARTED
785903,NOT_STARTED
785969,NOT_STARTED
786077,NOT_STARTED
786253,NOT_STARTED
786257,NOT_STARTED
786271,NOT_STARTED
786293,NOT_STARTED
786451,NOT_STARTED
786455,NOT_STARTED
786503,NOT_STARTED
786509,NOT_STARTED
786523,NOT_STARTED
786529,NOT_STARTED
786559,NOT_STARTED
786589,NOT_STARTED
786673,NOT_STARTED
786679,NOT_STARTED
786763,NOT_STARTED
786769,NOT_STARTED
786777,NOT_STARTED
786779,NOT_STARTED
786803,NOT_STARTED
786839,NOT_STARTED
786861,NOT_STARTED
786903,NOT_STARTED
786917,NOT_STARTED
787001,NOT_STARTED
787023,NOT_STARTED
787187,NOT_STARTED
787189,NOT_STARTED
787207,NOT_STARTED
787219,NOT_STARTED
787243,NOT_STARTED
787247,NOT_STARTED
787249,NOT_STARTED
787313,NOT_STARTED
787337,NOT_STARTED
787343,NOT_STARTED
787367,NOT_STARTED
787373,NOT_STARTED
787391,NOT_STARTED
787403,NOT_STARTED
787553,NOT_STARTED
787573,NOT_STARTED
787621,NOT_STARTED
787667,NOT_STARTED
787673,NOT_STARTED
787679,NOT_STARTED
787697,NOT_STARTED
787711,NOT_STARTED
787727,NOT_STARTED
787793,NOT_STARTED
787849,NOT_STARTED
787885,NOT_STARTED
787889,NOT_STARTED
787913,NOT_STARTED
787925,NOT_STARTED
788041,NOT_STARTED
788101,NOT_STARTED
788131,NOT_STARTED
788213,NOT_STARTED
788231,NOT_STARTED
788273,NOT_STARTED
788327,NOT_STARTED
788429,NOT_STARTED
788483,NOT_STARTED
788507,NOT_STARTED
788603,NOT_STARTED
788701,NOT_STARTED
788705,NOT_STARTED
788747,NOT_STARTED
788761,NOT_STARTED
788819,NOT_STARTED
788821,NOT_STARTED
788873,NOT_STARTED
789181,NOT_STARTED
789191,NOT_STARTED
789197,NOT_STARTED
789227,NOT_STARTED
789253,NOT_STARTED
789271,NOT_STARTED
789277,NOT_STARTED
789293,NOT_STARTED
789353,NOT_STARTED
789443,NOT_STARTED
789497,NOT_STARTED
789533,NOT_STARTED
789547,NOT_STARTED
789631,NOT_STARTED
789691,NOT_STARTED
789695,NOT_STARTED
789755,NOT_STARTED
789775,NOT_STARTED
789799,NOT_STARTED
789857,NOT_STARTED
789863,NOT_STARTED
789869,NOT_STARTED
789883,NOT_STARTED
789911,NOT_STARTED
790073,NOT_STARTED
790099,NOT_STARTED
790103,NOT_STARTED
790147,NOT_STARTED
790151,NOT_STARTED
790219,NOT_STARTED
790223,NOT_STARTED
790241,NOT_STARTED
790303,NOT_STARTED
790309,NOT_STARTED
790313,NOT_STARTED
790381,NOT_STARTED
790459,NOT_STARTED
790471,NOT_STARTED
790549,NOT_STARTED
790655,NOT_STARTED
790663,NOT_STARTED
790715,NOT_STARTED
790883,NOT_STARTED
790939,NOT_STARTED
790943,NOT_STARTED
791141,NOT_STARTED
791165,NOT_STARTED
791179,NOT_STARTED
791209,NOT_STARTED
791269,NOT_STARTED
791327,NOT_STARTED
791363,NOT_STARTED
791449,NOT_STARTED
791493,NOT_STARTED
791497,NOT_STARTED
791501,NOT_STARTED
791521,NOT_STARTED
791525,NOT_STARTED
791573,NOT_STARTED
791575,NOT_STARTED
791579,NOT_STARTED
791629,NOT_STARTED
791633,NOT_STARTED
791747,NOT_STARTED
791831,NOT_STARTED
791857,NOT_STARTED
791873,NOT_STARTED
791975,NOT_STARTED
791993,NOT_STARTED
792005,NOT_STARTED
792083,NOT_STARTED
792179,NOT_STARTED
792187,NOT_STARTED
792203,NOT_STARTED
792263,NOT_STARTED
792323,NOT_STARTED
792383,NOT_STARTED
792419,NOT_STARTED
792499,NOT_STARTED
792601,NOT_STARTED
792751,NOT_STARTED
792775,NOT_STARTED
792829,NOT_STARTED
792847,NOT_STARTED
792853,NOT_STARTED
792859,NOT_STARTED
792907,NOT_STARTED
792947,NOT_STARTED
792993,NOT_STARTED
792997,NOT_STARTED
793009,NOT_STARTED
793021,NOT_STARTED
793029,NOT_STARTED
793207,NOT_STARTED
793253,NOT_STARTED
793259,NOT_STARTED
793261,NOT_STARTED
793301,NOT_STARTED
793307,NOT_STARTED
793369,NOT_STARTED
793381,NOT_STARTED
793403,NOT_STARTED
793409,NOT_STARTED
793463,NOT_STARTED
793469,NOT_STARTED
793571,NOT_STARTED
793643,NOT_STARTED
793819,NOT_STARTED
793853,NOT_STARTED
793901,NOT_STARTED
793909,NOT_STARTED
793981,NOT_STARTED
794251,NOT_STARTED
794267,NOT_STARTED
794275,NOT_STARTED
794291,NOT_STARTED
794297,NOT_STARTED
794303,NOT_STARTED
794317,NOT_STARTED
794329,NOT_STARTED
794341,NOT_STARTED
794419,NOT_STARTED
794423,NOT_STARTED
794435,NOT_STARTED
794449,NOT_STARTED
794623,NOT_STARTED
794713,NOT_STARTED
794719,NOT_STARTED
794721,NOT_STARTED
794723,NOT_STARTED
794757,NOT_STARTED
794759,NOT_STARTED
794761,NOT_STARTED
794791,NOT_STARTED
794809,NOT_STARTED
794813,NOT_STARTED
794831,NOT_STARTED
794839,NOT_STARTED
794841,NOT_STARTED
794845,NOT_STARTED
794939,NOT_STARTED
795043,NOT_STARTED
795049,NOT_STARTED
795053,NOT_STARTED
795253,NOT_STARTED
795271,NOT_STARTED
795349,NOT_STARTED
795353,NOT_STARTED
795373,NOT_STARTED
795379,NOT_STARTED
795427,NOT_STARTED
795539,NOT_STARTED
795563,NOT_STARTED
795607,NOT_STARTED
795619,NOT_STARTED
795679,NOT_STARTED
795743,NOT_STARTED
795763,NOT_STARTED
795833,NOT_STARTED
795843,NOT_STARTED
795887,NOT_STARTED
795889,NOT_STARTED
795917,NOT_STARTED
795961,NOT_STARTED
796019,NOT_STARTED
796043,NOT_STARTED
796091,NOT_STARTED
796099,NOT_STARTED
796199,NOT_STARTED
796223,NOT_STARTED
796309,NOT_STARTED
796313,NOT_STARTED
796319,NOT_STARTED
796463,NOT_STARTED
796627,NOT_STARTED
796639,NOT_STARTED
796717,NOT_STARTED
796819,NOT_STARTED
796823,NOT_STARTED
796829,NOT_STARTED
796897,NOT_STARTED
797009,NOT_STARTED
797063,NOT_STARTED
797077,NOT_STARTED
797093,NOT_STARTED
797143,NOT_STARTED
797173,NOT_STARTED
797179,NOT_STARTED
797207,NOT_STARTED
797219,NOT_STARTED
797221,NOT_STARTED
797239,NOT_STARTED
797243,NOT_STARTED
797245,NOT_STARTED
797297,NOT_STARTED
797311,NOT_STARTED
797437,NOT_STARTED
797459,NOT_STARTED
797569,NOT_STARTED
797633,NOT_STARTED
797659,NOT_STARTED
797791,NOT_STARTED
797813,NOT_STARTED
797993,NOT_STARTED
798031,NOT_STARTED
798151,NOT_STARTED
798301,NOT_STARTED
798335,NOT_STARTED
798349,NOT_STARTED
798355,NOT_STARTED
798359,NOT_STARTED
798415,NOT_STARTED
798541,NOT_STARTED
798569,NOT_STARTED
798571,NOT_STARTED
798575,NOT_STARTED
798577,NOT_STARTED
798581,NOT_STARTED
798599,NOT_STARTED
798619,NOT_STARTED
798623,NOT_STARTED
798677,NOT_STARTED
798829,NOT_STARTED
798943,NOT_STARTED
798985,NOT_STARTED
799043,NOT_STARTED
799063,NOT_STARTED
799069,NOT_STARTED
799117,NOT_STARTED
799133,NOT_STARTED
799151,NOT_STARTED
799223,NOT_STARTED
799231,NOT_STARTED
799237,NOT_STARTED
799261,NOT_STARTED
799277,NOT_STARTED
799315,NOT_STARTED
799379,NOT_STARTED
799427,NOT_STARTED
799457,NOT_STARTED
799529,NOT_STARTED
799577,NOT_STARTED
799699,NOT_STARTED
799819,NOT_STARTED
799823,NOT_STARTED
799893,NOT_STARTED
799903,NOT_STARTED
799921,NOT_STARTED
799923,NOT_STARTED
799927,NOT_STARTED
799937,NOT_STARTED
800011,NOT_STARTED
800171,NOT_STARTED
800183,NOT_STARTED
800195,NOT_STARTED
800251,NOT_STARTED
800257,NOT_STARTED
800263,NOT_STARTED
800267,NOT_STARTED
800293,NOT_STARTED
800333,NOT_STARTED
800357,NOT_STARTED
800365,NOT_STARTED
800453,NOT_STARTED
800497,NOT_STARTED
800539,NOT_STARTED
800573,NOT_STARTED
800783,NOT_STARTED
800807,NOT_STARTED
800831,NOT_STARTED
800933,NOT_STARTED
800941,NOT_STARTED
800971,NOT_STARTED
801019,NOT_STARTED
801037,NOT_STARTED
801083,NOT_STARTED
801089,NOT_STARTED
801145,NOT_STARTED
801159,NOT_STARTED
801187,NOT_STARTED
801203,NOT_STARTED
801223,NOT_STARTED
801247,NOT_STARTED
801353,NOT_STARTED
801373,NOT_STARTED
801379,NOT_STARTED
801427,NOT_STARTED
801451,NOT_STARTED
801527,NOT_STARTED
801571,NOT_STARTED
801577,NOT_STARTED
801583,NOT_STARTED
801641,NOT_STARTED
801653,NOT_STARTED
801715,NOT_STARTED
801719,NOT_STARTED
801721,NOT_STARTED
801739,NOT_STARTED
801741,NOT_STARTED
801763,NOT_STARTED
801797,NOT_STARTED
801799,NOT_STARTED
801841,NOT_STARTED
801887,NOT_STARTED
801889,NOT_STARTED
801893,NOT_STARTED
801899,NOT_STARTED
801901,NOT_STARTED
801919,NOT_STARTED
801921,NOT_STARTED
801979,NOT_STARTED
802043,NOT_STARTED
802045,NOT_STARTED
802075,NOT_STARTED
802079,NOT_STARTED
802085,NOT_STARTED
802103,NOT_STARTED
802193,NOT_STARTED
802211,NOT_STARTED
802217,NOT_STARTED
802235,NOT_STARTED
802241,NOT_STARTED
802253,NOT_STARTED
802259,NOT_STARTED
802283,NOT_STARTED
802303,NOT_STARTED
802307,NOT_STARTED
802423,NOT_STARTED
802441,NOT_STARTED
802553,NOT_STARTED
802625,NOT_STARTED
802687,NOT_STARTED
802741,NOT_STARTED
802835,NOT_STARTED
802837,NOT_STARTED
802847,NOT_STARTED
802867,NOT_STARTED
802873,NOT_STARTED
802951,NOT_STARTED
803009,NOT_STARTED
803063,NOT_STARTED
803099,NOT_STARTED
803107,NOT_STARTED
803147,NOT_STARTED
803177,NOT_STARTED
803297,NOT_STARTED
803347,NOT_STARTED
803371,NOT_STARTED
803375,NOT_STARTED
803419,NOT_STARTED
803521,NOT_STARTED
803527,NOT_STARTED
803551,NOT_STARTED
803573,NOT_STARTED
803659,NOT_STARTED
803673,NOT_STARTED
803687,NOT_STARTED
803753,NOT_STARTED
803759,NOT_STARTED
803791,NOT_STARTED
803941,NOT_STARTED
804143,NOT_STARTED
804211,NOT_STARTED
804221,NOT_STARTED
804239,NOT_STARTED
804287,NOT_STARTED
804347,NOT_STARTED
804349,NOT_STARTED
804353,NOT_STARTED
804383,NOT_STARTED
804451,NOT_STARTED
804479,NOT_STARTED
804497,NOT_STARTED
804523,NOT_STARTED
804619,NOT_STARTED
804623,NOT_STARTED
804779,NOT_STARTED
804789,NOT_STARTED
804847,NOT_STARTED
804863,NOT_STARTED
805127,NOT_STARTED
805163,NOT_STARTED
805193,NOT_STARTED
805195,NOT_STARTED
805229,NOT_STARTED
805249,NOT_STARTED
805339,NOT_STARTED
805345,NOT_STARTED
805591,NOT_STARTED
805603,NOT_STARTED
805607,NOT_STARTED
805639,NOT_STARTED
805645,NOT_STARTED
805651,NOT_STARTED
805669,NOT_STARTED
805729,NOT_STARTED
805763,NOT_STARTED
805825,NOT_STARTED
805877,NOT_STARTED
805933,NOT_STARTED
805943,NOT_STARTED
806059,NOT_STARTED
806077,NOT_STARTED
806089,NOT_STARTED
806111,NOT_STARTED
806183,NOT_STARTED
806243,NOT_STARTED
806341,NOT_STARTED
806413,NOT_STARTED
806423,NOT_STARTED
806485,NOT_STARTED
806561,NOT_STARTED
806581,NOT_STARTED
806587,NOT_STARTED
806591,NOT_STARTED
806599,NOT_STARTED
806615,NOT_STARTED
806671,NOT_STARTED
806675,NOT_STARTED
806701,NOT_STARTED
806839,NOT_STARTED
806875,NOT_STARTED
806951,NOT_STARTED
806981,NOT_STARTED
807031,NOT_STARTED
807037,NOT_STARTED
807049,NOT_STARTED
807133,NOT_STARTED
807151,NOT_STARTED
807203,NOT_STARTED
807281,NOT_STARTED
807299,NOT_STARTED
807311,NOT_STARTED
807337,NOT_STARTED
807343,NOT_STARTED
807385,NOT_STARTED
807433,NOT_STARTED
807451,NOT_STARTED
807517,NOT_STARTED
807545,NOT_STARTED
807577,NOT_STARTED
807661,NOT_STARTED
807671,NOT_STARTED
807697,NOT_STARTED
807713,NOT_STARTED
807739,NOT_STARTED
807757,NOT_STARTED
807763,NOT_STARTED
807769,NOT_STARTED
807773,NOT_STARTED
807823,NOT_STARTED
807835,NOT_STARTED
807839,NOT_STARTED
807851,NOT_STARTED
807881,NOT_STARTED
807959,NOT_STARTED
807983,NOT_STARTED
808021,NOT_STARTED
808039,NOT_STARTED
808051,NOT_STARTED
808129,NOT_STARTED
808133,NOT_STARTED
808193,NOT_STARTED
808241,NOT_STARTED
808283,NOT_STARTED
808421,NOT_STARTED
808483,NOT_STARTED
808503,NOT_STARTED
808559,NOT_STARTED
808607,NOT_STARTED
808609,NOT_STARTED
808657,NOT_STARTED
808703,NOT_STARTED
808711,NOT_STARTED
808751,NOT_STARTED
808759,NOT_STARTED
808793,NOT_STARTED
808801,NOT_STARTED
808807,NOT_STARTED
808819,NOT_STARTED
808881,NOT_STARTED
808883,NOT_STARTED
808891,NOT_STARTED
808901,NOT_STARTED
808967,NOT_STARTED
808993,NOT_STARTED
808999,NOT_STARTED
809063,NOT_STARTED
809105,NOT_STARTED
809121,NOT_STARTED
809123,NOT_STARTED
809203,NOT_STARTED
809243,NOT_STARTED
809339,NOT_STARTED
809359,NOT_STARTED
809423,NOT_STARTED
809461,NOT_STARTED
809469,NOT_STARTED
809471,NOT_STARTED
809551,NOT_STARTED
809587,NOT_STARTED
809633,NOT_STARTED
809663,NOT_STARTED
809681,NOT_STARTED
809687,NOT_STARTED
809803,NOT_STARTED
809807,NOT_STARTED
809833,NOT_STARTED
809869,NOT_STARTED
809929,NOT_STARTED
809933,NOT_STARTED
809939,NOT_STARTED
809993,NOT_STARTED
810025,NOT_STARTED
810091,NOT_STARTED
810113,NOT_STARTED
810151,NOT_STARTED
810163,NOT_STARTED
810239,NOT_STARTED
810281,NOT_STARTED
810307,NOT_STARTED
810319,NOT_STARTED
810457,NOT_STARTED
810603,NOT_STARTED
810617,NOT_STARTED
810631,NOT_STARTED
810723,NOT_STARTED
810743,NOT_STARTED
810769,NOT_STARTED
810819,NOT_STARTED
810883,NOT_STARTED
810893,NOT_STARTED
810949,NOT_STARTED
810995,NOT_STARTED
811043,NOT_STARTED
811103,NOT_STARTED
811211,NOT_STARTED
811309,NOT_STARTED
811357,NOT_STARTED
811387,NOT_STARTED
811399,NOT_STARTED
811411,NOT_STARTED
811469,NOT_STARTED
811471,NOT_STARTED
811531,NOT_STARTED
811565,NOT_STARTED
811673,NOT_STARTED
811717,NOT_STARTED
811799,NOT_STARTED
811849,NOT_STARTED
811943,NOT_STARTED
812033,NOT_STARTED
812061,NOT_STARTED
812137,NOT_STARTED
812147,NOT_STARTED
812237,NOT_STARTED
812311,NOT_STARTED
812313,NOT_STARTED
812401,NOT_STARTED
812413,NOT_STARTED
812477,NOT_STARTED
812509,NOT_STARTED
812539,NOT_STARTED
812549,NOT_STARTED
812551,NOT_STARTED
812599,NOT_STARTED
812603,NOT_STARTED
812645,NOT_STARTED
812717,NOT_STARTED
812741,NOT_STARTED
812771,NOT_STARTED
812783,NOT_STARTED
812789,NOT_STARTED
812809,NOT_STARTED
812821,NOT_STARTED
812873,NOT_STARTED
812881,NOT_STARTED
812893,NOT_STARTED
812903,NOT_STARTED
812975,NOT_STARTED
812987,NOT_STARTED
812993,NOT_STARTED
813167,NOT_STARTED
813227,NOT_STARTED
813325,NOT_STARTED
813383,NOT_STARTED
813431,NOT_STARTED
813445,NOT_STARTED
813469,NOT_STARTED
813623,NOT_STARTED
813625,NOT_STARTED
813629,NOT_STARTED
813677,NOT_STARTED
813707,NOT_STARTED
813723,NOT_STARTED
813725,NOT_STARTED
813731,NOT_STARTED
813749,NOT_STARTED
813833,NOT_STARTED
813893,NOT_STARTED
813913,NOT_STARTED
813937,NOT_STARTED
814139,NOT_STARTED
814141,NOT_STARTED
814151,NOT_STARTED
814153,NOT_STARTED
814249,NOT_STARTED
814253,NOT_STARTED
814255,NOT_STARTED
814279,NOT_STARTED
814289,NOT_STARTED
814291,NOT_STARTED
814309,NOT_STARTED
814433,NOT_STARTED
814579,NOT_STARTED
814613,NOT_STARTED
814647,NOT_STARTED
814657,NOT_STARTED
814663,NOT_STARTED
814703,NOT_STARTED
814721,NOT_STARTED
814805,NOT_STARTED
814913,NOT_STARTED
814951,NOT_STARTED
814955,NOT_STARTED
815063,NOT_STARTED
815065,NOT_STARTED
815083,NOT_STARTED
815089,NOT_STARTED
815173,NOT_STARTED
815209,NOT_STARTED
815213,NOT_STARTED
815291,NOT_STARTED
815371,NOT_STARTED
815417,NOT_STARTED
815471,NOT_STARTED
815573,NOT_STARTED
815695,NOT_STARTED
815707,NOT_STARTED
815729,NOT_STARTED
815737,NOT_STARTED
815743,NOT_STARTED
815747,NOT_STARTED
815749,NOT_STARTED
815771,NOT_STARTED
815851,NOT_STARTED
815855,NOT_STARTED
815873,NOT_STARTED
815897,NOT_STARTED
815903,NOT_STARTED
815977,NOT_STARTED
816001,NOT_STARTED
816019,NOT_STARTED
816055,NOT_STARTED
816251,NOT_STARTED
816253,NOT_STARTED
816261,NOT_STARTED
816287,NOT_STARTED
816293,NOT_STARTED
816377,NOT_STARTED
816401,NOT_STARTED
816409,NOT_STARTED
816413,NOT_STARTED
816451,NOT_STARTED
816473,NOT_STARTED
816485,NOT_STARTED
816593,NOT_STARTED
816609,NOT_STARTED
816623,NOT_STARTED
816723,NOT_STARTED
816743,NOT_STARTED
816749,NOT_STARTED
816781,NOT_STARTED
816821,NOT_STARTED
816869,NOT_STARTED
816983,NOT_STARTED
817051,NOT_STARTED
817169,NOT_STARTED
817193,NOT_STARTED
817291,NOT_STARTED
817339,NOT_STARTED
817409,NOT_STARTED
817433,NOT_STARTED
817483,NOT_STARTED
817487,NOT_STARTED
817577,NOT_STARTED
817579,NOT_STARTED
817583,NOT_STARTED
817585,NOT_STARTED
817619,NOT_STARTED
817657,NOT_STARTED
817669,NOT_STARTED
817697,NOT_STARTED
817735,NOT_STARTED
817757,NOT_STARTED
817841,NOT_STARTED
817991,NOT_STARTED
818023,NOT_STARTED
818033,NOT_STARTED
818039,NOT_STARTED
818041,NOT_STARTED
818047,NOT_STARTED
818053,NOT_STARTED
818113,NOT_STARTED
818129,NOT_STARTED
818143,NOT_STARTED
818151,NOT_STARTED
818189,NOT_STARTED
818191,NOT_STARTED
818193,NOT_STARTED
818197,NOT_STARTED
818249,NOT_STARTED
818267,NOT_STARTED
818455,NOT_STARTED
818473,NOT_STARTED
818479,NOT_STARTED
818497,NOT_STARTED
818519,NOT_STARTED
818531,NOT_STARTED
818539,NOT_STARTED
818621,NOT_STARTED
818641,NOT_STARTED
818669,NOT_STARTED
818723,NOT_STARTED
818725,NOT_STARTED
818731,NOT_STARTED
818743,NOT_STARTED
818753,NOT_STARTED
818767,NOT_STARTED
818783,NOT_STARTED
818801,NOT_STARTED
818849,NOT_STARTED
818857,NOT_STARTED
818869,NOT_STARTED
818887,NOT_STARTED
818899,NOT_STARTED
818909,NOT_STARTED
818921,NOT_STARTED
819199,NOT_STARTED
819203,NOT_STARTED
819211,NOT_STARTED
819215,NOT_STARTED
819323,NOT_STARTED
819331,NOT_STARTED
819333,NOT_STARTED
819337,NOT_STARTED
819353,NOT_STARTED
819523,NOT_STARTED
819533,NOT_STARTED
819535,NOT_STARTED
819839,NOT_STARTED
819857,NOT_STARTED
819859,NOT_STARTED
819863,NOT_STARTED
819959,NOT_STARTED
820007,NOT_STARTED
820073,NOT_STARTED
820135,NOT_STARTED
820153,NOT_STARTED
820163,NOT_STARTED
820187,NOT_STARTED
820247,NOT_STARTED
820373,NOT_STARTED
820385,NOT_STARTED
820489,NOT_STARTED
820493,NOT_STARTED
820517,NOT_STARTED
820519,NOT_STARTED
820657,NOT_STARTED
820693,NOT_STARTED
820763,NOT_STARTED
820765,NOT_STARTED
820769,NOT_STARTED
820817,NOT_STARTED
820837,NOT_STARTED
820849,NOT_STARTED
820851,NOT_STARTED
820855,NOT_STARTED
820943,NOT_STARTED
820957,NOT_STARTED
821003,NOT_STARTED
821005,NOT_STARTED
821117,NOT_STARTED
821153,NOT_STARTED
821189,NOT_STARTED
821219,NOT_STARTED
821221,NOT_STARTED
821233,NOT_STARTED
821243,NOT_STARTED
821263,NOT_STARTED
821311,NOT_STARTED
821333,NOT_STARTED
821341,NOT_STARTED
821353,NOT_STARTED
821363,NOT_STARTED
821387,NOT_STARTED
821413,NOT_STARTED
821497,NOT_STARTED
821551,NOT_STARTED
821573,NOT_STARTED
821581,NOT_STARTED
821603,NOT_STARTED
821677,NOT_STARTED
821679,NOT_STARTED
821689,NOT_STARTED
821699,NOT_STARTED
821713,NOT_STARTED
821723,NOT_STARTED
821897,NOT_STARTED
821957,NOT_STARTED
821971,NOT_STARTED
822013,NOT_STARTED
822023,NOT_STARTED
822079,NOT_STARTED
822083,NOT_STARTED
822089,NOT_STARTED
822139,NOT_STARTED
822361,NOT_STARTED
822365,NOT_STARTED
822413,NOT_STARTED
822433,NOT_STARTED
822457,NOT_STARTED
822521,NOT_STARTED
822611,NOT_STARTED
822617,NOT_STARTED
822649,NOT_STARTED
822767,NOT_STARTED
822853,NOT_STARTED
822859,NOT_STARTED
822863,NOT_STARTED
822919,NOT_STARTED
822923,NOT_STARTED
822961,NOT_STARTED
822977,NOT_STARTED
823051,NOT_STARTED
823063,NOT_STARTED
823081,NOT_STARTED
823087,NOT_STARTED
823093,NOT_STARTED
823103,NOT_STARTED
823129,NOT_STARTED
823133,NOT_STARTED
823183,NOT_STARTED
823201,NOT_STARTED
823243,NOT_STARTED
823247,NOT_STARTED
823283,NOT_STARTED
823313,NOT_STARTED
823315,NOT_STARTED
823379,NOT_STARTED
823403,NOT_STARTED
823421,NOT_STARTED
823427,NOT_STARTED
823433,NOT_STARTED
823459,NOT_STARTED
823463,NOT_STARTED
823499,NOT_STARTED
823513,NOT_STARTED
823519,NOT_STARTED
823601,NOT_STARTED
823681,NOT_STARTED
823763,NOT_STARTED
823801,NOT_STARTED
823843,NOT_STARTED
823855,NOT_STARTED
823857,NOT_STARTED
823859,NOT_STARTED
823883,NOT_STARTED
823913,NOT_STARTED
823927,NOT_STARTED
823931,NOT_STARTED
823937,NOT_STARTED
824099,NOT_STARTED
824123,NOT_STARTED
824153,NOT_STARTED
824191,NOT_STARTED
824207,NOT_STARTED
824243,NOT_STARTED
824251,NOT_STARTED
824291,NOT_STARTED
824293,NOT_STARTED
824311,NOT_STARTED
824321,NOT_STARTED
824347,NOT_STARTED
824353,NOT_STARTED
824363,NOT_STARTED
824401,NOT_STARTED
824423,NOT_STARTED
824479,NOT_STARTED
824539,NOT_STARTED
824563,NOT_STARTED
824617,NOT_STARTED
824623,NOT_STARTED
824703,NOT_STARTED
824779,NOT_STARTED
824807,NOT_STARTED
824821,NOT_STARTED
824869,NOT_STARTED
825073,NOT_STARTED
825137,NOT_STARTED
825143,NOT_STARTED
825203,NOT_STARTED
825205,NOT_STARTED
825211,NOT_STARTED
825307,NOT_STARTED
825421,NOT_STARTED
825449,NOT_STARTED
825491,NOT_STARTED
825661,NOT_STARTED
825711,NOT_STARTED
825719,NOT_STARTED
825721,NOT_STARTED
825791,NOT_STARTED
825859,NOT_STARTED
825865,NOT_STARTED
825869,NOT_STARTED
825893,NOT_STARTED
825921,NOT_STARTED
825925,NOT_STARTED
826027,NOT_STARTED
826073,NOT_STARTED
826237,NOT_STARTED
826249,NOT_STARTED
826253,NOT_STARTED
826289,NOT_STARTED
826291,NOT_STARTED
826415,NOT_STARTED
826423,NOT_STARTED
826427,NOT_STARTED
826429,NOT_STARTED
826459,NOT_STARTED
826505,NOT_STARTED
826517,NOT_STARTED
826521,NOT_STARTED
826621,NOT_STARTED
826637,NOT_STARTED
826643,NOT_STARTED
826723,NOT_STARTED
826733,NOT_STARTED
826765,NOT_STARTED
826769,NOT_STARTED
826811,NOT_STARTED
826813,NOT_STARTED
826837,NOT_STARTED
826853,NOT_STARTED
826927,NOT_STARTED
826943,NOT_STARTED
826967,NOT_STARTED
827041,NOT_STARTED
827069,NOT_STARTED
827093,NOT_STARTED
827117,NOT_STARTED
827147,NOT_STARTED
827149,NOT_STARTED
827191,NOT_STARTED
827193,NOT_STARTED
827195,NOT_STARTED
827237,NOT_STARTED
827257,NOT_STARTED
827447,NOT_STARTED
827473,NOT_STARTED
827481,NOT_STARTED
827503,NOT_STARTED
827561,NOT_STARTED
827563,NOT_STARTED
827651,NOT_STARTED
827699,NOT_STARTED
827701,NOT_STARTED
827779,NOT_STARTED
827881,NOT_STARTED
827929,NOT_STARTED
827941,NOT_STARTED
828083,NOT_STARTED
828109,NOT_STARTED
828133,NOT_STARTED
828173,NOT_STARTED
828221,NOT_STARTED
828227,NOT_STARTED
828239,NOT_STARTED
828251,NOT_STARTED
828259,NOT_STARTED
828263,NOT_STARTED
828277,NOT_STARTED
828281,NOT_STARTED
828287,NOT_STARTED
828289,NOT_STARTED
828331,NOT_STARTED
828383,NOT_STARTED
828451,NOT_STARTED
828457,NOT_STARTED
828463,NOT_STARTED
828481,NOT_STARTED
828559,NOT_STARTED
828563,NOT_STARTED
828607,NOT_STARTED
828623,NOT_STARTED
828707,NOT_STARTED
828763,NOT_STARTED
828769,NOT_STARTED
828773,NOT_STARTED
828845,NOT_STARTED
829073,NOT_STARTED
829127,NOT_STARTED
829133,NOT_STARTED
829159,NOT_STARTED
829163,NOT_STARTED
829293,NOT_STARTED
829349,NOT_STARTED
829373,NOT_STARTED
829385,NOT_STARTED
829399,NOT_STARTED
829411,NOT_STARTED
829423,NOT_STARTED
829577,NOT_STARTED
829583,NOT_STARTED
829613,NOT_STARTED
829663,NOT_STARTED
829667,NOT_STARTED
829673,NOT_STARTED
829693,NOT_STARTED
829771,NOT_STARTED
829789,NOT_STARTED
829849,NOT_STARTED
829883,NOT_STARTED
829913,NOT_STARTED
829925,NOT_STARTED
829949,NOT_STARTED
830017,NOT_STARTED
830023,NOT_STARTED
830057,NOT_STARTED
830063,NOT_STARTED
830203,NOT_STARTED
830279,NOT_STARTED
830363,NOT_STARTED
830387,NOT_STARTED
830419,NOT_STARTED
830423,NOT_STARTED
830453,NOT_STARTED
830569,NOT_STARTED
830663,NOT_STARTED
830693,NOT_STARTED
830699,NOT_STARTED
830749,NOT_STARTED
830753,NOT_STARTED
830809,NOT_STARTED
830813,NOT_STARTED
830957,NOT_STARTED
830963,NOT_STARTED
830993,NOT_STARTED
831053,NOT_STARTED
831113,NOT_STARTED
831121,NOT_STARTED
831167,NOT_STARTED
831191,NOT_STARTED
831269,NOT_STARTED
831337,NOT_STARTED
831343,NOT_STARTED
831379,NOT_STARTED
831385,NOT_STARTED
831387,NOT_STARTED
831389,NOT_STARTED
831409,NOT_STARTED
831463,NOT_STARTED
831473,NOT_STARTED
831479,NOT_STARTED
831481,NOT_STARTED
831485,NOT_STARTED
831503,NOT_STARTED
831787,NOT_STARTED
831833,NOT_STARTED
831923,NOT_STARTED
831927,NOT_STARTED
831937,NOT_STARTED
832003,NOT_STARTED
832005,NOT_STARTED
832043,NOT_STARTED
832045,NOT_STARTED
832049,NOT_STARTED
832159,NOT_STARTED
832163,NOT_STARTED
832165,NOT_STARTED
832183,NOT_STARTED
832193,NOT_STARTED
832217,NOT_STARTED
832225,NOT_STARTED
832261,NOT_STARTED
832273,NOT_STARTED
832387,NOT_STARTED
832427,NOT_STARTED
832535,NOT_STARTED
832539,NOT_STARTED
832547,NOT_STARTED
832553,NOT_STARTED
832561,NOT_STARTED
832639,NOT_STARTED
832801,NOT_STARTED
832817,NOT_STARTED
832861,NOT_STARTED
832973,NOT_STARTED
833071,NOT_STARTED
833111,NOT_STARTED
833117,NOT_STARTED
833147,NOT_STARTED
833179,NOT_STARTED
833201,NOT_STARTED
833221,NOT_STARTED
833233,NOT_STARTED
833309,NOT_STARTED
833311,NOT_STARTED
833323,NOT_STARTED
833333,NOT_STARTED
833389,NOT_STARTED
833401,NOT_STARTED
833495,NOT_STARTED
833513,NOT_STARTED
833523,NOT_STARTED
833563,NOT_STARTED
833567,NOT_STARTED
833599,NOT_STARTED
833621,NOT_STARTED
833723,NOT_STARTED
833807,NOT_STARTED
833821,NOT_STARTED
833843,NOT_STARTED
833873,NOT_STARTED
833951,NOT_STARTED
834039,NOT_STARTED
834059,NOT_STARTED
834063,NOT_STARTED
834109,NOT_STARTED
834227,NOT_STARTED
834313,NOT_STARTED
834317,NOT_STARTED
834323,NOT_STARTED
834349,NOT_STARTED
834373,NOT_STARTED
834379,NOT_STARTED
834383,NOT_STARTED
834389,NOT_STARTED
834443,NOT_STARTED
834451,NOT_STARTED
834469,NOT_STARTED
834541,NOT_STARTED
834571,NOT_STARTED
834685,NOT_STARTED
834725,NOT_STARTED
834733,NOT_STARTED
834811,NOT_STARTED
834829,NOT_STARTED
834871,NOT_STARTED
834875,NOT_STARTED
834913,NOT_STARTED
834919,NOT_STARTED
834961,NOT_STARTED
834965,NOT_STARTED
834991,NOT_STARTED
835021,NOT_STARTED
835057,NOT_STARTED
835067,NOT_STARTED
835069,NOT_STARTED
835073,NOT_STARTED
835079,NOT_STARTED
835103,NOT_STARTED
835129,NOT_STARTED
835171,NOT_STARTED
835173,NOT_STARTED
835177,NOT_STARTED
835181,NOT_STARTED
835187,NOT_STARTED
835217,NOT_STARTED
835271,NOT_STARTED
835291,NOT_STARTED
835333,NOT_STARTED
835343,NOT_STARTED
835345,NOT_STARTED
835403,NOT_STARTED
835493,NOT_STARTED
835517,NOT_STARTED
835565,NOT_STARTED
835613,NOT_STARTED
835615,NOT_STARTED
835633,NOT_STARTED
835739,NOT_STARTED
835741,NOT_STARTED
835759,NOT_STARTED
835763,NOT_STARTED
835793,NOT_STARTED
835861,NOT_STARTED
835867,NOT_STARTED
835871,NOT_STARTED
835873,NOT_STARTED
835883,NOT_STARTED
836009,NOT_STARTED
836219,NOT_STARTED
836245,NOT_STARTED
836271,NOT_STARTED
836303,NOT_STARTED
836351,NOT_STARTED
836393,NOT_STARTED
836449,NOT_STARTED
836453,NOT_STARTED
836515,NOT_STARTED
836517,NOT_STARTED
836521,NOT_STARTED
836527,NOT_STARTED
836531,NOT_STARTED
836573,NOT_STARTED
836663,NOT_STARTED
836761,NOT_STARTED
836771,NOT_STARTED
836821,NOT_STARTED
836881,NOT_STARTED
836893,NOT_STARTED
836903,NOT_STARTED
836987,NOT_STARTED
837079,NOT_STARTED
837089,NOT_STARTED
837119,NOT_STARTED
837157,NOT_STARTED
837167,NOT_STARTED
837173,NOT_STARTED
837203,NOT_STARTED
837211,NOT_STARTED
837223,NOT_STARTED
837237,NOT_STARTED
837293,NOT_STARTED
837323,NOT_STARTED
837329,NOT_STARTED
837379,NOT_STARTED
837385,NOT_STARTED
837415,NOT_STARTED
837421,NOT_STARTED
837473,NOT_STARTED
837479,NOT_STARTED
837527,NOT_STARTED
837533,NOT_STARTED
837557,NOT_STARTED
837695,NOT_STARTED
837697,NOT_STARTED
837739,NOT_STARTED
837745,NOT_STARTED
837857,NOT_STARTED
837863,NOT_STARTED
837889,NOT_STARTED
837895,NOT_STARTED
837943,NOT_STARTED
837965,NOT_STARTED
838171,NOT_STARTED
838209,NOT_STARTED
838211,NOT_STARTED
838219,NOT_STARTED
838223,NOT_STARTED
838253,NOT_STARTED
838255,NOT_STARTED
838261,NOT_STARTED
838267,NOT_STARTED
838283,NOT_STARTED
838307,NOT_STARTED
838313,NOT_STARTED
838495,NOT_STARTED
838613,NOT_STARTED
838633,NOT_STARTED
838637,NOT_STARTED
838643,NOT_STARTED
838669,NOT_STARTED
838697,NOT_STARTED
838723,NOT_STARTED
838733,NOT_STARTED
838787,NOT_STARTED
838789,NOT_STARTED
838813,NOT_STARTED
838817,NOT_STARTED
838969,NOT_STARTED
839029,NOT_STARTED
839031,NOT_STARTED
839131,NOT_STARTED
839135,NOT_STARTED
839183,NOT_STARTED
839227,NOT_STARTED
839233,NOT_STARTED
839273,NOT_STARTED
839285,NOT_STARTED
839303,NOT_STARTED
839327,NOT_STARTED
839333,NOT_STARTED
839401,NOT_STARTED
839461,NOT_STARTED
839497,NOT_STARTED
839501,NOT_STARTED
839509,NOT_STARTED
839527,NOT_STARTED
839683,NOT_STARTED
839731,NOT_STARTED
839749,NOT_STARTED
839809,NOT_STARTED
839859,NOT_STARTED
839923,NOT_STARTED
839981,NOT_STARTED
840001,NOT_STARTED
840005,NOT_STARTED
840031,NOT_STARTED
840041,NOT_STARTED
840119,NOT_STARTED
840203,NOT_STARTED
840211,NOT_STARTED
840353,NOT_STARTED
840365,NOT_STARTED
840367,NOT_STARTED
840383,NOT_STARTED
840385,NOT_STARTED
840391,NOT_STARTED
840743,NOT_STARTED
840773,NOT_STARTED
840785,NOT_STARTED
840787,NOT_STARTED
840799,NOT_STARTED
840841,NOT_STARTED
840867,NOT_STARTED
840871,NOT_STARTED
841021,NOT_STARTED
841103,NOT_STARTED
841123,NOT_STARTED
841133,NOT_STARTED
841259,NOT_STARTED
841307,NOT_STARTED
841313,NOT_STARTED
841351,NOT_STARTED
841355,NOT_STARTED
841371,NOT_STARTED
841373,NOT_STARTED
841417,NOT_STARTED
841429,NOT_STARTED
841459,NOT_STARTED
841465,NOT_STARTED
841489,NOT_STARTED
841501,NOT_STARTED
841523,NOT_STARTED
841579,NOT_STARTED
841651,NOT_STARTED
841667,NOT_STARTED
841671,NOT_STARTED
841707,NOT_STARTED
841709,NOT_STARTED
841751,NOT_STARTED
841763,NOT_STARTED
841807,NOT_STARTED
841821,NOT_STARTED
841823,NOT_STARTED
841891,NOT_STARTED
841949,NOT_STARTED
841967,NOT_STARTED
842021,NOT_STARTED
842023,NOT_STARTED
842041,NOT_STARTED
842089,NOT_STARTED
842267,NOT_STARTED
842533,NOT_STARTED
842551,NOT_STARTED
842557,NOT_STARTED
842561,NOT_STARTED
842629,NOT_STARTED
842659,NOT_STARTED
842675,NOT_STARTED
842677,NOT_STARTED
842689,NOT_STARTED
842701,NOT_STARTED
842773,NOT_STARTED
842833,NOT_STARTED
842881,NOT_STARTED
842903,NOT_STARTED
842993,NOT_STARTED
842999,NOT_STARTED
843011,NOT_STARTED
843113,NOT_STARTED
843137,NOT_STARTED
843149,NOT_STARTED
843181,NOT_STARTED
843185,NOT_STARTED
843215,NOT_STARTED
843383,NOT_STARTED
843397,NOT_STARTED
843419,NOT_STARTED
843509,NOT_STARTED
843529,NOT_STARTED
843541,NOT_STARTED
843593,NOT_STARTED
843629,NOT_STARTED
843649,NOT_STARTED
843659,NOT_STARTED
843703,NOT_STARTED
843713,NOT_STARTED
843737,NOT_STARTED
843739,NOT_STARTED
843911,NOT_STARTED
843913,NOT_STARTED
843931,NOT_STARTED
843949,NOT_STARTED
843953,NOT_STARTED
844013,NOT_STARTED
844025,NOT_STARTED
844253,NOT_STARTED
844321,NOT_STARTED
844331,NOT_STARTED
844351,NOT_STARTED
844373,NOT_STARTED
844391,NOT_STARTED
844403,NOT_STARTED
844469,NOT_STARTED
844523,NOT_STARTED
844553,NOT_STARTED
844579,NOT_STARTED
844583,NOT_STARTED
844651,NOT_STARTED
844655,NOT_STARTED
844661,NOT_STARTED
844663,NOT_STARTED
844733,NOT_STARTED
844777,NOT_STARTED
844793,NOT_STARTED
844801,NOT_STARTED
844807,NOT_STARTED
844819,NOT_STARTED
844927,NOT_STARTED
844933,NOT_STARTED
844961,NOT_STARTED
844963,NOT_STARTED
844967,NOT_STARTED
844973,NOT_STARTED
845003,NOT_STARTED
845029,NOT_STARTED
845047,NOT_STARTED
845049,NOT_STARTED
845069,NOT_STARTED
845141,NOT_STARTED
845183,NOT_STARTED
845239,NOT_STARTED
845243,NOT_STARTED
845267,NOT_STARTED
845289,NOT_STARTED
845311,NOT_STARTED
845333,NOT_STARTED
845389,NOT_STARTED
845401,NOT_STARTED
845411,NOT_STARTED
845471,NOT_STARTED
845513,NOT_STARTED
845539,NOT_STARTED
845547,NOT_STARTED
845639,NOT_STARTED
845777,NOT_STARTED
845783,NOT_STARTED
845791,NOT_STARTED
845813,NOT_STARTED
845881,NOT_STARTED
845951,NOT_STARTED
845959,NOT_STARTED
845989,NOT_STARTED
845999,NOT_STARTED
846037,NOT_STARTED
846041,NOT_STARTED
846113,NOT_STARTED
846137,NOT_STARTED
846187,NOT_STARTED
846197,NOT_STARTED
846203,NOT_STARTED
846273,NOT_STARTED
846277,NOT_STARTED
846289,NOT_STARTED
846293,NOT_STARTED
846295,NOT_STARTED
846299,NOT_STARTED
846303,NOT_STARTED
846323,NOT_STARTED
846361,NOT_STARTED
846409,NOT_STARTED
846439,NOT_STARTED
846443,NOT_STARTED
846457,NOT_STARTED
846503,NOT_STARTED
846511,NOT_STARTED
846539,NOT_STARTED
846541,NOT_STARTED
846601,NOT_STARTED
846649,NOT_STARTED
846691,NOT_STARTED
846707,NOT_STARTED
846787,NOT_STARTED
846811,NOT_STARTED
846829,NOT_STARTED
847013,NOT_STARTED
847111,NOT_STARTED
847171,NOT_STARTED
847249,NOT_STARTED
847321,NOT_STARTED
847325,NOT_STARTED
847339,NOT_STARTED
847373,NOT_STARTED
847375,NOT_STARTED
847397,NOT_STARTED
847405,NOT_STARTED
847555,NOT_STARTED
847627,NOT_STARTED
847637,NOT_STARTED
847741,NOT_STARTED
847793,NOT_STARTED
847795,NOT_STARTED
847829,NOT_STARTED
847997,NOT_STARTED
848027,NOT_STARTED
848053,NOT_STARTED
848059,NOT_STARTED
848143,NOT_STARTED
848153,NOT_STARTED
848227,NOT_STARTED
848251,NOT_STARTED
848297,NOT_STARTED
848321,NOT_STARTED
848333,NOT_STARTED
848363,NOT_STARTED
848447,NOT_STARTED
848495,NOT_STARTED
848537,NOT_STARTED
848543,NOT_STARTED
848633,NOT_STARTED
848653,NOT_STARTED
848807,NOT_STARTED
848825,NOT_STARTED
848879,NOT_STARTED
848887,NOT_STARTED
848941,NOT_STARTED
848945,NOT_STARTED
848959,NOT_STARTED
848999,NOT_STARTED
849005,NOT_STARTED
849023,NOT_STARTED
849083,NOT_STARTED
849169,NOT_STARTED
849227,NOT_STARTED
849241,NOT_STARTED
849259,NOT_STARTED
849275,NOT_STARTED
849353,NOT_STARTED
849443,NOT_STARTED
849509,NOT_STARTED
849605,NOT_STARTED
849631,NOT_STARTED
849691,NOT_STARTED
849743,NOT_STARTED
849749,NOT_STARTED
849777,NOT_STARTED
849787,NOT_STARTED
849803,NOT_STARTED
849811,NOT_STARTED
849869,NOT_STARTED
849893,NOT_STARTED
849955,NOT_STARTED
850063,NOT_STARTED
850099,NOT_STARTED
850153,NOT_STARTED
850193,NOT_STARTED
850273,NOT_STARTED
850279,NOT_STARTED
850283,NOT_STARTED
850463,NOT_STARTED
850481,NOT_STARTED
850491,NOT_STARTED
850499,NOT_STARTED
850501,NOT_STARTED
850531,NOT_STARTED
850571,NOT_STARTED
850573,NOT_STARTED
850579,NOT_STARTED
850589,NOT_STARTED
850651,NOT_STARTED
850697,NOT_STARTED
850727,NOT_STARTED
850729,NOT_STARTED
850733,NOT_STARTED
850735,NOT_STARTED
850757,NOT_STARTED
850763,NOT_STARTED
850789,NOT_STARTED
850793,NOT_STARTED
850831,NOT_STARTED
850855,NOT_STARTED
850859,NOT_STARTED
850915,NOT_STARTED
850973,NOT_STARTED
850991,NOT_STARTED
850997,NOT_STARTED
851057,NOT_STARTED
851059,NOT_STARTED
851063,NOT_STARTED
851073,NOT_STARTED
851101,NOT_STARTED
851179,NOT_STARTED
851213,NOT_STARTED
851275,NOT_STARTED
851333,NOT_STARTED
851429,NOT_STARTED
851461,NOT_STARTED
851477,NOT_STARTED
851549,NOT_STARTED
851573,NOT_STARTED
851603,NOT_STARTED
851609,NOT_STARTED
851695,NOT_STARTED
851701,NOT_STARTED
851709,NOT_STARTED
851771,NOT_STARTED
851903,NOT_STARTED
851917,NOT_STARTED
851939,NOT_STARTED
851975,NOT_STARTED
851981,NOT_STARTED
851987,NOT_STARTED
851993,NOT_STARTED
852037,NOT_STARTED
852043,NOT_STARTED
852047,NOT_STARTED
852061,NOT_STARTED
852083,NOT_STARTED
852101,NOT_STARTED
852239,NOT_STARTED
852263,NOT_STARTED
852269,NOT_STARTED
852301,NOT_STARTED
852337,NOT_STARTED
852353,NOT_STARTED
852427,NOT_STARTED
852437,NOT_STARTED
852473,NOT_STARTED
852487,NOT_STARTED
852503,NOT_STARTED
852523,NOT_STARTED
852529,NOT_STARTED
852593,NOT_STARTED
852595,NOT_STARTED
852623,NOT_STARTED
852627,NOT_STARTED
852689,NOT_STARTED
852809,NOT_STARTED
852893,NOT_STARTED
852913,NOT_STARTED
852917,NOT_STARTED
852919,NOT_STARTED
852971,NOT_STARTED
853037,NOT_STARTED
853133,NOT_STARTED
853139,NOT_STARTED
853159,NOT_STARTED
853189,NOT_STARTED
853223,NOT_STARTED
853319,NOT_STARTED
853339,NOT_STARTED
853357,NOT_STARTED
853373,NOT_STARTED
853409,NOT_STARTED
853487,NOT_STARTED
853529,NOT_STARTED
853579,NOT_STARTED
853583,NOT_STARTED
853693,NOT_STARTED
853703,NOT_STARTED
853739,NOT_STARTED
853823,NOT_STARTED
853847,NOT_STARTED
853855,NOT_STARTED
853861,NOT_STARTED
853913,NOT_STARTED
853999,NOT_STARTED
854003,NOT_STARTED
854171,NOT_STARTED
854177,NOT_STARTED
854179,NOT_STARTED
854201,NOT_STARTED
854213,NOT_STARTED
854237,NOT_STARTED
854263,NOT_STARTED
854303,NOT_STARTED
854305,NOT_STARTED
854363,NOT_STARTED
854389,NOT_STARTED
854485,NOT_STARTED
854513,NOT_STARTED
854533,NOT_STARTED
854573,NOT_STARTED
854599,NOT_STARTED
854633,NOT_STARTED
854689,NOT_STARTED
854693,NOT_STARTED
854747,NOT_STARTED
854773,NOT_STARTED
854819,NOT_STARTED
854899,NOT_STARTED
854903,NOT_STARTED
854975,NOT_STARTED
855001,NOT_STARTED
855031,NOT_STARTED
855039,NOT_STARTED
855089,NOT_STARTED
855097,NOT_STARTED
855151,NOT_STARTED
855157,NOT_STARTED
855161,NOT_STARTED
855163,NOT_STARTED
855169,NOT_STARTED
855203,NOT_STARTED
855433,NOT_STARTED
855437,NOT_STARTED
855443,NOT_STARTED
855469,NOT_STARTED
855473,NOT_STARTED
855481,NOT_STARTED
855485,NOT_STARTED
855499,NOT_STARTED
855529,NOT_STARTED
855535,NOT_STARTED
855547,NOT_STARTED
855553,NOT_STARTED
855559,NOT_STARTED
855643,NOT_STARTED
855653,NOT_STARTED
855757,NOT_STARTED
855787,NOT_STARTED
855791,NOT_STARTED
855865,NOT_STARTED
855901,NOT_STARTED
855997,NOT_STARTED
856003,NOT_STARTED
856007,NOT_STARTED
856193,NOT_STARTED
856195,NOT_STARTED
856201,NOT_STARTED
856217,NOT_STARTED
856283,NOT_STARTED
856313,NOT_STARTED
856321,NOT_STARTED
856393,NOT_STARTED
856501,NOT_STARTED
856579,NOT_STARTED
856583,NOT_STARTED
856591,NOT_STARTED
856601,NOT_STARTED
856613,NOT_STARTED
856637,NOT_STARTED
856649,NOT_STARTED
856679,NOT_STARTED
856711,NOT_STARTED
856723,NOT_STARTED
856741,NOT_STARTED
856813,NOT_STARTED
856817,NOT_STARTED
856877,NOT_STARTED
856949,NOT_STARTED
856973,NOT_STARTED
857137,NOT_STARTED
857231,NOT_STARTED
857377,NOT_STARTED
857387,NOT_STARTED
857419,NOT_STARTED
857431,NOT_STARTED
857433,NOT_STARTED
857435,NOT_STARTED
857491,NOT_STARTED
857495,NOT_STARTED
857539,NOT_STARTED
857599,NOT_STARTED
857603,NOT_STARTED
857633,NOT_STARTED
857687,NOT_STARTED
857689,NOT_STARTED
857749,NOT_STARTED
857751,NOT_STARTED
857759,NOT_STARTED
857761,NOT_STARTED
857765,NOT_STARTED
857767,NOT_STARTED
857785,NOT_STARTED
857987,NOT_STARTED
858007,NOT_STARTED
858019,NOT_STARTED
858043,NOT_STARTED
858047,NOT_STARTED
858113,NOT_STARTED
858139,NOT_STARTED
858167,NOT_STARTED
858319,NOT_STARTED
858343,NOT_STARTED
858349,NOT_STARTED
858355,NOT_STARTED
858379,NOT_STARTED
858397,NOT_STARTED
858437,NOT_STARTED
858541,NOT_STARTED
858563,NOT_STARTED
858593,NOT_STARTED
858631,NOT_STARTED
858659,NOT_STARTED
858713,NOT_STARTED
858769,NOT_STARTED
858787,NOT_STARTED
858791,NOT_STARTED
858803,NOT_STARTED
858967,NOT_STARTED
859003,NOT_STARTED
859063,NOT_STARTED
859121,NOT_STARTED
859123,NOT_STARTED
859129,NOT_STARTED
859135,NOT_STARTED
859229,NOT_STARTED
859307,NOT_STARTED
859321,NOT_STARTED
859327,NOT_STARTED
859337,NOT_STARTED
859393,NOT_STARTED
859403,NOT_STARTED
859499,NOT_STARTED
859519,NOT_STARTED
859523,NOT_STARTED
859531,NOT_STARTED
859619,NOT_STARTED
859711,NOT_STARTED
859721,NOT_STARTED
859729,NOT_STARTED
859765,NOT_STARTED
859867,NOT_STARTED
859871,NOT_STARTED
859953,NOT_STARTED
860029,NOT_STARTED
860033,NOT_STARTED
860037,NOT_STARTED
860089,NOT_STARTED
860119,NOT_STARTED
860129,NOT_STARTED
860151,NOT_STARTED
860153,NOT_STARTED
860179,NOT_STARTED
860183,NOT_STARTED
860185,NOT_STARTED
860195,NOT_STARTED
860239,NOT_STARTED
860273,NOT_STARTED
860423,NOT_STARTED
860443,NOT_STARTED
860449,NOT_STARTED
860455,NOT_STARTED
860479,NOT_STARTED
860513,NOT_STARTED
860543,NOT_STARTED
860627,NOT_STARTED
860701,NOT_STARTED
860711,NOT_STARTED
860729,NOT_STARTED
860863,NOT_STARTED
860873,NOT_STARTED
860893,NOT_STARTED
861139,NOT_STARTED
861145,NOT_STARTED
861203,NOT_STARTED
861233,NOT_STARTED
861243,NOT_STARTED
861317,NOT_STARTED
861391,NOT_STARTED
861439,NOT_STARTED
861443,NOT_STARTED
861511,NOT_STARTED
861517,NOT_STARTED
861599,NOT_STARTED
861617,NOT_STARTED
861677,NOT_STARTED
861761,NOT_STARTED
861773,NOT_STARTED
861881,NOT_STARTED
861907,NOT_STARTED
861953,NOT_STARTED
861979,NOT_STARTED
861983,NOT_STARTED
862013,NOT_STARTED
862039,NOT_STARTED
862097,NOT_STARTED
862297,NOT_STARTED
862423,NOT_STARTED
862453,NOT_STARTED
862457,NOT_STARTED
862513,NOT_STARTED
862523,NOT_STARTED
862607,NOT_STARTED
862609,NOT_STARTED
862669,NOT_STARTED
862679,NOT_STARTED
862681,NOT_STARTED
862739,NOT_STARTED
862741,NOT_STARTED
862837,NOT_STARTED
862849,NOT_STARTED
862879,NOT_STARTED
862973,NOT_STARTED
863003,NOT_STARTED
863017,NOT_STARTED
863021,NOT_STARTED
863023,NOT_STARTED
863033,NOT_STARTED
863047,NOT_STARTED
863059,NOT_STARTED
863089,NOT_STARTED
863155,NOT_STARTED
863179,NOT_STARTED
863233,NOT_STARTED
863309,NOT_STARTED
863327,NOT_STARTED
863333,NOT_STARTED
863343,NOT_STARTED
863379,NOT_STARTED
863401,NOT_STARTED
863413,NOT_STARTED
863417,NOT_STARTED
863429,NOT_STARTED
863431,NOT_STARTED
863435,NOT_STARTED
863449,NOT_STARTED
863569,NOT_STARTED
863699,NOT_STARTED
863899,NOT_STARTED
863923,NOT_STARTED
863959,NOT_STARTED
863971,NOT_STARTED
864227,NOT_STARTED
864323,NOT_STARTED
864341,NOT_STARTED
864361,NOT_STARTED
864365,NOT_STARTED
864379,NOT_STARTED
864389,NOT_STARTED
864443,NOT_STARTED
864469,NOT_STARTED
864511,NOT_STARTED
864553,NOT_STARTED
864557,NOT_STARTED
864559,NOT_STARTED
864593,NOT_STARTED
864599,NOT_STARTED
864641,NOT_STARTED
864643,NOT_STARTED
864651,NOT_STARTED
864659,NOT_STARTED
864697,NOT_STARTED
864709,NOT_STARTED
864737,NOT_STARTED
864743,NOT_STARTED
864757,NOT_STARTED
864827,NOT_STARTED
864839,NOT_STARTED
864849,NOT_STARTED
864919,NOT_STARTED
864923,NOT_STARTED
864929,NOT_STARTED
865009,NOT_STARTED
865021,NOT_STARTED
865103,NOT_STARTED
865133,NOT_STARTED
865135,NOT_STARTED
865159,NOT_STARTED
865163,NOT_STARTED
865181,NOT_STARTED
865267,NOT_STARTED
865417,NOT_STARTED
865421,NOT_STARTED
865423,NOT_STARTED
865439,NOT_STARTED
865457,NOT_STARTED
865523,NOT_STARTED
865537,NOT_STARTED
865541,NOT_STARTED
865549,NOT_STARTED
865619,NOT_STARTED
865691,NOT_STARTED
865693,NOT_STARTED
865729,NOT_STARTED
865789,NOT_STARTED
865847,NOT_STARTED
865903,NOT_STARTED
865919,NOT_STARTED
866033,NOT_STARTED
866101,NOT_STARTED
866125,NOT_STARTED
866141,NOT_STARTED
866183,NOT_STARTED
866255,NOT_STARTED
866257,NOT_STARTED
866281,NOT_STARTED
866311,NOT_STARTED
866341,NOT_STARTED
866363,NOT_STARTED
866417,NOT_STARTED
866477,NOT_STARTED
866483,NOT_STARTED
866537,NOT_STARTED
866539,NOT_STARTED
866543,NOT_STARTED
866581,NOT_STARTED
866587,NOT_STARTED
866593,NOT_STARTED
866605,NOT_STARTED
866669,NOT_STARTED
866719,NOT_STARTED
866791,NOT_STARTED
866821,NOT_STARTED
866879,NOT_STARTED
866987,NOT_STARTED
867091,NOT_STARTED
867151,NOT_STARTED
867179,NOT_STARTED
867233,NOT_STARTED
867301,NOT_STARTED
867323,NOT_STARTED
867499,NOT_STARTED
867653,NOT_STARTED
867733,NOT_STARTED
867835,NOT_STARTED
867893,NOT_STARTED
867899,NOT_STARTED
867913,NOT_STARTED
867919,NOT_STARTED
867929,NOT_STARTED
867971,NOT_STARTED
868021,NOT_STARTED
868051,NOT_STARTED
868055,NOT_STARTED
868085,NOT_STARTED
868123,NOT_STARTED
868237,NOT_STARTED
868291,NOT_STARTED
868501,NOT_STARTED
868537,NOT_STARTED
868619,NOT_STARTED
868849,NOT_STARTED
868891,NOT_STARTED
868909,NOT_STARTED
868915,NOT_STARTED
868961,NOT_STARTED
868973,NOT_STARTED
869003,NOT_STARTED
869059,NOT_STARTED
869093,NOT_STARTED
869179,NOT_STARTED
869213,NOT_STARTED
869321,NOT_STARTED
869327,NOT_STARTED
869399,NOT_STARTED
869443,NOT_STARTED
869447,NOT_STARTED
869503,NOT_STARTED
869507,NOT_STARTED
869609,NOT_STARTED
869615,NOT_STARTED
869717,NOT_STARTED
869819,NOT_STARTED
869899,NOT_STARTED
869927,NOT_STARTED
869959,NOT_STARTED
869969,NOT_STARTED
870053,NOT_STARTED
870137,NOT_STARTED
870253,NOT_STARTED
870353,NOT_STARTED
870497,NOT_STARTED
870665,NOT_STARTED
870743,NOT_STARTED
870753,NOT_STARTED
870773,NOT_STARTED
870787,NOT_STARTED
870853,NOT_STARTED
870871,NOT_STARTED
871049,NOT_STARTED
871061,NOT_STARTED
871091,NOT_STARTED
871103,NOT_STARTED
871105,NOT_STARTED
871133,NOT_STARTED
871183,NOT_STARTED
871189,NOT_STARTED
871201,NOT_STARTED
871205,NOT_STARTED
871211,NOT_STARTED
871249,NOT_STARTED
871289,NOT_STARTED
871307,NOT_STARTED
871313,NOT_STARTED
871349,NOT_STARTED
871357,NOT_STARTED
871363,NOT_STARTED
871403,NOT_STARTED
871411,NOT_STARTED
871463,NOT_STARTED
871535,NOT_STARTED
871699,NOT_STARTED
871709,NOT_STARTED
871733,NOT_STARTED
871775,NOT_STARTED
871789,NOT_STARTED
871799,NOT_STARTED
871847,NOT_STARTED
871907,NOT_STARTED
871931,NOT_STARTED
871933,NOT_STARTED
871939,NOT_STARTED
872057,NOT_STARTED
872207,NOT_STARTED
872213,NOT_STARTED
872251,NOT_STARTED
872257,NOT_STARTED
872303,NOT_STARTED
872401,NOT_STARTED
872441,NOT_STARTED
872457,NOT_STARTED
872491,NOT_STARTED
872495,NOT_STARTED
872507,NOT_STARTED
872569,NOT_STARTED
872623,NOT_STARTED
872659,NOT_STARTED
872677,NOT_STARTED
872687,NOT_STARTED
872695,NOT_STARTED
872713,NOT_STARTED
872767,NOT_STARTED
872807,NOT_STARTED
872815,NOT_STARTED
872825,NOT_STARTED
872857,NOT_STARTED
872869,NOT_STARTED
872873,NOT_STARTED
872897,NOT_STARTED
872903,NOT_STARTED
872933,NOT_STARTED
872969,NOT_STARTED
872973,NOT_STARTED
872977,NOT_STARTED
873003,NOT_STARTED
873023,NOT_STARTED
873025,NOT_STARTED
873053,NOT_STARTED
873095,NOT_STARTED
873139,NOT_STARTED
873159,NOT_STARTED
873173,NOT_STARTED
873209,NOT_STARTED
873211,NOT_STARTED
873223,NOT_STARTED
873263,NOT_STARTED
873271,NOT_STARTED
873297,NOT_STARTED
873379,NOT_STARTED
873439,NOT_STARTED
873501,NOT_STARTED
873571,NOT_STARTED
873577,NOT_STARTED
873623,NOT_STARTED
873647,NOT_STARTED
873727,NOT_STARTED
873749,NOT_STARTED
873819,NOT_STARTED
873827,NOT_STARTED
873829,NOT_STARTED
873833,NOT_STARTED
873841,NOT_STARTED
873901,NOT_STARTED
873923,NOT_STARTED
873941,NOT_STARTED
873965,NOT_STARTED
874015,NOT_STARTED
874017,NOT_STARTED
874019,NOT_STARTED
874069,NOT_STARTED
874151,NOT_STARTED
874163,NOT_STARTED
874187,NOT_STARTED
874253,NOT_STARTED
874313,NOT_STARTED
874317,NOT_STARTED
874351,NOT_STARTED
874487,NOT_STARTED
874489,NOT_STARTED
874493,NOT_STARTED
874519,NOT_STARTED
874547,NOT_STARTED
874601,NOT_STARTED
874741,NOT_STARTED
874817,NOT_STARTED
874859,NOT_STARTED
874931,NOT_STARTED
874997,NOT_STARTED
875117,NOT_STARTED
875143,NOT_STARTED
875147,NOT_STARTED
875159,NOT_STARTED
875183,NOT_STARTED
875213,NOT_STARTED
875363,NOT_STARTED
875395,NOT_STARTED
875399,NOT_STARTED
875419,NOT_STARTED
875449,NOT_STARTED
875477,NOT_STARTED
875533,NOT_STARTED
875545,NOT_STARTED
875551,NOT_STARTED
875561,NOT_STARTED
875593,NOT_STARTED
875603,NOT_STARTED
875717,NOT_STARTED
875831,NOT_STARTED
875851,NOT_STARTED
875857,NOT_STARTED
875861,NOT_STARTED
875863,NOT_STARTED
875867,NOT_STARTED
875873,NOT_STARTED
876023,NOT_STARTED
876041,NOT_STARTED
876053,NOT_STARTED
876079,NOT_STARTED
876083,NOT_STARTED
876107,NOT_STARTED
876151,NOT_STARTED
876207,NOT_STARTED
876209,NOT_STARTED
876349,NOT_STARTED
876373,NOT_STARTED
876381,NOT_STARTED
876407,NOT_STARTED
876409,NOT_STARTED
876457,NOT_STARTED
876503,NOT_STARTED
876509,NOT_STARTED
876541,NOT_STARTED
876551,NOT_STARTED
876625,NOT_STARTED
876677,NOT_STARTED
876679,NOT_STARTED
876689,NOT_STARTED
876691,NOT_STARTED
876769,NOT_STARTED
876803,NOT_STARTED
876871,NOT_STARTED
876883,NOT_STARTED
876899,NOT_STARTED
876917,NOT_STARTED
876979,NOT_STARTED
876985,NOT_STARTED
876989,NOT_STARTED
877007,NOT_STARTED
877091,NOT_STARTED
877133,NOT_STARTED
877147,NOT_STARTED
877223,NOT_STARTED
877243,NOT_STARTED
877247,NOT_STARTED
877271,NOT_STARTED
877307,NOT_STARTED
877429,NOT_STARTED
877469,NOT_STARTED
877471,NOT_STARTED
877493,NOT_STARTED
877497,NOT_STARTED
877501,NOT_STARTED
877505,NOT_STARTED
877507,NOT_STARTED
877549,NOT_STARTED
877623,NOT_STARTED
877631,NOT_STARTED
877633,NOT_STARTED
877637,NOT_STARTED
877677,NOT_STARTED
877703,NOT_STARTED
877783,NOT_STARTED
877799,NOT_STARTED
877909,NOT_STARTED
877919,NOT_STARTED
877951,NOT_STARTED
877957,NOT_STARTED
878077,NOT_STARTED
878203,NOT_STARTED
878243,NOT_STARTED
878303,NOT_STARTED
878309,NOT_STARTED
878333,NOT_STARTED
878335,NOT_STARTED
878389,NOT_STARTED
878519,NOT_STARTED
878681,NOT_STARTED
878699,NOT_STARTED
878797,NOT_STARTED
878873,NOT_STARTED
878893,NOT_STARTED
878965,NOT_STARTED
879031,NOT_STARTED
879047,NOT_STARTED
879049,NOT_STARTED
879061,NOT_STARTED
879067,NOT_STARTED
879143,NOT_STARTED
879185,NOT_STARTED
879203,NOT_STARTED
879229,NOT_STARTED
879421,NOT_STARTED
879427,NOT_STARTED
879563,NOT_STARTED
879589,NOT_STARTED
879631,NOT_STARTED
879721,NOT_STARTED
879799,NOT_STARTED
879821,NOT_STARTED
879883,NOT_STARTED
879899,NOT_STARTED
879983,NOT_STARTED
879987,NOT_STARTED
880043,NOT_STARTED
880133,NOT_STARTED
880157,NOT_STARTED
880223,NOT_STARTED
880225,NOT_STARTED
880283,NOT_STARTED
880303,NOT_STARTED
880361,NOT_STARTED
880373,NOT_STARTED
880379,NOT_STARTED
880381,NOT_STARTED
880391,NOT_STARTED
880427,NOT_STARTED
880469,NOT_STARTED
880577,NOT_STARTED
880609,NOT_STARTED
880627,NOT_STARTED
880631,NOT_STARTED
880639,NOT_STARTED
880729,NOT_STARTED
880757,NOT_STARTED
880763,NOT_STARTED
880801,NOT_STARTED
880967,NOT_STARTED
881017,NOT_STARTED
881029,NOT_STARTED
881101,NOT_STARTED
881177,NOT_STARTED
881219,NOT_STARTED
881249,NOT_STARTED
881251,NOT_STARTED
881393,NOT_STARTED
881483,NOT_STARTED
881491,NOT_STARTED
881497,NOT_STARTED
881563,NOT_STARTED
881611,NOT_STARTED
881615,NOT_STARTED
881617,NOT_STARTED
881627,NOT_STARTED
881681,NOT_STARTED
881717,NOT_STARTED
881729,NOT_STARTED
881743,NOT_STARTED
881749,NOT_STARTED
881785,NOT_STARTED
881795,NOT_STARTED
881813,NOT_STARTED
881927,NOT_STARTED
881941,NOT_STARTED
881987,NOT_STARTED
882085,NOT_STARTED
882091,NOT_STARTED
882211,NOT_STARTED
882265,NOT_STARTED
882269,NOT_STARTED
882271,NOT_STARTED
882277,NOT_STARTED
882299,NOT_STARTED
882393,NOT_STARTED
882395,NOT_STARTED
882401,NOT_STARTED
882413,NOT_STARTED
882463,NOT_STARTED
882529,NOT_STARTED
882551,NOT_STARTED
882559,NOT_STARTED
882631,NOT_STARTED
882661,NOT_STARTED
882677,NOT_STARTED
882737,NOT_STARTED
882761,NOT_STARTED
882787,NOT_STARTED
882925,NOT_STARTED
882989,NOT_STARTED
882995,NOT_STARTED
883013,NOT_STARTED
883019,NOT_STARTED
883031,NOT_STARTED
883141,NOT_STARTED
883249,NOT_STARTED
883255,NOT_STARTED
883285,NOT_STARTED
883343,NOT_STARTED
883363,NOT_STARTED
883373,NOT_STARTED
883669,NOT_STARTED
883703,NOT_STARTED
883783,NOT_STARTED
883793,NOT_STARTED
883819,NOT_STARTED
883823,NOT_STARTED
883849,NOT_STARTED
883853,NOT_STARTED
883891,NOT_STARTED
883907,NOT_STARTED
883933,NOT_STARTED
883943,NOT_STARTED
884087,NOT_STARTED
884089,NOT_STARTED
884093,NOT_STARTED
884137,NOT_STARTED
884183,NOT_STARTED
884207,NOT_STARTED
884377,NOT_STARTED
884387,NOT_STARTED
884389,NOT_STARTED
884393,NOT_STARTED
884501,NOT_STARTED
884543,NOT_STARTED
884617,NOT_STARTED
884749,NOT_STARTED
884761,NOT_STARTED
884831,NOT_STARTED
884857,NOT_STARTED
884899,NOT_STARTED
884901,NOT_STARTED
884903,NOT_STARTED
884921,NOT_STARTED
884929,NOT_STARTED
884933,NOT_STARTED
885023,NOT_STARTED
885047,NOT_STARTED
885133,NOT_STARTED
885143,NOT_STARTED
885169,NOT_STARTED
885271,NOT_STARTED
885307,NOT_STARTED
885337,NOT_STARTED
885341,NOT_STARTED
885403,NOT_STARTED
885427,NOT_STARTED
885529,NOT_STARTED
885533,NOT_STARTED
885569,NOT_STARTED
885623,NOT_STARTED
885641,NOT_STARTED
885643,NOT_STARTED
885667,NOT_STARTED
885739,NOT_STARTED
885743,NOT_STARTED
885769,NOT_STARTED
885899,NOT_STARTED
886045,NOT_STARTED
886051,NOT_STARTED
886073,NOT_STARTED
886079,NOT_STARTED
886103,NOT_STARTED
886129,NOT_STARTED
886201,NOT_STARTED
886213,NOT_STARTED
886247,NOT_STARTED
886387,NOT_STARTED
886403,NOT_STARTED
886549,NOT_STARTED
886565,NOT_STARTED
886759,NOT_STARTED
886829,NOT_STARTED
886837,NOT_STARTED
886877,NOT_STARTED
886895,NOT_STARTED
886913,NOT_STARTED
886937,NOT_STARTED
886999,NOT_STARTED
887023,NOT_STARTED
887035,NOT_STARTED
887039,NOT_STARTED
887101,NOT_STARTED
887153,NOT_STARTED
887211,NOT_STARTED
887213,NOT_STARTED
887273,NOT_STARTED
887347,NOT_STARTED
887353,NOT_STARTED
887359,NOT_STARTED
887405,NOT_STARTED
887413,NOT_STARTED
887423,NOT_STARTED
887459,NOT_STARTED
887465,NOT_STARTED
887489,NOT_STARTED
887513,NOT_STARTED
887515,NOT_STARTED
887759,NOT_STARTED
887779,NOT_STARTED
887791,NOT_STARTED
887849,NOT_STARTED
887867,NOT_STARTED
887875,NOT_STARTED
887911,NOT_STARTED
887923,NOT_STARTED
888021,NOT_STARTED
888113,NOT_STARTED
888217,NOT_STARTED
888293,NOT_STARTED
888299,NOT_STARTED
888323,NOT_STARTED
888331,NOT_STARTED
888337,NOT_STARTED
888379,NOT_STARTED
888413,NOT_STARTED
888503,NOT_STARTED
888511,NOT_STARTED
888527,NOT_STARTED
888559,NOT_STARTED
888593,NOT_STARTED
888601,NOT_STARTED
888691,NOT_STARTED
888703,NOT_STARTED
888827,NOT_STARTED
888887,NOT_STARTED
889129,NOT_STARTED
889145,NOT_STARTED
889187,NOT_STARTED
889247,NOT_STARTED
889393,NOT_STARTED
889415,NOT_STARTED
889457,NOT_STARTED
889521,NOT_STARTED
889531,NOT_STARTED
889541,NOT_STARTED
889549,NOT_STARTED
889643,NOT_STARTED
889703,NOT_STARTED
889729,NOT_STARTED
889733,NOT_STARTED
889747,NOT_STARTED
889795,NOT_STARTED
889801,NOT_STARTED
889803,NOT_STARTED
889835,NOT_STARTED
889837,NOT_STARTED
889853,NOT_STARTED
889973,NOT_STARTED
890035,NOT_STARTED
890041,NOT_STARTED
890069,NOT_STARTED
890083,NOT_STARTED
890087,NOT_STARTED
890089,NOT_STARTED
890093,NOT_STARTED
890243,NOT_STARTED
890261,NOT_STARTED
890263,NOT_STARTED
890273,NOT_STARTED
890293,NOT_STARTED
890335,NOT_STARTED
890351,NOT_STARTED
890391,NOT_STARTED
890399,NOT_STARTED
890401,NOT_STARTED
890471,NOT_STARTED
890475,NOT_STARTED
890563,NOT_STARTED
890575,NOT_STARTED
890597,NOT_STARTED
890603,NOT_STARTED
890611,NOT_STARTED
890613,NOT_STARTED
890615,NOT_STARTED
890629,NOT_STARTED
890657,NOT_STARTED
890683,NOT_STARTED
890689,NOT_STARTED
890711,NOT_STARTED
890717,NOT_STARTED
890737,NOT_STARTED
890741,NOT_STARTED
890763,NOT_STARTED
890767,NOT_STARTED
890771,NOT_STARTED
890897,NOT_STARTED
890963,NOT_STARTED
891023,NOT_STARTED
891077,NOT_STARTED
891103,NOT_STARTED
891181,NOT_STARTED
891199,NOT_STARTED
891253,NOT_STARTED
891257,NOT_STARTED
891263,NOT_STARTED
891329,NOT_STARTED
891331,NOT_STARTED
891427,NOT_STARTED
891461,NOT_STARTED
891463,NOT_STARTED
891509,NOT_STARTED
891529,NOT_STARTED
891683,NOT_STARTED
891689,NOT_STARTED
891719,NOT_STARTED
891721,NOT_STARTED
891775,NOT_STARTED
891799,NOT_STARTED
891949,NOT_STARTED
891999,NOT_STARTED
892037,NOT_STARTED
892175,NOT_STARTED
892189,NOT_STARTED
892193,NOT_STARTED
892201,NOT_STARTED
892219,NOT_STARTED
892271,NOT_STARTED
892295,NOT_STARTED
892309,NOT_STARTED
892367,NOT_STARTED
892403,NOT_STARTED
892457,NOT_STARTED
892487,NOT_STARTED
892559,NOT_STARTED
892643,NOT_STARTED
892673,NOT_STARTED
892679,NOT_STARTED
892691,NOT_STARTED
892711,NOT_STARTED
892821,NOT_STARTED
892823,NOT_STARTED
892883,NOT_STARTED
892921,NOT_STARTED
893041,NOT_STARTED
893059,NOT_STARTED
893063,NOT_STARTED
893165,NOT_STARTED
893169,NOT_STARTED
893191,NOT_STARTED
893227,NOT_STARTED
893237,NOT_STARTED
893263,NOT_STARTED
893281,NOT_STARTED
893287,NOT_STARTED
893317,NOT_STARTED
893363,NOT_STARTED
893389,NOT_STARTED
893449,NOT_STARTED
893455,NOT_STARTED
893467,NOT_STARTED
893491,NOT_STARTED
893521,NOT_STARTED
893573,NOT_STARTED
893597,NOT_STARTED
893611,NOT_STARTED
893671,NOT_STARTED
893725,NOT_STARTED
893747,NOT_STARTED
893783,NOT_STARTED
893791,NOT_STARTED
893825,NOT_STARTED
893843,NOT_STARTED
893881,NOT_STARTED
893947,NOT_STARTED
893951,NOT_STARTED
893957,NOT_STARTED
893963,NOT_STARTED
894019,NOT_STARTED
894073,NOT_STARTED
894083,NOT_STARTED
894169,NOT_STARTED
894307,NOT_STARTED
894353,NOT_STARTED
894469,NOT_STARTED
894481,NOT_STARTED
894559,NOT_STARTED
894563,NOT_STARTED
894571,NOT_STARTED
894613,NOT_STARTED
894619,NOT_STARTED
894649,NOT_STARTED
894669,NOT_STARTED
894757,NOT_STARTED
894821,NOT_STARTED
894827,NOT_STARTED
894847,NOT_STARTED
894871,NOT_STARTED
894899,NOT_STARTED
894947,NOT_STARTED
894959,NOT_STARTED
894967,NOT_STARTED
895013,NOT_STARTED
895061,NOT_STARTED
895099,NOT_STARTED
895189,NOT_STARTED
895253,NOT_STARTED
895291,NOT_STARTED
895373,NOT_STARTED
895375,NOT_STARTED
895393,NOT_STARTED
895399,NOT_STARTED
895433,NOT_STARTED
895823,NOT_STARTED
895937,NOT_STARTED
895939,NOT_STARTED
896071,NOT_STARTED
896087,NOT_STARTED
896219,NOT_STARTED
896303,NOT_STARTED
896327,NOT_STARTED
896381,NOT_STARTED
896419,NOT_STARTED
896453,NOT_STARTED
896455,NOT_STARTED
896495,NOT_STARTED
896573,NOT_STARTED
896603,NOT_STARTED
896659,NOT_STARTED
896681,NOT_STARTED
896683,NOT_STARTED
896693,NOT_STARTED
896725,NOT_STARTED
896729,NOT_STARTED
896749,NOT_STARTED
896753,NOT_STARTED
896789,NOT_STARTED
896807,NOT_STARTED
896813,NOT_STARTED
896815,NOT_STARTED
896817,NOT_STARTED
896843,NOT_STARTED
896845,NOT_STARTED
896899,NOT_STARTED
896903,NOT_STARTED
896929,NOT_STARTED
896963,NOT_STARTED
896993,NOT_STARTED
897031,NOT_STARTED
897143,NOT_STARTED
897167,NOT_STARTED
897199,NOT_STARTED
897251,NOT_STARTED
897407,NOT_STARTED
897415,NOT_STARTED
897527,NOT_STARTED
897529,NOT_STARTED
897533,NOT_STARTED
897619,NOT_STARTED
897653,NOT_STARTED
897661,NOT_STARTED
897709,NOT_STARTED
897731,NOT_STARTED
897737,NOT_STARTED
897755,NOT_STARTED
897757,NOT_STARTED
897787,NOT_STARTED
897791,NOT_STARTED
897797,NOT_STARTED
897833,NOT_STARTED
897859,NOT_STARTED
897887,NOT_STARTED
897953,NOT_STARTED
897983,NOT_STARTED
897993,NOT_STARTED
898043,NOT_STARTED
898109,NOT_STARTED
898133,NOT_STARTED
898153,NOT_STARTED
898327,NOT_STARTED
898349,NOT_STARTED
898463,NOT_STARTED
898501,NOT_STARTED
898523,NOT_STARTED
898567,NOT_STARTED
898583,NOT_STARTED
898621,NOT_STARTED
898639,NOT_STARTED
898673,NOT_STARTED
898691,NOT_STARTED
898735,NOT_STARTED
898741,NOT_STARTED
898795,NOT_STARTED
898853,NOT_STARTED
898891,NOT_STARTED
898907,NOT_STARTED
898937,NOT_STARTED
898951,NOT_STARTED
898963,NOT_STARTED
898969,NOT_STARTED
898981,NOT_STARTED
898999,NOT_STARTED
899237,NOT_STARTED
899239,NOT_STARTED
899273,NOT_STARTED
899291,NOT_STARTED
899329,NOT_STARTED
899335,NOT_STARTED
899341,NOT_STARTED
899351,NOT_STARTED
899359,NOT_STARTED
899501,NOT_STARTED
899519,NOT_STARTED
899545,NOT_STARTED
899557,NOT_STARTED
899563,NOT_STARTED
899567,NOT_STARTED
899571,NOT_STARTED
899581,NOT_STARTED
899585,NOT_STARTED
899617,NOT_STARTED
899621,NOT_STARTED
899761,NOT_STARTED
899765,NOT_STARTED
899807,NOT_STARTED
899809,NOT_STARTED
899851,NOT_STARTED
899863,NOT_STARTED
899867,NOT_STARTED
899881,NOT_STARTED
899941,NOT_STARTED
899945,NOT_STARTED
899959,NOT_STARTED
899983,NOT_STARTED
900019,NOT_STARTED
900023,NOT_STARTED
900047,NOT_STARTED
900061,NOT_STARTED
900193,NOT_STARTED
900197,NOT_STARTED
900263,NOT_STARTED
900293,NOT_STARTED
900307,NOT_STARTED
900379,NOT_STARTED
900383,NOT_STARTED
900773,NOT_STARTED
900775,NOT_STARTED
900777,NOT_STARTED
900821,NOT_STARTED
900877,NOT_STARTED
900893,NOT_STARTED
901013,NOT_STARTED
901019,NOT_STARTED
901021,NOT_STARTED
901033,NOT_STARTED
901217,NOT_STARTED
901253,NOT_STARTED
901283,NOT_STARTED
901309,NOT_STARTED
901357,NOT_STARTED
901369,NOT_STARTED
901379,NOT_STARTED
901403,NOT_STARTED
901471,NOT_STARTED
901571,NOT_STARTED
901727,NOT_STARTED
901757,NOT_STARTED
901789,NOT_STARTED
901939,NOT_STARTED
901943,NOT_STARTED
902053,NOT_STARTED
902065,NOT_STARTED
902101,NOT_STARTED
902143,NOT_STARTED
902149,NOT_STARTED
902153,NOT_STARTED
902165,NOT_STARTED
902179,NOT_STARTED
902207,NOT_STARTED
902237,NOT_STARTED
902263,NOT_STARTED
902285,NOT_STARTED
902333,NOT_STARTED
902375,NOT_STARTED
902417,NOT_STARTED
902551,NOT_STARTED
902611,NOT_STARTED
902617,NOT_STARTED
902639,NOT_STARTED
902687,NOT_STARTED
902689,NOT_STARTED
902701,NOT_STARTED
902705,NOT_STARTED
902731,NOT_STARTED
902809,NOT_STARTED
902827,NOT_STARTED
902873,NOT_STARTED
902885,NOT_STARTED
902911,NOT_STARTED
902941,NOT_STARTED
903017,NOT_STARTED
903053,NOT_STARTED
903079,NOT_STARTED
903083,NOT_STARTED
903085,NOT_STARTED
903113,NOT_STARTED
903125,NOT_STARTED
903227,NOT_STARTED
903269,NOT_STARTED
903299,NOT_STARTED
903323,NOT_STARTED
903421,NOT_STARTED
903461,NOT_STARTED
903467,NOT_STARTED
903499,NOT_STARTED
903593,NOT_STARTED
903619,NOT_STARTED
903649,NOT_STARTED
903727,NOT_STARTED
903827,NOT_STARTED
903841,NOT_STARTED
903919,NOT_STARTED
903923,NOT_STARTED
903983,NOT_STARTED
904031,NOT_STARTED
904103,NOT_STARTED
904123,NOT_STARTED
904127,NOT_STARTED
904147,NOT_STARTED
904159,NOT_STARTED
904163,NOT_STARTED
904231,NOT_STARTED
904235,NOT_STARTED
904237,NOT_STARTED
904241,NOT_STARTED
904317,NOT_STARTED
904327,NOT_STARTED
904369,NOT_STARTED
904403,NOT_STARTED
904405,NOT_STARTED
904411,NOT_STARTED
904427,NOT_STARTED
904549,NOT_STARTED
904559,NOT_STARTED
904577,NOT_STARTED
904643,NOT_STARTED
904699,NOT_STARTED
904741,NOT_STARTED
904883,NOT_STARTED
904939,NOT_STARTED
904963,NOT_STARTED
904969,NOT_STARTED
905089,NOT_STARTED
905147,NOT_STARTED
905213,NOT_STARTED
905231,NOT_STARTED
905263,NOT_STARTED
905299,NOT_STARTED
905303,NOT_STARTED
905309,NOT_STARTED
905363,NOT_STARTED
905375,NOT_STARTED
905425,NOT_STARTED
905435,NOT_STARTED
905477,NOT_STARTED
905509,NOT_STARTED
905513,NOT_STARTED
905527,NOT_STARTED
905537,NOT_STARTED
905567,NOT_STARTED
905603,NOT_STARTED
905659,NOT_STARTED
905663,NOT_STARTED
905719,NOT_STARTED
905721,NOT_STARTED
905731,NOT_STARTED
905761,NOT_STARTED
905785,NOT_STARTED
905807,NOT_STARTED
905849,NOT_STARTED
905851,NOT_STARTED
905857,NOT_STARTED
905861,NOT_STARTED
905869,NOT_STARTED
905923,NOT_STARTED
905977,NOT_STARTED
906049,NOT_STARTED
906067,NOT_STARTED
906089,NOT_STARTED
906139,NOT_STARTED
906143,NOT_STARTED
906161,NOT_STARTED
906233,NOT_STARTED
906241,NOT_STARTED
906403,NOT_STARTED
906443,NOT_STARTED
906497,NOT_STARTED
906563,NOT_STARTED
906571,NOT_STARTED
906623,NOT_STARTED
906731,NOT_STARTED
906737,NOT_STARTED
906779,NOT_STARTED
906847,NOT_STARTED
906863,NOT_STARTED
906881,NOT_STARTED
906883,NOT_STARTED
906887,NOT_STARTED
906955,NOT_STARTED
906977,NOT_STARTED
906985,NOT_STARTED
906989,NOT_STARTED
906991,NOT_STARTED
907141,NOT_STARTED
907241,NOT_STARTED
907283,NOT_STARTED
907349,NOT_STARTED
907399,NOT_STARTED
907403,NOT_STARTED
907595,NOT_STARTED
907615,NOT_STARTED
907673,NOT_STARTED
907733,NOT_STARTED
907769,NOT_STARTED
907853,NOT_STARTED
907871,NOT_STARTED
907873,NOT_STARTED
907975,NOT_STARTED
908003,NOT_STARTED
908011,NOT_STARTED
908029,NOT_STARTED
908071,NOT_STARTED
908087,NOT_STARTED
908261,NOT_STARTED
908291,NOT_STARTED
908329,NOT_STARTED
908339,NOT_STARTED
908363,NOT_STARTED
908461,NOT_STARTED
908471,NOT_STARTED
908603,NOT_STARTED
908771,NOT_STARTED
908881,NOT_STARTED
908939,NOT_STARTED
908959,NOT_STARTED
908995,NOT_STARTED
909119,NOT_STARTED
909137,NOT_STARTED
909151,NOT_STARTED
909175,NOT_STARTED
909181,NOT_STARTED
909203,NOT_STARTED
909257,NOT_STARTED
909331,NOT_STARTED
909343,NOT_STARTED
909383,NOT_STARTED
909467,NOT_STARTED
909487,NOT_STARTED
909493,NOT_STARTED
909559,NOT_STARTED
909563,NOT_STARTED
909637,NOT_STARTED
909643,NOT_STARTED
909653,NOT_STARTED
909655,NOT_STARTED
909809,NOT_STARTED
909923,NOT_STARTED
909933,NOT_STARTED
909935,NOT_STARTED
909943,NOT_STARTED
909977,NOT_STARTED
909979,NOT_STARTED
909985,NOT_STARTED
910003,NOT_STARTED
910007,NOT_STARTED
910051,NOT_STARTED
910157,NOT_STARTED
910219,NOT_STARTED
910229,NOT_STARTED
910231,NOT_STARTED
910247,NOT_STARTED
910249,NOT_STARTED
910253,NOT_STARTED
910255,NOT_STARTED
910257,NOT_STARTED
910259,NOT_STARTED
910285,NOT_STARTED
910313,NOT_STARTED
910341,NOT_STARTED
910379,NOT_STARTED
910399,NOT_STARTED
910427,NOT_STARTED
910429,NOT_STARTED
910493,NOT_STARTED
910523,NOT_STARTED
910583,NOT_STARTED
910663,NOT_STARTED
910673,NOT_STARTED
910713,NOT_STARTED
910717,NOT_STARTED
910721,NOT_STARTED
910723,NOT_STARTED
910787,NOT_STARTED
910817,NOT_STARTED
910825,NOT_STARTED
910859,NOT_STARTED
910861,NOT_STARTED
910883,NOT_STARTED
910885,NOT_STARTED
910909,NOT_STARTED
910939,NOT_STARTED
910943,NOT_STARTED
911039,NOT_STARTED
911041,NOT_STARTED
911149,NOT_STARTED
911179,NOT_STARTED
911255,NOT_STARTED
911273,NOT_STARTED
911281,NOT_STARTED
911387,NOT_STARTED
911473,NOT_STARTED
911507,NOT_STARTED
911509,NOT_STARTED
911513,NOT_STARTED
911527,NOT_STARTED
911549,NOT_STARTED
911555,NOT_STARTED
911567,NOT_STARTED
911633,NOT_STARTED
911749,NOT_STARTED
911753,NOT_STARTED
911795,NOT_STARTED
911917,NOT_STARTED
911929,NOT_STARTED
911979,NOT_STARTED
912007,NOT_STARTED
912061,NOT_STARTED
912121,NOT_STARTED
912127,NOT_STARTED
912193,NOT_STARTED
912199,NOT_STARTED
912277,NOT_STARTED
912295,NOT_STARTED
912299,NOT_STARTED
912301,NOT_STARTED
912307,NOT_STARTED
912313,NOT_STARTED
912319,NOT_STARTED
912349,NOT_STARTED
912367,NOT_STARTED
912371,NOT_STARTED
912415,NOT_STARTED
912419,NOT_STARTED
912497,NOT_STARTED
912511,NOT_STARTED
912545,NOT_STARTED
912591,NOT_STARTED
912593,NOT_STARTED
912595,NOT_STARTED
912605,NOT_STARTED
912607,NOT_STARTED
912609,NOT_STARTED
912611,NOT_STARTED
912649,NOT_STARTED
912655,NOT_STARTED
912671,NOT_STARTED
912673,NOT_STARTED
912779,NOT_STARTED
912871,NOT_STARTED
912883,NOT_STARTED
912893,NOT_STARTED
913073,NOT_STARTED
913103,NOT_STARTED
913109,NOT_STARTED
913157,NOT_STARTED
913187,NOT_STARTED
913189,NOT_STARTED
913219,NOT_STARTED
913225,NOT_STARTED
913261,NOT_STARTED
913337,NOT_STARTED
913345,NOT_STARTED
913397,NOT_STARTED
913399,NOT_STARTED
913457,NOT_STARTED
913459,NOT_STARTED
913463,NOT_STARTED
913465,NOT_STARTED
913489,NOT_STARTED
913495,NOT_STARTED
913499,NOT_STARTED
913519,NOT_STARTED
913591,NOT_STARTED
913663,NOT_STARTED
913687,NOT_STARTED
913711,NOT_STARTED
913729,NOT_STARTED
913757,NOT_STARTED
913771,NOT_STARTED
913777,NOT_STARTED
913781,NOT_STARTED
913813,NOT_STARTED
913829,NOT_STARTED
913847,NOT_STARTED
913853,NOT_STARTED
913855,NOT_STARTED
913877,NOT_STARTED
913945,NOT_STARTED
914049,NOT_STARTED
914063,NOT_STARTED
914083,NOT_STARTED
914093,NOT_STARTED
914099,NOT_STARTED
914143,NOT_STARTED
914161,NOT_STARTED
914167,NOT_STARTED
914191,NOT_STARTED
914239,NOT_STARTED
914243,NOT_STARTED
914299,NOT_STARTED
914395,NOT_STARTED
914477,NOT_STARTED
914659,NOT_STARTED
914665,NOT_STARTED
914671,NOT_STARTED
914677,NOT_STARTED
914741,NOT_STARTED
914753,NOT_STARTED
914903,NOT_STARTED
914905,NOT_STARTED
914917,NOT_STARTED
914921,NOT_STARTED
914927,NOT_STARTED
914957,NOT_STARTED
914959,NOT_STARTED
914971,NOT_STARTED
915053,NOT_STARTED
915073,NOT_STARTED
915077,NOT_STARTED
915113,NOT_STARTED
915125,NOT_STARTED
915157,NOT_STARTED
915203,NOT_STARTED
915233,NOT_STARTED
915259,NOT_STARTED
915265,NOT_STARTED
915311,NOT_STARTED
915313,NOT_STARTED
915325,NOT_STARTED
915331,NOT_STARTED
915379,NOT_STARTED
915419,NOT_STARTED
915437,NOT_STARTED
915451,NOT_STARTED
915469,NOT_STARTED
915489,NOT_STARTED
915503,NOT_STARTED
915557,NOT_STARTED
915775,NOT_STARTED
915785,NOT_STARTED
915799,NOT_STARTED
915801,NOT_STARTED
915803,NOT_STARTED
915893,NOT_STARTED
915929,NOT_STARTED
916013,NOT_STARTED
916079,NOT_STARTED
916147,NOT_STARTED
916151,NOT_STARTED
916229,NOT_STARTED
916291,NOT_STARTED
916297,NOT_STARTED
916367,NOT_STARTED
916373,NOT_STARTED
916421,NOT_STARTED
916477,NOT_STARTED
916487,NOT_STARTED
916621,NOT_STARTED
916637,NOT_STARTED
916681,NOT_STARTED
916703,NOT_STARTED
916705,NOT_STARTED
916709,NOT_STARTED
916715,NOT_STARTED
916739,NOT_STARTED
916753,NOT_STARTED
916759,NOT_STARTED
916789,NOT_STARTED
916807,NOT_STARTED
916819,NOT_STARTED
916889,NOT_STARTED
916893,NOT_STARTED
916939,NOT_STARTED
916975,NOT_STARTED
917017,NOT_STARTED
917041,NOT_STARTED
917053,NOT_STARTED
917065,NOT_STARTED
917251,NOT_STARTED
917263,NOT_STARTED
917281,NOT_STARTED
917335,NOT_STARTED
917369,NOT_STARTED
917371,NOT_STARTED
917389,NOT_STARTED
917419,NOT_STARTED
917479,NOT_STARTED
917531,NOT_STARTED
917641,NOT_STARTED
917669,NOT_STARTED
917701,NOT_STARTED
917813,NOT_STARTED
917849,NOT_STARTED
917997,NOT_STARTED
918089,NOT_STARTED
918109,NOT_STARTED
918121,NOT_STARTED
918181,NOT_STARTED
918209,NOT_STARTED
918223,NOT_STARTED
918233,NOT_STARTED
918283,NOT_STARTED
918443,NOT_STARTED
918501,NOT_STARTED
918509,NOT_STARTED
918595,NOT_STARTED
918685,NOT_STARTED
918691,NOT_STARTED
918697,NOT_STARTED
918713,NOT_STARTED
918787,NOT_STARTED
918811,NOT_STARTED
918839,NOT_STARTED
918863,NOT_STARTED
918877,NOT_STARTED
918971,NOT_STARTED
918991,NOT_STARTED
919039,NOT_STARTED
919043,NOT_STARTED
919067,NOT_STARTED
919091,NOT_STARTED
919111,NOT_STARTED
919193,NOT_STARTED
919201,NOT_STARTED
919301,NOT_STARTED
919351,NOT_STARTED
919367,NOT_STARTED
919381,NOT_STARTED
919433,NOT_STARTED
919451,NOT_STARTED
919473,NOT_STARTED
919483,NOT_STARTED
919497,NOT_STARTED
919531,NOT_STARTED
919593,NOT_STARTED
919621,NOT_STARTED
919709,NOT_STARTED
919733,NOT_STARTED
919823,NOT_STARTED
919913,NOT_STARTED
919973,NOT_STARTED
919985,NOT_STARTED
919987,NOT_STARTED
919993,NOT_STARTED
919999,NOT_STARTED
920041,NOT_STARTED
920057,NOT_STARTED
920077,NOT_STARTED
920089,NOT_STARTED
920303,NOT_STARTED
920333,NOT_STARTED
920443,NOT_STARTED
920509,NOT_STARTED
920551,NOT_STARTED
920561,NOT_STARTED
920583,NOT_STARTED
920617,NOT_STARTED
920659,NOT_STARTED
920761,NOT_STARTED
920809,NOT_STARTED
920813,NOT_STARTED
920849,NOT_STARTED
920873,NOT_STARTED
920891,NOT_STARTED
920893,NOT_STARTED
920903,NOT_STARTED
920933,NOT_STARTED
920977,NOT_STARTED
921031,NOT_STARTED
921053,NOT_STARTED
921169,NOT_STARTED
921203,NOT_STARTED
921301,NOT_STARTED
921313,NOT_STARTED
921317,NOT_STARTED
921331,NOT_STARTED
921383,NOT_STARTED
921397,NOT_STARTED
921427,NOT_STARTED
921469,NOT_STARTED
921503,NOT_STARTED
921523,NOT_STARTED
921541,NOT_STARTED
921567,NOT_STARTED
921677,NOT_STARTED
921685,NOT_STARTED
921859,NOT_STARTED
921919,NOT_STARTED
921931,NOT_STARTED
921941,NOT_STARTED
921997,NOT_STARTED
922043,NOT_STARTED
922147,NOT_STARTED
922177,NOT_STARTED
922189,NOT_STARTED
922193,NOT_STARTED
922261,NOT_STARTED
922321,NOT_STARTED
922367,NOT_STARTED
922399,NOT_STARTED
922403,NOT_STARTED
922405,NOT_STARTED
922469,NOT_STARTED
922517,NOT_STARTED
922519,NOT_STARTED
922535,NOT_STARTED
922583,NOT_STARTED
922643,NOT_STARTED
922681,NOT_STARTED
922699,NOT_STARTED
922703,NOT_STARTED
922745,NOT_STARTED
922753,NOT_STARTED
922759,NOT_STARTED
922787,NOT_STARTED
922813,NOT_STARTED
922819,NOT_STARTED
922831,NOT_STARTED
922835,NOT_STARTED
922883,NOT_STARTED
922945,NOT_STARTED
922973,NOT_STARTED
922975,NOT_STARTED
923033,NOT_STARTED
923057,NOT_STARTED
923059,NOT_STARTED
923075,NOT_STARTED
923079,NOT_STARTED
923081,NOT_STARTED
923101,NOT_STARTED
923111,NOT_STARTED
923149,NOT_STARTED
923213,NOT_STARTED
923281,NOT_STARTED
923387,NOT_STARTED
923413,NOT_STARTED
923471,NOT_STARTED
923477,NOT_STARTED
923479,NOT_STARTED
923483,NOT_STARTED
923515,NOT_STARTED
923617,NOT_STARTED
923723,NOT_STARTED
923749,NOT_STARTED
923753,NOT_STARTED
923755,NOT_STARTED
923789,NOT_STARTED
923791,NOT_STARTED
923869,NOT_STARTED
923873,NOT_STARTED
923875,NOT_STARTED
923933,NOT_STARTED
923989,NOT_STARTED
923997,NOT_STARTED
923999,NOT_STARTED
924061,NOT_STARTED
924155,NOT_STARTED
924213,NOT_STARTED
924221,NOT_STARTED
924247,NOT_STARTED
924305,NOT_STARTED
924317,NOT_STARTED
924337,NOT_STARTED
924361,NOT_STARTED
924383,NOT_STARTED
924437,NOT_STARTED
924445,NOT_STARTED
924473,NOT_STARTED
924509,NOT_STARTED
924529,NOT_STARTED
924571,NOT_STARTED
924575,NOT_STARTED
924581,NOT_STARTED
924583,NOT_STARTED
924623,NOT_STARTED
924631,NOT_STARTED
924847,NOT_STARTED
924853,NOT_STARTED
924893,NOT_STARTED
924941,NOT_STARTED
924971,NOT_STARTED
925223,NOT_STARTED
925261,NOT_STARTED
925315,NOT_STARTED
925349,NOT_STARTED
925373,NOT_STARTED
925409,NOT_STARTED
925433,NOT_STARTED
925537,NOT_STARTED
925541,NOT_STARTED
925623,NOT_STARTED
925649,NOT_STARTED
925769,NOT_STARTED
925813,NOT_STARTED
925855,NOT_STARTED
925861,NOT_STARTED
925943,NOT_STARTED
925997,NOT_STARTED
926039,NOT_STARTED
926059,NOT_STARTED
926131,NOT_STARTED
926161,NOT_STARTED
926183,NOT_STARTED
926209,NOT_STARTED
926239,NOT_STARTED
926259,NOT_STARTED
926275,NOT_STARTED
926359,NOT_STARTED
926417,NOT_STARTED
926467,NOT_STARTED
926477,NOT_STARTED
926515,NOT_STARTED
926539,NOT_STARTED
926597,NOT_STARTED
926603,NOT_STARTED
926719,NOT_STARTED
926723,NOT_STARTED
926777,NOT_STARTED
926807,NOT_STARTED
926821,NOT_STARTED
926825,NOT_STARTED
926831,NOT_STARTED
926935,NOT_STARTED
926939,NOT_STARTED
926987,NOT_STARTED
927059,NOT_STARTED
927107,NOT_STARTED
927119,NOT_STARTED
927167,NOT_STARTED
927169,NOT_STARTED
927191,NOT_STARTED
927193,NOT_STARTED
927205,NOT_STARTED
927239,NOT_STARTED
927241,NOT_STARTED
927343,NOT_STARTED
927383,NOT_STARTED
927499,NOT_STARTED
927503,NOT_STARTED
927577,NOT_STARTED
927587,NOT_STARTED
927607,NOT_STARTED
927683,NOT_STARTED
927685,NOT_STARTED
927691,NOT_STARTED
927713,NOT_STARTED
927803,NOT_STARTED
927877,NOT_STARTED
927883,NOT_STARTED
927907,NOT_STARTED
927919,NOT_STARTED
927925,NOT_STARTED
927931,NOT_STARTED
927977,NOT_STARTED
928003,NOT_STARTED
928023,NOT_STARTED
928025,NOT_STARTED
928189,NOT_STARTED
928193,NOT_STARTED
928201,NOT_STARTED
928205,NOT_STARTED
928289,NOT_STARTED
928381,NOT_STARTED
928433,NOT_STARTED
928487,NOT_STARTED
928501,NOT_STARTED
928513,NOT_STARTED
928573,NOT_STARTED
928583,NOT_STARTED
928715,NOT_STARTED
928733,NOT_STARTED
928823,NOT_STARTED
928835,NOT_STARTED
928889,NOT_STARTED
928943,NOT_STARTED
929179,NOT_STARTED
929213,NOT_STARTED
929341,NOT_STARTED
929345,NOT_STARTED
929507,NOT_STARTED
929657,NOT_STARTED
929671,NOT_STARTED
929693,NOT_STARTED
929703,NOT_STARTED
929723,NOT_STARTED
929749,NOT_STARTED
929777,NOT_STARTED
929815,NOT_STARTED
929843,NOT_STARTED
929905,NOT_STARTED
929917,NOT_STARTED
929941,NOT_STARTED
929989,NOT_STARTED
930023,NOT_STARTED
930133,NOT_STARTED
930139,NOT_STARTED
930217,NOT_STARTED
930247,NOT_STARTED
930349,NOT_STARTED
930361,NOT_STARTED
930389,NOT_STARTED
930439,NOT_STARTED
930481,NOT_STARTED
930509,NOT_STARTED
930511,NOT_STARTED
930521,NOT_STARTED
930529,NOT_STARTED
930599,NOT_STARTED
930619,NOT_STARTED
930749,NOT_STARTED
930803,NOT_STARTED
930827,NOT_STARTED
930883,NOT_STARTED
930931,NOT_STARTED
931027,NOT_STARTED
931033,NOT_STARTED
931039,NOT_STARTED
931045,NOT_STARTED
931049,NOT_STARTED
931067,NOT_STARTED
931069,NOT_STARTED
931135,NOT_STARTED
931139,NOT_STARTED
931163,NOT_STARTED
931199,NOT_STARTED
931217,NOT_STARTED
931291,NOT_STARTED
931321,NOT_STARTED
931323,NOT_STARTED
931363,NOT_STARTED
931367,NOT_STARTED
931399,NOT_STARTED
931427,NOT_STARTED
931431,NOT_STARTED
931441,NOT_STARTED
931459,NOT_STARTED
931549,NOT_STARTED
931553,NOT_STARTED
931577,NOT_STARTED
931579,NOT_STARTED
931597,NOT_STARTED
931621,NOT_STARTED
931643,NOT_STARTED
931669,NOT_STARTED
931691,NOT_STARTED
931759,NOT_STARTED
931837,NOT_STARTED
931969,NOT_STARTED
932011,NOT_STARTED
932053,NOT_STARTED
932057,NOT_STARTED
932059,NOT_STARTED
932231,NOT_STARTED
932263,NOT_STARTED
932267,NOT_STARTED
932279,NOT_STARTED
932281,NOT_STARTED
932297,NOT_STARTED
932369,NOT_STARTED
932375,NOT_STARTED
932377,NOT_STARTED
932389,NOT_STARTED
932447,NOT_STARTED
932539,NOT_STARTED
932573,NOT_STARTED
932609,NOT_STARTED
932623,NOT_STARTED
932627,NOT_STARTED
932653,NOT_STARTED
932683,NOT_STARTED
932695,NOT_STARTED
932713,NOT_STARTED
932731,NOT_STARTED
932821,NOT_STARTED
932825,NOT_STARTED
932887,NOT_STARTED
932893,NOT_STARTED
933023,NOT_STARTED
933025,NOT_STARTED
933077,NOT_STARTED
933083,NOT_STARTED
933113,NOT_STARTED
933301,NOT_STARTED
933331,NOT_STARTED
933337,NOT_STARTED
933355,NOT_STARTED
933407,NOT_STARTED
933439,NOT_STARTED
933457,NOT_STARTED
933509,NOT_STARTED
933619,NOT_STARTED
933623,NOT_STARTED
933685,NOT_STARTED
933713,NOT_STARTED
933719,NOT_STARTED
933739,NOT_STARTED
933763,NOT_STARTED
933769,NOT_STARTED
933857,NOT_STARTED
933983,NOT_STARTED
934013,NOT_STARTED
934019,NOT_STARTED
934081,NOT_STARTED
934085,NOT_STARTED
934091,NOT_STARTED
934097,NOT_STARTED
934129,NOT_STARTED
934189,NOT_STARTED
934229,NOT_STARTED
934231,NOT_STARTED
934301,NOT_STARTED
934499,NOT_STARTED
934547,NOT_STARTED
934615,NOT_STARTED
934621,NOT_STARTED
934639,NOT_STARTED
934643,NOT_STARTED
934649,NOT_STARTED
934697,NOT_STARTED
934733,NOT_STARTED
934775,NOT_STARTED
934813,NOT_STARTED
934921,NOT_STARTED
934981,NOT_STARTED
935003,NOT_STARTED
935035,NOT_STARTED
935071,NOT_STARTED
935219,NOT_STARTED
935283,NOT_STARTED
935363,NOT_STARTED
935413,NOT_STARTED
935423,NOT_STARTED
935461,NOT_STARTED
935531,NOT_STARTED
935537,NOT_STARTED
935539,NOT_STARTED
935557,NOT_STARTED
935719,NOT_STARTED
935721,NOT_STARTED
935793,NOT_STARTED
935843,NOT_STARTED
935873,NOT_STARTED
935903,NOT_STARTED
935919,NOT_STARTED
935923,NOT_STARTED
935927,NOT_STARTED
935929,NOT_STARTED
935951,NOT_STARTED
935981,NOT_STARTED
936007,NOT_STARTED
936071,NOT_STARTED
936077,NOT_STARTED
936137,NOT_STARTED
936203,NOT_STARTED
936205,NOT_STARTED
936239,NOT_STARTED
936289,NOT_STARTED
936319,NOT_STARTED
936337,NOT_STARTED
936341,NOT_STARTED
936437,NOT_STARTED
936451,NOT_STARTED
936457,NOT_STARTED
936473,NOT_STARTED
936625,NOT_STARTED
936679,NOT_STARTED
936743,NOT_STARTED
936755,NOT_STARTED
936827,NOT_STARTED
936849,NOT_STARTED
937021,NOT_STARTED
937069,NOT_STARTED
937087,NOT_STARTED
937093,NOT_STARTED
937103,NOT_STARTED
937127,NOT_STARTED
937133,NOT_STARTED
937189,NOT_STARTED
937253,NOT_STARTED
937255,NOT_STARTED
937267,NOT_STARTED
937271,NOT_STARTED
937337,NOT_STARTED
937385,NOT_STARTED
937391,NOT_STARTED
937399,NOT_STARTED
937435,NOT_STARTED
937463,NOT_STARTED
937517,NOT_STARTED
937519,NOT_STARTED
937541,NOT_STARTED
937543,NOT_STARTED
937733,NOT_STARTED
937823,NOT_STARTED
937921,NOT_STARTED
937955,NOT_STARTED
938059,NOT_STARTED
938129,NOT_STARTED
938131,NOT_STARTED
938137,NOT_STARTED
938147,NOT_STARTED
938157,NOT_STARTED
938159,NOT_STARTED
938161,NOT_STARTED
938163,NOT_STARTED
938183,NOT_STARTED
938279,NOT_STARTED
938281,NOT_STARTED
938327,NOT_STARTED
938407,NOT_STARTED
938491,NOT_STARTED
938509,NOT_STARTED
938577,NOT_STARTED
938597,NOT_STARTED
938599,NOT_STARTED
938611,NOT_STARTED
938699,NOT_STARTED
938713,NOT_STARTED
938727,NOT_STARTED
938737,NOT_STARTED
938761,NOT_STARTED
938807,NOT_STARTED
938813,NOT_STARTED
938893,NOT_STARTED
938903,NOT_STARTED
939023,NOT_STARTED
939031,NOT_STARTED
939041,NOT_STARTED
939127,NOT_STARTED
939131,NOT_STARTED
939137,NOT_STARTED
939181,NOT_STARTED
939205,NOT_STARTED
939211,NOT_STARTED
939257,NOT_STARTED
939323,NOT_STARTED
939377,NOT_STARTED
939451,NOT_STARTED
939489,NOT_STARTED
939523,NOT_STARTED
939529,NOT_STARTED
939553,NOT_STARTED
939623,NOT_STARTED
939625,NOT_STARTED
939627,NOT_STARTED
939631,NOT_STARTED
939719,NOT_STARTED
939803,NOT_STARTED
939829,NOT_STARTED
939857,NOT_STARTED
939949,NOT_STARTED
940037,NOT_STARTED
940043,NOT_STARTED
940097,NOT_STARTED
940203,NOT_STARTED
940369,NOT_STARTED
940427,NOT_STARTED
940487,NOT_STARTED
940621,NOT_STARTED
940625,NOT_STARTED
940673,NOT_STARTED
940741,NOT_STARTED
940829,NOT_STARTED
940921,NOT_STARTED
940957,NOT_STARTED
940963,NOT_STARTED
940967,NOT_STARTED
941041,NOT_STARTED
941063,NOT_STARTED
941179,NOT_STARTED
941273,NOT_STARTED
941407,NOT_STARTED
941411,NOT_STARTED
941519,NOT_STARTED
941543,NOT_STARTED
941617,NOT_STARTED
941629,NOT_STARTED
941821,NOT_STARTED
941825,NOT_STARTED
941841,NOT_STARTED
941881,NOT_STARTED
941885,NOT_STARTED
941933,NOT_STARTED
941947,NOT_STARTED
942017,NOT_STARTED
942145,NOT_STARTED
942203,NOT_STARTED
942227,NOT_STARTED
942271,NOT_STARTED
942323,NOT_STARTED
942377,NOT_STARTED
942403,NOT_STARTED
942409,NOT_STARTED
942481,NOT_STARTED
942677,NOT_STARTED
942769,NOT_STARTED
942791,NOT_STARTED
942817,NOT_STARTED
942829,NOT_STARTED
942923,NOT_STARTED
942949,NOT_STARTED
942985,NOT_STARTED
943099,NOT_STARTED
943189,NOT_STARTED
943199,NOT_STARTED
943253,NOT_STARTED
943373,NOT_STARTED
943433,NOT_STARTED
943451,NOT_STARTED
943453,NOT_STARTED
943457,NOT_STARTED
943481,NOT_STARTED
943487,NOT_STARTED
943517,NOT_STARTED
943549,NOT_STARTED
943607,NOT_STARTED
943615,NOT_STARTED
943617,NOT_STARTED
943619,NOT_STARTED
943669,NOT_STARTED
943675,NOT_STARTED
943703,NOT_STARTED
943819,NOT_STARTED
943883,NOT_STARTED
943889,NOT_STARTED
943931,NOT_STARTED
943933,NOT_STARTED
943937,NOT_STARTED
943961,NOT_STARTED
944045,NOT_STARTED
944077,NOT_STARTED
944099,NOT_STARTED
944161,NOT_STARTED
944197,NOT_STARTED
944209,NOT_STARTED
944311,NOT_STARTED
944331,NOT_STARTED
944339,NOT_STARTED
944497,NOT_STARTED
944569,NOT_STARTED
944621,NOT_STARTED
944629,NOT_STARTED
944659,NOT_STARTED
944731,NOT_STARTED
944743,NOT_STARTED
944749,NOT_STARTED
944803,NOT_STARTED
944809,NOT_STARTED
944843,NOT_STARTED
944873,NOT_STARTED
944899,NOT_STARTED
944903,NOT_STARTED
944905,NOT_STARTED
944911,NOT_STARTED
944929,NOT_STARTED
944987,NOT_STARTED
944989,NOT_STARTED
945001,NOT_STARTED
945007,NOT_STARTED
945041,NOT_STARTED
945103,NOT_STARTED
945109,NOT_STARTED
945121,NOT_STARTED
945181,NOT_STARTED
945187,NOT_STARTED
945191,NOT_STARTED
945233,NOT_STARTED
945239,NOT_STARTED
945241,NOT_STARTED
945257,NOT_STARTED
945319,NOT_STARTED
945409,NOT_STARTED
945443,NOT_STARTED
945487,NOT_STARTED
945509,NOT_STARTED
945521,NOT_STARTED
945533,NOT_STARTED
945551,NOT_STARTED
945553,NOT_STARTED
945557,NOT_STARTED
945563,NOT_STARTED
945611,NOT_STARTED
945647,NOT_STARTED
945691,NOT_STARTED
945713,NOT_STARTED
945757,NOT_STARTED
945773,NOT_STARTED
945833,NOT_STARTED
945991,NOT_STARTED
946007,NOT_STARTED
946009,NOT_STARTED
946057,NOT_STARTED
946061,NOT_STARTED
946097,NOT_STARTED
946139,NOT_STARTED
946149,NOT_STARTED
946157,NOT_STARTED
946163,NOT_STARTED
946183,NOT_STARTED
946223,NOT_STARTED
946231,NOT_STARTED
946279,NOT_STARTED
946307,NOT_STARTED
946309,NOT_STARTED
946343,NOT_STARTED
946349,NOT_STARTED
946517,NOT_STARTED
946529,NOT_STARTED
946535,NOT_STARTED
946537,NOT_STARTED
946581,NOT_STARTED
946585,NOT_STARTED
946613,NOT_STARTED
946643,NOT_STARTED
946741,NOT_STARTED
946789,NOT_STARTED
946823,NOT_STARTED
946879,NOT_STARTED
946883,NOT_STARTED
946889,NOT_STARTED
946907,NOT_STARTED
946921,NOT_STARTED
946973,NOT_STARTED
946999,NOT_STARTED
947005,NOT_STARTED
947033,NOT_STARTED
947049,NOT_STARTED
947063,NOT_STARTED
947069,NOT_STARTED
947137,NOT_STARTED
947141,NOT_STARTED
947147,NOT_STARTED
947149,NOT_STARTED
947215,NOT_STARTED
947221,NOT_STARTED
947225,NOT_STARTED
947233,NOT_STARTED
947239,NOT_STARTED
947263,NOT_STARTED
947273,NOT_STARTED
947275,NOT_STARTED
947281,NOT_STARTED
947303,NOT_STARTED
947521,NOT_STARTED
947561,NOT_STARTED
947585,NOT_STARTED
947603,NOT_STARTED
947671,NOT_STARTED
947681,NOT_STARTED
947683,NOT_STARTED
947689,NOT_STARTED
947753,NOT_STARTED
947873,NOT_STARTED
947897,NOT_STARTED
947929,NOT_STARTED
947973,NOT_STARTED
947989,NOT_STARTED
948103,NOT_STARTED
948109,NOT_STARTED
948115,NOT_STARTED
948151,NOT_STARTED
948173,NOT_STARTED
948187,NOT_STARTED
948197,NOT_STARTED
948205,NOT_STARTED
948217,NOT_STARTED
948229,NOT_STARTED
948353,NOT_STARTED
948355,NOT_STARTED
948407,NOT_STARTED
948457,NOT_STARTED
948497,NOT_STARTED
948523,NOT_STARTED
948559,NOT_STARTED
948613,NOT_STARTED
948625,NOT_STARTED
948641,NOT_STARTED
948697,NOT_STARTED
948721,NOT_STARTED
948731,NOT_STARTED
948767,NOT_STARTED
948769,NOT_STARTED
948853,NOT_STARTED
948863,NOT_STARTED
949009,NOT_STARTED
949051,NOT_STARTED
949057,NOT_STARTED
949069,NOT_STARTED
949085,NOT_STARTED
949097,NOT_STARTED
949099,NOT_STARTED
949159,NOT_STARTED
949177,NOT_STARTED
949189,NOT_STARTED
949193,NOT_STARTED
949219,NOT_STARTED
949261,NOT_STARTED
949265,NOT_STARTED
949273,NOT_STARTED
949277,NOT_STARTED
949279,NOT_STARTED
949285,NOT_STARTED
949309,NOT_STARTED
949331,NOT_STARTED
949341,NOT_STARTED
949363,NOT_STARTED
949481,NOT_STARTED
949543,NOT_STARTED
949621,NOT_STARTED
949699,NOT_STARTED
949709,NOT_STARTED
949711,NOT_STARTED
949741,NOT_STARTED
949777,NOT_STARTED
949817,NOT_STARTED
949819,NOT_STARTED
949823,NOT_STARTED
949829,NOT_STARTED
949835,NOT_STARTED
949903,NOT_STARTED
949907,NOT_STARTED
950043,NOT_STARTED
950053,NOT_STARTED
950057,NOT_STARTED
950111,NOT_STARTED
950131,NOT_STARTED
950251,NOT_STARTED
950255,NOT_STARTED
950287,NOT_STARTED
950291,NOT_STARTED
950293,NOT_STARTED
950303,NOT_STARTED
950305,NOT_STARTED
950333,NOT_STARTED
950483,NOT_STARTED
950587,NOT_STARTED
950591,NOT_STARTED
950593,NOT_STARTED
950647,NOT_STARTED
950765,NOT_STARTED
950795,NOT_STARTED
950839,NOT_STARTED
950967,NOT_STARTED
951113,NOT_STARTED
951197,NOT_STARTED
951233,NOT_STARTED
951317,NOT_STARTED
951389,NOT_STARTED
951413,NOT_STARTED
951473,NOT_STARTED
951505,NOT_STARTED
951515,NOT_STARTED
951527,NOT_STARTED
951539,NOT_STARTED
951589,NOT_STARTED
951623,NOT_STARTED
951659,NOT_STARTED
951713,NOT_STARTED
951719,NOT_STARTED
951725,NOT_STARTED
951751,NOT_STARTED
951803,NOT_STARTED
951811,NOT_STARTED
951865,NOT_STARTED
951979,NOT_STARTED
952013,NOT_STARTED
952319,NOT_STARTED
952351,NOT_STARTED
952453,NOT_STARTED
952461,NOT_STARTED
952487,NOT_STARTED
952507,NOT_STARTED
952513,NOT_STARTED
952519,NOT_STARTED
952583,NOT_STARTED
952793,NOT_STARTED
952891,NOT_STARTED
952903,NOT_STARTED
953063,NOT_STARTED
953119,NOT_STARTED
953131,NOT_STARTED
953191,NOT_STARTED
953203,NOT_STARTED
953351,NOT_STARTED
953359,NOT_STARTED
953369,NOT_STARTED
953371,NOT_STARTED
953375,NOT_STARTED
953455,NOT_STARTED
953573,NOT_STARTED
953581,NOT_STARTED
953621,NOT_STARTED
953651,NOT_STARTED
953681,NOT_STARTED
953807,NOT_STARTED
953813,NOT_STARTED
953863,NOT_STARTED
953893,NOT_STARTED
953899,NOT_STARTED
953957,NOT_STARTED
954025,NOT_STARTED
954029,NOT_STARTED
954047,NOT_STARTED
954049,NOT_STARTED
954061,NOT_STARTED
954113,NOT_STARTED
954233,NOT_STARTED
954293,NOT_STARTED
954329,NOT_STARTED
954331,NOT_STARTED
954343,NOT_STARTED
954353,NOT_STARTED
954379,NOT_STARTED
954395,NOT_STARTED
954497,NOT_STARTED
954545,NOT_STARTED
954553,NOT_STARTED
954557,NOT_STARTED
954575,NOT_STARTED
954599,NOT_STARTED
954649,NOT_STARTED
954653,NOT_STARTED
954679,NOT_STARTED
954683,NOT_STARTED
954733,NOT_STARTED
954743,NOT_STARTED
954775,NOT_STARTED
954797,NOT_STARTED
954803,NOT_STARTED
954833,NOT_STARTED
954873,NOT_STARTED
954893,NOT_STARTED
954943,NOT_STARTED
954947,NOT_STARTED
954995,NOT_STARTED
955003,NOT_STARTED
955009,NOT_STARTED
955013,NOT_STARTED
955063,NOT_STARTED
955073,NOT_STARTED
955103,NOT_STARTED
955109,NOT_STARTED
955117,NOT_STARTED
955157,NOT_STARTED
955169,NOT_STARTED
955193,NOT_STARTED
955231,NOT_STARTED
955345,NOT_STARTED
955415,NOT_STARTED
955421,NOT_STARTED
955487,NOT_STARTED
955531,NOT_STARTED
955567,NOT_STARTED
955579,NOT_STARTED
955583,NOT_STARTED
955663,NOT_STARTED
955673,NOT_STARTED
955679,NOT_STARTED
955729,NOT_STARTED
955747,NOT_STARTED
955751,NOT_STARTED
955855,NOT_STARTED
955967,NOT_STARTED
955973,NOT_STARTED
956007,NOT_STARTED
956011,NOT_STARTED
956021,NOT_STARTED
956023,NOT_STARTED
956057,NOT_STARTED
956069,NOT_STARTED
956071,NOT_STARTED
956089,NOT_STARTED
956093,NOT_STARTED
956125,NOT_STARTED
956187,NOT_STARTED
956191,NOT_STARTED
956201,NOT_STARTED
956239,NOT_STARTED
956243,NOT_STARTED
956281,NOT_STARTED
956293,NOT_STARTED
956311,NOT_STARTED
956321,NOT_STARTED
956359,NOT_STARTED
956433,NOT_STARTED
956437,NOT_STARTED
956443,NOT_STARTED
956455,NOT_STARTED
956459,NOT_STARTED
956537,NOT_STARTED
956543,NOT_STARTED
956545,NOT_STARTED
956551,NOT_STARTED
956569,NOT_STARTED
956591,NOT_STARTED
956633,NOT_STARTED
956651,NOT_STARTED
956663,NOT_STARTED
956713,NOT_STARTED
956765,NOT_STARTED
956809,NOT_STARTED
956813,NOT_STARTED
956867,NOT_STARTED
956881,NOT_STARTED
956965,NOT_STARTED
957017,NOT_STARTED
957073,NOT_STARTED
957077,NOT_STARTED
957079,NOT_STARTED
957143,NOT_STARTED
957221,NOT_STARTED
957227,NOT_STARTED
957263,NOT_STARTED
957293,NOT_STARTED
957373,NOT_STARTED
957379,NOT_STARTED
957391,NOT_STARTED
957433,NOT_STARTED
957443,NOT_STARTED
957445,NOT_STARTED
957457,NOT_STARTED
957461,NOT_STARTED
957473,NOT_STARTED
957481,NOT_STARTED
957485,NOT_STARTED
957503,NOT_STARTED
957505,NOT_STARTED
957623,NOT_STARTED
957755,NOT_STARTED
957781,NOT_STARTED
957811,NOT_STARTED
957823,NOT_STARTED
957829,NOT_STARTED
957833,NOT_STARTED
957851,NOT_STARTED
957893,NOT_STARTED
957919,NOT_STARTED
957959,NOT_STARTED
958063,NOT_STARTED
958075,NOT_STARTED
958087,NOT_STARTED
958099,NOT_STARTED
958103,NOT_STARTED
958127,NOT_STARTED
958223,NOT_STARTED
958231,NOT_STARTED
958267,NOT_STARTED
958271,NOT_STARTED
958277,NOT_STARTED
958403,NOT_STARTED
958591,NOT_STARTED
958645,NOT_STARTED
958703,NOT_STARTED
958747,NOT_STARTED
958751,NOT_STARTED
958763,NOT_STARTED
958831,NOT_STARTED
958933,NOT_STARTED
958937,NOT_STARTED
958979,NOT_STARTED
958981,NOT_STARTED
959047,NOT_STARTED
959111,NOT_STARTED
959183,NOT_STARTED
959185,NOT_STARTED
959279,NOT_STARTED
959287,NOT_STARTED
959303,NOT_STARTED
959311,NOT_STARTED
959395,NOT_STARTED
959425,NOT_STARTED
959431,NOT_STARTED
959503,NOT_STARTED
959507,NOT_STARTED
959515,NOT_STARTED
959519,NOT_STARTED
959533,NOT_STARTED
959539,NOT_STARTED
959543,NOT_STARTED
959567,NOT_STARTED
959579,NOT_STARTED
959633,NOT_STARTED
959695,NOT_STARTED
959701,NOT_STARTED
959783,NOT_STARTED
959813,NOT_STARTED
959849,NOT_STARTED
959891,NOT_STARTED
959957,NOT_STARTED
959983,NOT_STARTED
960031,NOT_STARTED
960059,NOT_STARTED
960091,NOT_STARTED
960151,NOT_STARTED
960231,NOT_STARTED
960239,NOT_STARTED
960305,NOT_STARTED
960397,NOT_STARTED
960419,NOT_STARTED
960423,NOT_STARTED
960447,NOT_STARTED
960475,NOT_STARTED
960499,NOT_STARTED
960503,NOT_STARTED
960533,NOT_STARTED
960623,NOT_STARTED
960717,NOT_STARTED
960739,NOT_STARTED
960749,NOT_STARTED
960773,NOT_STARTED
960871,NOT_STARTED
961073,NOT_STARTED
961161,NOT_STARTED
961163,NOT_STARTED
961207,NOT_STARTED
961213,NOT_STARTED
961219,NOT_STARTED
961221,NOT_STARTED
961231,NOT_STARTED
961249,NOT_STARTED
961259,NOT_STARTED
961321,NOT_STARTED
961343,NOT_STARTED
961351,NOT_STARTED
961373,NOT_STARTED
961403,NOT_STARTED
961429,NOT_STARTED
961465,NOT_STARTED
961567,NOT_STARTED
961709,NOT_STARTED
961789,NOT_STARTED
961819,NOT_STARTED
961879,NOT_STARTED
961883,NOT_STARTED
961885,NOT_STARTED
961889,NOT_STARTED
961907,NOT_STARTED
961909,NOT_STARTED
961913,NOT_STARTED
961943,NOT_STARTED
962021,NOT_STARTED
962057,NOT_STARTED
962063,NOT_STARTED
962077,NOT_STARTED
962089,NOT_STARTED
962099,NOT_STARTED
962143,NOT_STARTED
962267,NOT_STARTED
962269,NOT_STARTED
962311,NOT_STARTED
962317,NOT_STARTED
962321,NOT_STARTED
962377,NOT_STARTED
962381,NOT_STARTED
962389,NOT_STARTED
962393,NOT_STARTED
962441,NOT_STARTED
962479,NOT_STARTED
962509,NOT_STARTED
962513,NOT_STARTED
962519,NOT_STARTED
962569,NOT_STARTED
962573,NOT_STARTED
962627,NOT_STARTED
962693,NOT_STARTED
962695,NOT_STARTED
962719,NOT_STARTED
962749,NOT_STARTED
962841,NOT_STARTED
962873,NOT_STARTED
962885,NOT_STARTED
962921,NOT_STARTED
962941,NOT_STARTED
963019,NOT_STARTED
963049,NOT_STARTED
963053,NOT_STARTED
963059,NOT_STARTED
963061,NOT_STARTED
963263,NOT_STARTED
963353,NOT_STARTED
963367,NOT_STARTED
963379,NOT_STARTED
963427,NOT_STARTED
963437,NOT_STARTED
963463,NOT_STARTED
963467,NOT_STARTED
963503,NOT_STARTED
963523,NOT_STARTED
963533,NOT_STARTED
963541,NOT_STARTED
963671,NOT_STARTED
963901,NOT_STARTED
963923,NOT_STARTED
963929,NOT_STARTED
963947,NOT_STARTED
963949,NOT_STARTED
963955,NOT_STARTED
964009,NOT_STARTED
964099,NOT_STARTED
964105,NOT_STARTED
964111,NOT_STARTED
964133,NOT_STARTED
964231,NOT_STARTED
964309,NOT_STARTED
964315,NOT_STARTED
964339,NOT_STARTED
964375,NOT_STARTED
964399,NOT_STARTED
964427,NOT_STARTED
964441,NOT_STARTED
964451,NOT_STARTED
964537,NOT_STARTED
964591,NOT_STARTED
964609,NOT_STARTED
964619,NOT_STARTED
964759,NOT_STARTED
964763,NOT_STARTED
964835,NOT_STARTED
964841,NOT_STARTED
964847,NOT_STARTED
964913,NOT_STARTED
964943,NOT_STARTED
964981,NOT_STARTED
964993,NOT_STARTED
965003,NOT_STARTED
965023,NOT_STARTED
965033,NOT_STARTED
965273,NOT_STARTED
965333,NOT_STARTED
965357,NOT_STARTED
965377,NOT_STARTED
965519,NOT_STARTED
965537,NOT_STARTED
965647,NOT_STARTED
965659,NOT_STARTED
965683,NOT_STARTED
965693,NOT_STARTED
965729,NOT_STARTED
965731,NOT_STARTED
965735,NOT_STARTED
965801,NOT_STARTED
965803,NOT_STARTED
965807,NOT_STARTED
965813,NOT_STARTED
965857,NOT_STARTED
965859,NOT_STARTED
965869,NOT_STARTED
965897,NOT_STARTED
965917,NOT_STARTED
965927,NOT_STARTED
965939,NOT_STARTED
965989,NOT_STARTED
965993,NOT_STARTED
966019,NOT_STARTED
966041,NOT_STARTED
966163,NOT_STARTED
966169,NOT_STARTED
966271,NOT_STARTED
966293,NOT_STARTED
966323,NOT_STARTED
966359,NOT_STARTED
966527,NOT_STARTED
966557,NOT_STARTED
966563,NOT_STARTED
966595,NOT_STARTED
966641,NOT_STARTED
966697,NOT_STARTED
966703,NOT_STARTED
966713,NOT_STARTED
966751,NOT_STARTED
966755,NOT_STARTED
966761,NOT_STARTED
966763,NOT_STARTED
966829,NOT_STARTED
966893,NOT_STARTED
966937,NOT_STARTED
966973,NOT_STARTED
966977,NOT_STARTED
967021,NOT_STARTED
967061,NOT_STARTED
967069,NOT_STARTED
967081,NOT_STARTED
967111,NOT_STARTED
967141,NOT_STARTED
967151,NOT_STARTED
967217,NOT_STARTED
967261,NOT_STARTED
967297,NOT_STARTED
967349,NOT_STARTED
967367,NOT_STARTED
967373,NOT_STARTED
967459,NOT_STARTED
967529,NOT_STARTED
967613,NOT_STARTED
967633,NOT_STARTED
967639,NOT_STARTED
967649,NOT_STARTED
967673,NOT_STARTED
967795,NOT_STARTED
967801,NOT_STARTED
967881,NOT_STARTED
967889,NOT_STARTED
967913,NOT_STARTED
968003,NOT_STARTED
968071,NOT_STARTED
968159,NOT_STARTED
968183,NOT_STARTED
968333,NOT_STARTED
968479,NOT_STARTED
968597,NOT_STARTED
968621,NOT_STARTED
968627,NOT_STARTED
968669,NOT_STARTED
968689,NOT_STARTED
968701,NOT_STARTED
968731,NOT_STARTED
968737,NOT_STARTED
968743,NOT_STARTED
968767,NOT_STARTED
968777,NOT_STARTED
968831,NOT_STARTED
968837,NOT_STARTED
968879,NOT_STARTED
968917,NOT_STARTED
968941,NOT_STARTED
968981,NOT_STARTED
968997,NOT_STARTED
969113,NOT_STARTED
969143,NOT_STARTED
969183,NOT_STARTED
969185,NOT_STARTED
969209,NOT_STARTED
969211,NOT_STARTED
969287,NOT_STARTED
969383,NOT_STARTED
969443,NOT_STARTED
969511,NOT_STARTED
969523,NOT_STARTED
969541,NOT_STARTED
969559,NOT_STARTED
969575,NOT_STARTED
969607,NOT_STARTED
969619,NOT_STARTED
969647,NOT_STARTED
969679,NOT_STARTED
969685,NOT_STARTED
969695,NOT_STARTED
969721,NOT_STARTED
969743,NOT_STARTED
969809,NOT_STARTED
969821,NOT_STARTED
969823,NOT_STARTED
969889,NOT_STARTED
969935,NOT_STARTED
970003,NOT_STARTED
970009,NOT_STARTED
970013,NOT_STARTED
970121,NOT_STARTED
970133,NOT_STARTED
970157,NOT_STARTED
970171,NOT_STARTED
970219,NOT_STARTED
970283,NOT_STARTED
970315,NOT_STARTED
970325,NOT_STARTED
970355,NOT_STARTED
970363,NOT_STARTED
970495,NOT_STARTED
970507,NOT_STARTED
970523,NOT_STARTED
970609,NOT_STARTED
970615,NOT_STARTED
970889,NOT_STARTED
970891,NOT_STARTED
970969,NOT_STARTED
971003,NOT_STARTED
971123,NOT_STARTED
971177,NOT_STARTED
971197,NOT_STARTED
971213,NOT_STARTED
971309,NOT_STARTED
971319,NOT_STARTED
971357,NOT_STARTED
971401,NOT_STARTED
971407,NOT_STARTED
971431,NOT_STARTED
971443,NOT_STARTED
971449,NOT_STARTED
971453,NOT_STARTED
971491,NOT_STARTED
971531,NOT_STARTED
971539,NOT_STARTED
971591,NOT_STARTED
971593,NOT_STARTED
971669,NOT_STARTED
971723,NOT_STARTED
971729,NOT_STARTED
971791,NOT_STARTED
971797,NOT_STARTED
971821,NOT_STARTED
971833,NOT_STARTED
971881,NOT_STARTED
971903,NOT_STARTED
971921,NOT_STARTED
971963,NOT_STARTED
972047,NOT_STARTED
972049,NOT_STARTED
972137,NOT_STARTED
972139,NOT_STARTED
972143,NOT_STARTED
972167,NOT_STARTED
972171,NOT_STARTED
972173,NOT_STARTED
972241,NOT_STARTED
972291,NOT_STARTED
972293,NOT_STARTED
972299,NOT_STARTED
972353,NOT_STARTED
972413,NOT_STARTED
972443,NOT_STARTED
972499,NOT_STARTED
972503,NOT_STARTED
972505,NOT_STARTED
972511,NOT_STARTED
972515,NOT_STARTED
972623,NOT_STARTED
972721,NOT_STARTED
972725,NOT_STARTED
972743,NOT_STARTED
972751,NOT_STARTED
972773,NOT_STARTED
972799,NOT_STARTED
972809,NOT_STARTED
972901,NOT_STARTED
972907,NOT_STARTED
973191,NOT_STARTED
973195,NOT_STARTED
973223,NOT_STARTED
973235,NOT_STARTED
973253,NOT_STARTED
973295,NOT_STARTED
973297,NOT_STARTED
973307,NOT_STARTED
973343,NOT_STARTED
973429,NOT_STARTED
973439,NOT_STARTED
973441,NOT_STARTED
973489,NOT_STARTED
973561,NOT_STARTED
973567,NOT_STARTED
973609,NOT_STARTED
973613,NOT_STARTED
973657,NOT_STARTED
973691,NOT_STARTED
973693,NOT_STARTED
973697,NOT_STARTED
973699,NOT_STARTED
973709,NOT_STARTED
973733,NOT_STARTED
973759,NOT_STARTED
973823,NOT_STARTED
973871,NOT_STARTED
973873,NOT_STARTED
973901,NOT_STARTED
973927,NOT_STARTED
973933,NOT_STARTED
973969,NOT_STARTED
973973,NOT_STARTED
973985,NOT_STARTED
974011,NOT_STARTED
974063,NOT_STARTED
974279,NOT_STARTED
974297,NOT_STARTED
974341,NOT_STARTED
974359,NOT_STARTED
974437,NOT_STARTED
974603,NOT_STARTED
974605,NOT_STARTED
974607,NOT_STARTED
974617,NOT_STARTED
974663,NOT_STARTED
974677,NOT_STARTED
974777,NOT_STARTED
974899,NOT_STARTED
974905,NOT_STARTED
975097,NOT_STARTED
975109,NOT_STARTED
975113,NOT_STARTED
975139,NOT_STARTED
975157,NOT_STARTED
975217,NOT_STARTED
975221,NOT_STARTED
975233,NOT_STARTED
975239,NOT_STARTED
975263,NOT_STARTED
975287,NOT_STARTED
975289,NOT_STARTED
975295,NOT_STARTED
975473,NOT_STARTED
975529,NOT_STARTED
975539,NOT_STARTED
975553,NOT_STARTED
975581,NOT_STARTED
975599,NOT_STARTED
975631,NOT_STARTED
975649,NOT_STARTED
975671,NOT_STARTED
975743,NOT_STARTED
975745,NOT_STARTED
975749,NOT_STARTED
975913,NOT_STARTED
975919,NOT_STARTED
975923,NOT_STARTED
975949,NOT_STARTED
976013,NOT_STARTED
976015,NOT_STARTED
976019,NOT_STARTED
976021,NOT_STARTED
976049,NOT_STARTED
976051,NOT_STARTED
976147,NOT_STARTED
976159,NOT_STARTED
976163,NOT_STARTED
976213,NOT_STARTED
976283,NOT_STARTED
976313,NOT_STARTED
976315,NOT_STARTED
976321,NOT_STARTED
976327,NOT_STARTED
976351,NOT_STARTED
976373,NOT_STARTED
976517,NOT_STARTED
976523,NOT_STARTED
976571,NOT_STARTED
976577,NOT_STARTED
976579,NOT_STARTED
976583,NOT_STARTED
976651,NOT_STARTED
976675,NOT_STARTED
976741,NOT_STARTED
976759,NOT_STARTED
976803,NOT_STARTED
976827,NOT_STARTED
976831,NOT_STARTED
976909,NOT_STARTED
976933,NOT_STARTED
976939,NOT_STARTED
976967,NOT_STARTED
976969,NOT_STARTED
976971,NOT_STARTED
976991,NOT_STARTED
976997,NOT_STARTED
977047,NOT_STARTED
977057,NOT_STARTED
977069,NOT_STARTED
977077,NOT_STARTED
977089,NOT_STARTED
977101,NOT_STARTED
977107,NOT_STARTED
977129,NOT_STARTED
977219,NOT_STARTED
977243,NOT_STARTED
977303,NOT_STARTED
977311,NOT_STARTED
977413,NOT_STARTED
977447,NOT_STARTED
977465,NOT_STARTED
977471,NOT_STARTED
977521,NOT_STARTED
977539,NOT_STARTED
977541,NOT_STARTED
977573,NOT_STARTED
977611,NOT_STARTED
977629,NOT_STARTED
977633,NOT_STARTED
977643,NOT_STARTED
977705,NOT_STARTED
977723,NOT_STARTED
977773,NOT_STARTED
977831,NOT_STARTED
977843,NOT_STARTED
977863,NOT_STARTED
977869,NOT_STARTED
977903,NOT_STARTED
977917,NOT_STARTED
977927,NOT_STARTED
977929,NOT_STARTED
977957,NOT_STARTED
978129,NOT_STARTED
978181,NOT_STARTED
978303,NOT_STARTED
978323,NOT_STARTED
978359,NOT_STARTED
978365,NOT_STARTED
978493,NOT_STARTED
978521,NOT_STARTED
978569,NOT_STARTED
978619,NOT_STARTED
978647,NOT_STARTED
978759,NOT_STARTED
978773,NOT_STARTED
978871,NOT_STARTED
978889,NOT_STARTED
978917,NOT_STARTED
978947,NOT_STARTED
978973,NOT_STARTED
978979,NOT_STARTED
979043,NOT_STARTED
979073,NOT_STARTED
979133,NOT_STARTED
979351,NOT_STARTED
979383,NOT_STARTED
979493,NOT_STARTED
979553,NOT_STARTED
979573,NOT_STARTED
979603,NOT_STARTED
979613,NOT_STARTED
979623,NOT_STARTED
979631,NOT_STARTED
979651,NOT_STARTED
979673,NOT_STARTED
979697,NOT_STARTED
979717,NOT_STARTED
979721,NOT_STARTED
979729,NOT_STARTED
979769,NOT_STARTED
979833,NOT_STARTED
979927,NOT_STARTED
979949,NOT_STARTED
979969,NOT_STARTED
979973,NOT_STARTED
979981,NOT_STARTED
979999,NOT_STARTED
980003,NOT_STARTED
980017,NOT_STARTED
980081,NOT_STARTED
980087,NOT_STARTED
980219,NOT_STARTED
980263,NOT_STARTED
980341,NOT_STARTED
980349,NOT_STARTED
980383,NOT_STARTED
980513,NOT_STARTED
980527,NOT_STARTED
980623,NOT_STARTED
980641,NOT_STARTED
980663,NOT_STARTED
980689,NOT_STARTED
980761,NOT_STARTED
980779,NOT_STARTED
980851,NOT_STARTED
980857,NOT_STARTED
980867,NOT_STARTED
980869,NOT_STARTED
980971,NOT_STARTED
980981,NOT_STARTED
981025,NOT_STARTED
981091,NOT_STARTED
981319,NOT_STARTED
981325,NOT_STARTED
981331,NOT_STARTED
981349,NOT_STARTED
981397,NOT_STARTED
981487,NOT_STARTED
981499,NOT_STARTED
981529,NOT_STARTED
981531,NOT_STARTED
981539,NOT_STARTED
981601,NOT_STARTED
981769,NOT_STARTED
981773,NOT_STARTED
981775,NOT_STARTED
981895,NOT_STARTED
981965,NOT_STARTED
981983,NOT_STARTED
982021,NOT_STARTED
982069,NOT_STARTED
982111,NOT_STARTED
982141,NOT_STARTED
982157,NOT_STARTED
982193,NOT_STARTED
982217,NOT_STARTED
982231,NOT_STARTED
982235,NOT_STARTED
982253,NOT_STARTED
982273,NOT_STARTED
982369,NOT_STARTED
982381,NOT_STARTED
982405,NOT_STARTED
982411,NOT_STARTED
982417,NOT_STARTED
982429,NOT_STARTED
982433,NOT_STARTED
982435,NOT_STARTED
982447,NOT_STARTED
982459,NOT_STARTED
982471,NOT_STARTED
982503,NOT_STARTED
982535,NOT_STARTED
982667,NOT_STARTED
982711,NOT_STARTED
982721,NOT_STARTED
982819,NOT_STARTED
982879,NOT_STARTED
982881,NOT_STARTED
982889,NOT_STARTED
982943,NOT_STARTED
982987,NOT_STARTED
982997,NOT_STARTED
983003,NOT_STARTED
983017,NOT_STARTED
983029,NOT_STARTED
983039,NOT_STARTED
983069,NOT_STARTED
983083,NOT_STARTED
983089,NOT_STARTED
983095,NOT_STARTED
983101,NOT_STARTED
983377,NOT_STARTED
983461,NOT_STARTED
983491,NOT_STARTED
983539,NOT_STARTED
983561,NOT_STARTED
983611,NOT_STARTED
983623,NOT_STARTED
983641,NOT_STARTED
983669,NOT_STARTED
983681,NOT_STARTED
983701,NOT_STARTED
983707,NOT_STARTED
983711,NOT_STARTED
983713,NOT_STARTED
983717,NOT_STARTED
983753,NOT_STARTED
983867,NOT_STARTED
983911,NOT_STARTED
983933,NOT_STARTED
983957,NOT_STARTED
983967,NOT_STARTED
984017,NOT_STARTED
984047,NOT_STARTED
984149,NOT_STARTED
984167,NOT_STARTED
984169,NOT_STARTED
984187,NOT_STARTED
984217,NOT_STARTED
984265,NOT_STARTED
984301,NOT_STARTED
984443,NOT_STARTED
984517,NOT_STARTED
984541,NOT_STARTED
984563,NOT_STARTED
984631,NOT_STARTED
984647,NOT_STARTED
984713,NOT_STARTED
984761,NOT_STARTED
984763,NOT_STARTED
984779,NOT_STARTED
984829,NOT_STARTED
984859,NOT_STARTED
984889,NOT_STARTED
984937,NOT_STARTED
984961,NOT_STARTED
984965,NOT_STARTED
984989,NOT_STARTED
985027,NOT_STARTED
985039,NOT_STARTED
985043,NOT_STARTED
985111,NOT_STARTED
985153,NOT_STARTED
985157,NOT_STARTED
985193,NOT_STARTED
985195,NOT_STARTED
985199,NOT_STARTED
985223,NOT_STARTED
985225,NOT_STARTED
985231,NOT_STARTED
985253,NOT_STARTED
985317,NOT_STARTED
985385,NOT_STARTED
985549,NOT_STARTED
985573,NOT_STARTED
985577,NOT_STARTED
985613,NOT_STARTED
985643,NOT_STARTED
985681,NOT_STARTED
985745,NOT_STARTED
985747,NOT_STARTED
985763,NOT_STARTED
985785,NOT_STARTED
985847,NOT_STARTED
985955,NOT_STARTED
985999,NOT_STARTED
986023,NOT_STARTED
986027,NOT_STARTED
986071,NOT_STARTED
986089,NOT_STARTED
986213,NOT_STARTED
986221,NOT_STARTED
986299,NOT_STARTED
986311,NOT_STARTED
986377,NOT_STARTED
986449,NOT_STARTED
986453,NOT_STARTED
986483,NOT_STARTED
986549,NOT_STARTED
986647,NOT_STARTED
986671,NOT_STARTED
986779,NOT_STARTED
986783,NOT_STARTED
986827,NOT_STARTED
986867,NOT_STARTED
986873,NOT_STARTED
986875,NOT_STARTED
986885,NOT_STARTED
986891,NOT_STARTED
986903,NOT_STARTED
986945,NOT_STARTED
987101,NOT_STARTED
987107,NOT_STARTED
987153,NOT_STARTED
987227,NOT_STARTED
987233,NOT_STARTED
987259,NOT_STARTED
987269,NOT_STARTED
987275,NOT_STARTED
987317,NOT_STARTED
987319,NOT_STARTED
987325,NOT_STARTED
987341,NOT_STARTED
987373,NOT_STARTED
987391,NOT_STARTED
987407,NOT_STARTED
987413,NOT_STARTED
987433,NOT_STARTED
987439,NOT_STARTED
987491,NOT_STARTED
987545,NOT_STARTED
987565,NOT_STARTED
987613,NOT_STARTED
987641,NOT_STARTED
987717,NOT_STARTED
987739,NOT_STARTED
987749,NOT_STARTED
987763,NOT_STARTED
987775,NOT_STARTED
987889,NOT_STARTED
987917,NOT_STARTED
988027,NOT_STARTED
988037,NOT_STARTED
988111,NOT_STARTED
988163,NOT_STARTED
988237,NOT_STARTED
988243,NOT_STARTED
988283,NOT_STARTED
988321,NOT_STARTED
988387,NOT_STARTED
988391,NOT_STARTED
988397,NOT_STARTED
988417,NOT_STARTED
988441,NOT_STARTED
988501,NOT_STARTED
988511,NOT_STARTED
988517,NOT_STARTED
988519,NOT_STARTED
988619,NOT_STARTED
988681,NOT_STARTED
988697,NOT_STARTED
988733,NOT_STARTED
988735,NOT_STARTED
988737,NOT_STARTED
988739,NOT_STARTED
988745,NOT_STARTED
988763,NOT_STARTED
988771,NOT_STARTED
988791,NOT_STARTED
988799,NOT_STARTED
988883,NOT_STARTED
988973,NOT_STARTED
988979,NOT_STARTED
988997,NOT_STARTED
988999,NOT_STARTED
989045,NOT_STARTED
989081,NOT_STARTED
989089,NOT_STARTED
989129,NOT_STARTED
989137,NOT_STARTED
989141,NOT_STARTED
989143,NOT_STARTED
989153,NOT_STARTED
989173,NOT_STARTED
989177,NOT_STARTED
989189,NOT_STARTED
989195,NOT_STARTED
989327,NOT_STARTED
989353,NOT_STARTED
989383,NOT_STARTED
989483,NOT_STARTED
989509,NOT_STARTED
989513,NOT_STARTED
989537,NOT_STARTED
989587,NOT_STARTED
989605,NOT_STARTED
989609,NOT_STARTED
989649,NOT_STARTED
989695,NOT_STARTED
989725,NOT_STARTED
989813,NOT_STARTED
989839,NOT_STARTED
989851,NOT_STARTED
989887,NOT_STARTED
989959,NOT_STARTED
990077,NOT_STARTED
990083,NOT_STARTED
990089,NOT_STARTED
990101,NOT_STARTED
990187,NOT_STARTED
990211,NOT_STARTED
990403,NOT_STARTED
990407,NOT_STARTED
990415,NOT_STARTED
990427,NOT_STARTED
990469,NOT_STARTED
990533,NOT_STARTED
990607,NOT_STARTED
990647,NOT_STARTED
990653,NOT_STARTED
990737,NOT_STARTED
990817,NOT_STARTED
990827,NOT_STARTED
990859,NOT_STARTED
990895,NOT_STARTED
990925,NOT_STARTED
991009,NOT_STARTED
991013,NOT_STARTED
991093,NOT_STARTED
991147,NOT_STARTED
991151,NOT_STARTED
991233,NOT_STARTED
991261,NOT_STARTED
991273,NOT_STARTED
991433,NOT_STARTED
991453,NOT_STARTED
991513,NOT_STARTED
991663,NOT_STARTED
991669,NOT_STARTED
991693,NOT_STARTED
991703,NOT_STARTED
991763,NOT_STARTED
991777,NOT_STARTED
991793,NOT_STARTED
991827,NOT_STARTED
991829,NOT_STARTED
991831,NOT_STARTED
991847,NOT_STARTED
991849,NOT_STARTED
991853,NOT_STARTED
991913,NOT_STARTED
992033,NOT_STARTED
992067,NOT_STARTED
992087,NOT_STARTED
992153,NOT_STARTED
992323,NOT_STARTED
992423,NOT_STARTED
992469,NOT_STARTED
992471,NOT_STARTED
992477,NOT_STARTED
992645,NOT_STARTED
992749,NOT_STARTED
992767,NOT_STARTED
992783,NOT_STARTED
992965,NOT_STARTED
992983,NOT_STARTED
993019,NOT_STARTED
993059,NOT_STARTED
993081,NOT_STARTED
993151,NOT_STARTED
993175,NOT_STARTED
993179,NOT_STARTED
993269,NOT_STARTED
993305,NOT_STARTED
993383,NOT_STARTED
993407,NOT_STARTED
993437,NOT_STARTED
993481,NOT_STARTED
993497,NOT_STARTED
993543,NOT_STARTED
993571,NOT_STARTED
993589,NOT_STARTED
993597,NOT_STARTED
993649,NOT_STARTED
993655,NOT_STARTED
993737,NOT_STARTED
993743,NOT_STARTED
993745,NOT_STARTED
993799,NOT_STARTED
993801,NOT_STARTED
993803,NOT_STARTED
993827,NOT_STARTED
993851,NOT_STARTED
993893,NOT_STARTED
993943,NOT_STARTED
993947,NOT_STARTED
993983,NOT_STARTED
994073,NOT_STARTED
994095,NOT_STARTED
994171,NOT_STARTED
994249,NOT_STARTED
994393,NOT_STARTED
994397,NOT_STARTED
994399,NOT_STARTED
994501,NOT_STARTED
994507,NOT_STARTED
994585,NOT_STARTED
994603,NOT_STARTED
994629,NOT_STARTED
994723,NOT_STARTED
994729,NOT_STARTED
994751,NOT_STARTED
994759,NOT_STARTED
994769,NOT_STARTED
994793,NOT_STARTED
994817,NOT_STARTED
994853,NOT_STARTED
994883,NOT_STARTED
994937,NOT_STARTED
995025,NOT_STARTED
995063,NOT_STARTED
995081,NOT_STARTED
995133,NOT_STARTED
995149,NOT_STARTED
995173,NOT_STARTED
995183,NOT_STARTED
995191,NOT_STARTED
995201,NOT_STARTED
995251,NOT_STARTED
995329,NOT_STARTED
995401,NOT_STARTED
995477,NOT_STARTED
995483,NOT_STARTED
995597,NOT_STARTED
995689,NOT_STARTED
995791,NOT_STARTED
995807,NOT_STARTED
995813,NOT_STARTED
995839,NOT_STARTED
995851,NOT_STARTED
995965,NOT_STARTED
996077,NOT_STARTED
996079,NOT_STARTED
996083,NOT_STARTED
996119,NOT_STARTED
996211,NOT_STARTED
996229,NOT_STARTED
996235,NOT_STARTED
996271,NOT_STARTED
996367,NOT_STARTED
996377,NOT_STARTED
996389,NOT_STARTED
996413,NOT_STARTED
996431,NOT_STARTED
996461,NOT_STARTED
996487,NOT_STARTED
996491,NOT_STARTED
996511,NOT_STARTED
996571,NOT_STARTED
996581,NOT_STARTED
996649,NOT_STARTED
996667,NOT_STARTED
996715,NOT_STARTED
996727,NOT_STARTED
996739,NOT_STARTED
996767,NOT_STARTED
996979,NOT_STARTED
996983,NOT_STARTED
997023,NOT_STARTED
997127,NOT_STARTED
997171,NOT_STARTED
997175,NOT_STARTED
997177,NOT_STARTED
997181,NOT_STARTED
997183,NOT_STARTED
997289,NOT_STARTED
997343,NOT_STARTED
997369,NOT_STARTED
997405,NOT_STARTED
997439,NOT_STARTED
997463,NOT_STARTED
997469,NOT_STARTED
997471,NOT_STARTED
997511,NOT_STARTED
997553,NOT_STARTED
997813,NOT_STARTED
997823,NOT_STARTED
997829,NOT_STARTED
997859,NOT_STARTED
997897,NOT_STARTED
997913,NOT_STARTED
997915,NOT_STARTED
998033,NOT_STARTED
998167,NOT_STARTED
998177,NOT_STARTED
998219,NOT_STARTED
998311,NOT_STARTED
998329,NOT_STARTED
998331,NOT_STARTED
998353,NOT_STARTED
998363,NOT_STARTED
998471,NOT_STARTED
998473,NOT_STARTED
998513,NOT_STARTED
998567,NOT_STARTED
998583,NOT_STARTED
998689,NOT_STARTED
998695,NOT_STARTED
998723,NOT_STARTED
998759,NOT_STARTED
998761,NOT_STARTED
998785,NOT_STARTED
998789,NOT_STARTED
998795,NOT_STARTED
998863,NOT_STARTED
998867,NOT_STARTED
998897,NOT_STARTED
998971,NOT_STARTED
998989,NOT_STARTED
998993,NOT_STARTED
999029,NOT_STARTED
999049,NOT_STARTED
999239,NOT_STARTED
999241,NOT_STARTED
999331,NOT_STARTED
999455,NOT_STARTED
999463,NOT_STARTED
999507,NOT_STARTED
999565,NOT_STARTED
999569,NOT_STARTED
999633,NOT_STARTED
999641,NOT_STARTED
999697,NOT_STARTED
999703,NOT_STARTED
999773,NOT_STARTED
999785,NOT_STARTED
999791,NOT_STARTED
999811,NOT_STARTED
999823,NOT_STARTED
999827,NOT_STARTED
999829,NOT_STARTED
999835,NOT_STARTED
999889,NOT_STARTED
999893,NOT_STARTED
999935,NOT_STARTED
999961,NOT_STARTED
999965,NOT_STARTED
